Order_ID,Order_Date,Customer_Name,Product_Name,Quantity,Unit_Price,Discount_Percent,Total_Sales,Shipping_Cost,Profit,Profit_Margin,Revenue_Per_Unit,Shipping_Cost_Ratio,High_Value_Order,Order_Size,Price_Category,Discount_Band,Profit_Category,Year,Month,Quarter,Weekend_Order,Customer_Segment_Corporate,Customer_Segment_Home Office,Region_Europe,Region_Middle East & Africa,Region_North America,Region_South America,Country_Australia,Country_Brazil,Country_Canada,Country_China,Country_Colombia,Country_France,Country_Germany,Country_India,Country_Italy,Country_Japan,Country_Mexico,Country_Nigeria,Country_Saudi Arabia,Country_South Africa,Country_South Korea,Country_Spain,Country_UAE,Country_United Kingdom,Country_United States,Product_Category_Furniture,Product_Category_Office Supplies,Product_Category_Technology,Payment_Method_Cash on Delivery,Payment_Method_Credit Card,Payment_Method_PayPal,Day_of_Week_Monday,Day_of_Week_Saturday,Day_of_Week_Sunday,Day_of_Week_Thursday,Day_of_Week_Tuesday,Day_of_Week_Wednesday
ORD-11121,2023-01-02,Karen Suzuki,Wireless Bluetooth Headphones,-0.2061890397306598,0.32917291340996657,-1.180873133858159,0.14643677413542613,-0.6878972931073224,0.3306972957157637,0.7827748953876517,0.4478491771227893,-0.6227812249165242,1,2,1,1,0,2023,1,1,0,1,0,0,0,1,0,0,0,0,0,0,0,0,0,0,0,0,0,0,0,0,0,0,0,1,0,0,1,1,0,0,1,0,0,0,0,0
ORD-11244,2023-01-02,John Johansson,Mechanical Gaming Keyboard,0.16365677144541152,0.31025529953518216,1.5741531335274555,0.1858889773576456,0.269611494332021,0.03041925601944431,0.2386028114409537,0.15731090652076496,-0.5749190050101166,1,1,1,0,0,2023,1,1,0,1,0,1,0,0,0,0,0,0,0,0,0,0,0,0,0,0,0,0,0,0,1,0,0,0,0,0,1,1,0,0,1,0,0,0,0,0
ORD-10325,2023-01-03,Jessica Garcia,Binder Clips Assorted 48pc,-0.5760348509067311,-0.7893625362931206,-1.180873133858159,-0.5772719318912529,-0.9157843845178864,-0.5507241752862896,-0.10150474102573252,-0.773954484313604,0.5219510415346585,0,2,0,1,1,2023,1,1,0,0,0,0,0,1,0,0,0,0,0,0,0,0,0,0,0,1,0,0,0,0,0,0,0,0,0,1,0,0,1,0,0,0,0,0,1,0
ORD-10467,2023-01-03,Clara Taylor,Webcam HD 1080p,-0.5760348509067311,-0.1446502554404674,0.8853965666810519,-0.35849390898632716,-0.404474692025277,-0.38618925910402063,0.17953149969673982,-0.19756182229422542,-0.38710105241186893,0,2,2,0,2,2023,1,1,0,1,0,1,0,0,0,0,0,0,0,0,0,0,0,1,0,0,0,0,0,0,0,0,0,0,0,0,1,0,0,1,0,0,0,0,1,0
ORD-11454,2023-01-05,Felix Thomas,Standing Desk Converter,0.16365677144541152,3.2455122683467335,1.5741531335274555,2.133034296892451,-0.3470241647789163,1.26512183958431,0.140866641100527,2.7224235658899887,-0.6911086698863612,1,1,1,0,0,2023,1,1,0,0,0,1,0,0,0,0,0,0,0,0,0,0,0,1,0,0,0,0,0,0,0,0,0,0,1,0,0,0,1,0,0,0,0,1,0,0
ORD-11746,2023-01-05,Fatima Suzuki,Bookshelf 5-Tier,-0.9458806620828024,-0.1437674334596441,0.19663999983464828,-0.4877005281541263,-1.344748321290712,-0.48521557631137824,0.09897971095462993,-0.15402929810729332,-0.3775286084305874,0,2,2,2,1,2023,1,1,0,0,0,0,0,1,0,0,0,0,0,0,0,0,0,0,0,1,0,0,0,0,0,0,0,0,1,0,0,0,0,1,0,0,0,1,0,0
ORD-11162,2023-01-06,Felix Rodriguez,Premium Notebook Set A5,-0.5760348509067311,-0.735258160611237,-0.4921165670117554,-0.558761554236295,-1.2087820734743253,-0.5161885653938557,0.34135109308088946,-0.725187036332041,0.03573690414060088,0,2,0,1,1,2023,1,1,0,0,1,0,0,1,0,0,0,0,0,0,0,0,0,0,0,0,0,0,0,0,0,0,0,1,0,1,0,0,0,1,0,0,0,0,0,0
ORD-11271,2023-01-06,Ayumi Ferrari,Laptop Stand Adjustable,-0.5760348509067311,-0.4971484606406172,0.19663999983464828,-0.4738438895141155,0.28301661735617184,-0.5094995630567949,-0.16773621176924508,-0.501462924687808,0.05191103362621442,0,2,3,2,1,2023,1,1,0,0,1,0,1,0,0,0,0,0,0,0,0,0,0,0,0,0,1,0,0,0,0,0,0,0,0,0,1,0,0,0,0,0,0,0,0,0
ORD-11702,2023-01-06,Thomas Smith,Standing Desk Converter,-0.5760348509067311,3.288896662832906,-0.4921165670117554,1.0262548939724911,-0.18807770606398527,1.0362416291814014,0.5350333940119181,3.450629017953668,-0.6637116750433831,1,2,1,1,0,2023,1,1,0,0,0,0,0,0,0,0,0,0,1,0,0,0,0,0,0,0,0,0,0,0,0,0,0,0,1,0,0,0,0,0,0,0,0,0,0,0
ORD-10847,2023-01-07,Ali Rodriguez,Folding Table Portable,-0.9458806620828024,-0.18362054002252326,-0.4921165670117554,-0.48746522674325815,-0.1670125127403198,-0.5154614999224362,-0.16881023561913985,-0.15278944773488076,-0.014435905692322927,0,2,2,1,1,2023,1,1,1,0,0,0,1,0,0,0,0,0,0,0,0,0,0,0,0,0,0,1,0,0,0,0,0,0,1,0,0,0,1,0,0,1,0,0,0,0
ORD-10446,2023-01-08,Raj Martinez,Leather Wallet Minimalist,-0.5760348509067311,-0.43408974772466913,0.8853965666810519,-0.4604839982970484,0.25812138888274877,-0.48310708644426126,-0.013434785334359012,-0.46619606965029337,-0.014765989967539583,0,2,3,0,1,2023,1,1,1,1,0,0,0,0,1,0,0,0,0,1,0,0,0,0,0,0,0,0,0,0,0,0,0,0,0,0,0,0,1,0,0,0,1,0,0,0
ORD-11499,2023-01-08,Kenji Rossi,Paper Clips Box 500pc,-0.2061890397306598,-0.8264410594876981,0.19663999983464828,-0.5783700051419708,-0.05594149339735597,-0.5926758529872039,-1.070274253630841,-0.8252016330399925,1.2507771212129206,0,2,0,2,1,2023,1,1,1,1,0,1,0,0,0,0,0,0,0,0,0,0,0,0,0,0,0,0,0,0,1,0,0,0,0,1,0,1,0,0,0,0,1,0,0,0
ORD-10271,2023-01-09,Mary Khan,Webcam HD 1080p,-0.9458806620828024,-0.3102424355577471,0.19663999983464828,-0.5187603143887166,-0.917699402092765,-0.5124805314896155,0.014131826812940803,-0.3176895472657594,-0.11544169390860384,0,2,2,2,1,2023,1,1,0,1,0,1,0,0,0,0,0,0,0,0,0,0,0,0,0,0,0,0,0,0,0,0,1,0,0,0,1,0,1,0,1,0,0,0,0,0
ORD-11356,2023-01-12,Maria Tanaka,Travel Backpack 30L,-0.9458806620828024,-0.1746662027884587,-1.180873133858159,-0.47792244730249606,-0.2838285848079196,-0.44435449681759337,0.38610208682650604,-0.10250662707592445,-0.09200571036822493,0,2,2,1,2,2023,1,1,0,0,0,0,0,0,1,0,0,0,0,1,0,0,0,0,0,0,0,0,0,0,0,0,0,0,0,0,0,0,1,0,0,0,0,1,0,0
ORD-10793,2023-01-13,Zara Brown,Tape Dispenser Heavy Duty,-0.9458806620828024,-0.7252948839705173,-1.180873133858159,-0.5920697761747362,-0.7166225567305028,-0.5808973923502054,-0.8207427125052826,-0.7039718188485361,1.185420434720033,0,2,0,1,1,2023,1,1,0,1,0,1,0,0,0,0,0,0,0,0,0,0,0,1,0,0,0,0,0,0,0,0,0,0,0,1,0,0,0,1,0,0,0,0,0,0
ORD-11330,2023-01-13,Marco Moreau,Business Casual Blazer,-0.2061890397306598,-0.2700109767173722,2.951666267220263,-0.3483759483189985,0.0934298774431818,-0.44842606345754343,-0.13336744857261157,-0.42128593393845837,-0.32042402881811494,0,2,2,3,2,2023,1,1,0,1,0,0,0,0,0,0,0,0,0,0,0,0,0,0,1,0,0,0,0,0,0,0,0,0,0,0,0,0,0,1,0,0,0,0,0,0
ORD-11886,2023-01-13,Christopher Johansson,Corner L-Shaped Desk,-0.2061890397306598,3.5977582386952203,0.8853965666810519,1.7573102329384966,0.35195725005180445,1.2707202437142415,0.2786997018370262,3.277187726968392,-0.6726239504742315,1,2,1,0,0,2023,1,1,0,0,0,0,1,0,0,0,0,0,0,0,0,0,0,0,0,0,1,0,0,0,0,0,0,0,1,0,0,1,0,0,0,0,0,0,0,0
ORD-10339,2023-01-14,Susan Davis,Ergonomic Office Chair,-0.5760348509067311,4.710113934532544,-0.4921165670117554,1.5860369504277212,0.13173022894075542,1.5976088796645205,0.5450576166109363,4.925499916514727,-0.672954034749448,1,2,1,1,0,2023,1,1,1,0,1,0,0,0,0,1,0,0,0,0,0,0,0,0,0,0,0,0,0,0,0,0,0,0,1,0,0,1,0,0,0,1,0,0,0,0
ORD-10402,2023-01-14,Jamal Schmidt,Folding Table Portable,0.9033483937975542,0.29322944704787607,-1.180873133858159,0.8815968154910196,-0.5136306937933619,1.0334060738428645,0.6524600016004162,0.4085872486630562,-0.6676726863459823,1,1,1,1,0,2023,1,1,1,0,0,0,0,1,0,0,0,0,0,0,0,0,0,0,0,1,0,0,0,0,0,0,0,0,1,0,0,0,1,0,0,1,0,0,0,0
ORD-10560,2023-01-14,Sarah Davis,Wool Blend Scarf,-0.9458806620828024,-0.5729450335655868,-0.4921165670117554,-0.564147342085054,-0.7606679609527126,-0.5512331211162833,-0.22752353941338888,-0.556842907988905,0.3866164886958511,0,2,3,1,1,2023,1,1,1,0,1,1,0,0,0,0,0,0,0,0,0,0,0,1,0,0,0,0,0,0,0,0,0,0,0,0,0,0,0,1,0,1,0,0,0,0
ORD-10686,2023-01-15,Clara Smith,Whiteboard Markers Set 8,0.5335025826214829,-0.799830282637168,2.2629097003738594,-0.5362771971977869,1.4990527774041378,-0.6202316343540091,-1.282214960010081,-0.8195534257878905,1.1157726526493295,0,1,0,3,1,2023,1,1,1,1,0,0,0,0,1,0,0,0,0,1,0,0,0,0,0,0,0,0,0,0,0,0,0,0,0,1,0,1,0,0,0,0,1,0,0,0
ORD-11718,2023-01-15,Robert Khan,Wool Blend Scarf,-0.5760348509067311,-0.3320607502266651,0.19663999983464828,-0.4122472090690862,0.3691924082257126,-0.41200008333941857,0.24683699429014716,-0.33918028705424486,-0.14712978432939774,0,2,2,2,2,2023,1,1,1,0,0,0,0,0,1,0,0,0,0,1,0,0,0,0,0,0,0,0,0,0,0,0,0,0,0,0,0,0,1,0,0,0,1,0,0,0
ORD-10736,2023-01-17,Jennifer Russo,Smart LED Desk Lamp,-0.5760348509067311,-0.5097602032238068,-1.180873133858159,-0.4613467701368982,-1.0249403862859714,-0.41708954163935613,0.48383825716693274,-0.46853800924262834,-0.3471608551106598,0,2,3,1,2,2023,1,1,0,0,1,0,0,1,0,0,0,0,0,0,0,0,0,0,0,0,0,0,0,0,0,0,0,1,0,0,1,0,0,1,0,0,0,0,1,0
ORD-10846,2023-01-17,Yuki Costa,Sticky Notes Multicolor 6-Pack,-0.5760348509067311,-0.7809126687623835,-0.4921165670117554,-0.5767490398671016,0.45153816394549606,-0.6055449118313319,-1.3523845182032082,-0.7725768727887011,1.5976956944655711,0,2,0,1,1,2023,1,1,0,1,0,0,1,0,0,0,0,0,0,0,0,0,0,0,0,0,0,0,0,0,0,1,0,0,0,1,0,0,0,0,0,0,0,0,1,0
ORD-11128,2023-01-18,Amir Oliveira,Standing Desk Converter,0.5335025826214829,3.2823385566896466,0.19663999983464828,3.291266274988904,-0.7434328027788045,2.994956009185964,0.45519762116973794,3.2140931191278383,-0.7059624622711085,1,1,1,2,0,2023,1,1,0,0,0,0,0,1,0,0,0,0,0,0,0,0,0,0,0,1,0,0,0,0,0,0,0,0,1,0,0,0,1,0,0,0,0,0,0,1
ORD-10279,2023-01-20,Ivan Zhang,Desk Calendar 2025,1.2731942049736253,-0.791128180254767,1.5741531335274555,-0.47823618251698685,1.0260434364091024,-0.5214961433352193,-0.25151007206103937,-0.8050885047764098,0.28957171178216945,0,1,0,0,1,2023,1,1,0,0,0,0,1,0,0,0,0,0,0,0,0,0,0,0,0,0,0,0,0,0,0,1,0,0,0,1,0,0,0,0,0,0,0,0,0,0
ORD-10344,2023-01-20,Sakura Martinez,Floating Wall Shelves Set,-0.5760348509067311,-0.07503343638126075,-0.4921165670117554,-0.29872735062582756,-0.3642593229528244,-0.31464601671632614,0.29481005958544815,-0.040100824997822394,-0.44222512637304184,1,2,2,1,2,2023,1,1,0,0,1,0,0,0,0,1,0,0,0,0,0,0,0,0,0,0,0,0,0,0,0,0,0,0,1,0,0,1,0,0,0,0,0,0,0,0
ORD-10589,2023-01-20,Mary Davis,Portable External SSD 1TB,0.16365677144541152,0.604361136575164,-1.180873133858159,0.6345826232819209,1.077748910930827,0.8745422683376689,0.7577143388901063,0.7484440118566048,-0.599675325651362,1,1,1,1,0,2023,1,1,0,0,0,0,0,0,1,0,0,0,0,0,0,0,0,0,0,0,0,0,0,0,0,0,0,0,0,0,1,0,0,1,0,0,0,0,0,0
ORD-11029,2023-01-20,Karen Rossi,Whiteboard Markers Set 8,0.16365677144541152,-0.6735867393794399,-1.180873133858159,-0.4251103528632094,0.5951644820613979,-0.37535598357986766,0.5328853463121285,-0.6474897463275167,-0.06262820987394715,0,1,3,1,2,2023,1,1,0,0,1,0,0,0,0,0,0,0,0,0,0,0,0,0,1,0,0,0,0,0,0,0,0,0,0,1,0,1,0,0,0,0,0,0,0,0
ORD-11026,2023-01-22,Chen Singh,Smart LED Desk Lamp,-0.2061890397306598,-0.4836538960766043,-0.4921165670117554,-0.37279500584686664,0.3385521270276536,-0.37906401748410795,0.263663367938499,-0.464129652362939,-0.2398834656652635,0,2,3,1,2,2023,1,1,1,0,0,0,0,0,0,0,0,0,1,0,0,0,0,0,0,0,0,0,0,0,0,0,0,0,0,0,1,0,1,0,0,0,1,0,0,0
ORD-10968,2023-01-23,Wei Müller,Floating Wall Shelves Set,0.16365677144541152,-0.4559080623935871,-0.4921165670117554,-0.26405960942459294,-0.11913707336835265,-0.2883989531980764,0.29122998008579876,-0.4353375714924681,-0.4389242836208758,1,1,3,1,2,2023,1,1,0,0,0,0,0,1,0,0,0,1,0,0,0,0,0,0,0,0,0,0,0,0,0,0,0,0,1,0,0,0,1,0,1,0,0,0,0,0
ORD-11723,2023-01-23,Raj Costa,Stapler Full-Size,-0.9458806620828024,-0.8171083699761378,0.8853965666810519,-0.6144495548084141,-0.9445096481410665,-0.6106343701312695,-2.9601982214957214,-0.8218953653802255,2.8978976545437747,0,2,0,0,1,2023,1,1,0,0,0,1,0,0,0,0,0,0,0,0,0,0,0,0,0,0,0,0,0,0,0,0,1,0,0,1,0,0,1,0,1,0,0,0,0,0
ORD-10408,2023-01-24,Hanna Sato,Paper Clips Box 500pc,-0.5760348509067311,-0.8172344874019696,-0.4921165670117554,-0.5910501367276411,-0.6898123106822011,-0.5831512953116064,-0.8866161752988302,-0.8103234285710409,1.1679259681335528,0,2,0,1,1,2023,1,1,0,0,0,1,0,0,0,0,0,0,0,0,0,1,0,0,0,0,0,0,0,0,0,0,0,0,0,1,0,0,1,0,0,0,0,0,1,0
ORD-11828,2023-01-24,Sarah Zhang,Canvas Messenger Bag,0.16365677144541152,-0.19497110834739398,1.5741531335274555,-0.14928481012337114,0.1872657386122375,-0.17359531526091215,0.3574614508293114,-0.28407582605812837,-0.4782043123716517,1,1,2,0,2,2023,1,1,0,0,1,0,1,0,0,0,0,0,0,0,0,0,0,0,0,0,0,0,1,0,0,0,0,0,0,0,0,0,0,1,0,0,0,0,1,0
ORD-11035,2023-01-25,Linda Russo,Whiteboard Markers Set 8,1.6430400161496967,-0.7304656984296252,0.19663999983464828,-0.3433561848871455,1.7231098336649437,-0.3334770124260953,0.3667696575283997,-0.730835243584143,-0.07418115950652834,0,0,0,2,2,2023,1,1,0,1,0,1,0,0,0,0,0,0,0,0,0,0,0,1,0,0,0,0,0,0,0,0,0,0,0,1,0,0,0,1,0,0,0,0,0,1
ORD-10599,2023-01-26,Chen Laurent,Mechanical Gaming Keyboard,-0.9458806620828024,1.1885370530285069,-0.4921165670117554,-0.21723462866183937,-1.2815527413197154,-0.1353516714642381,0.6513859777505213,1.2711098244047698,-0.5970346514496292,1,2,1,1,2,2023,1,1,0,0,0,0,0,1,0,0,0,0,0,0,0,0,0,0,0,0,0,0,0,0,0,0,0,1,0,0,1,0,0,1,0,0,0,1,0,0
ORD-10780,2023-01-27,David Anderson,Ergonomic Office Chair,-0.5760348509067311,1.7505163025354362,-1.180873133858159,0.4757803155471552,0.3481272149020472,0.5492531764245132,0.5912406421564126,2.000417365688372,-0.6112282752839432,1,2,1,1,0,2023,1,1,0,0,0,0,1,0,0,0,0,0,0,0,0,0,0,0,0,0,0,1,0,0,0,0,0,0,1,0,0,1,0,0,0,0,0,0,0,0
ORD-10636,2023-01-28,Ayumi Tanaka,Ballpoint Pen Pack 12,0.5335025826214829,-0.8110547335362067,0.8853965666810519,-0.5332182788565014,0.9188024522158955,-0.5750808685788481,-0.6846996915186081,-0.8162471581281234,0.7985616641661729,0,1,0,0,1,2023,1,1,1,1,0,0,0,0,0,0,0,0,0,0,0,0,0,0,0,0,0,0,0,1,0,0,0,0,0,1,0,0,1,0,0,1,0,0,0,0
ORD-10694,2023-01-28,Susan Johansson,Webcam HD 1080p,-0.2061890397306598,-0.22132965034626023,-1.180873133858159,-0.19592677867767175,-0.6744921700831715,-0.09827133242183544,0.6936309158463834,-0.15347825349733216,-0.5405902403875898,1,2,2,1,0,2023,1,1,1,0,0,0,0,1,0,0,0,0,0,0,0,0,0,0,0,1,0,0,0,0,0,0,0,0,0,0,1,0,1,0,0,1,0,0,0,0
ORD-10711,2023-01-28,Mary Ferrari,Premium Notebook Set A5,0.5335025826214829,-0.7955422901588834,-1.180873133858159,-0.4994394540963242,1.1466895436264595,-0.5099358023396466,-0.06677796987913408,-0.7807047807856283,0.49092311966429786,0,1,0,1,1,2023,1,1,1,0,0,1,0,0,0,0,0,0,0,0,0,0,0,0,0,0,0,0,0,0,0,0,1,0,0,1,0,0,0,1,0,1,0,0,0,0
ORD-10383,2023-01-29,Michael Harris,Canvas Messenger Bag,-0.9458806620828024,-0.24062561649854036,-1.180873133858159,-0.4915960737340539,-0.25318830360986055,-0.4645669169230599,0.30913037758404543,-0.17455570982834676,-0.021037591196654985,0,2,2,1,2,2023,1,1,1,0,1,0,0,0,1,0,0,0,0,0,0,0,0,0,0,0,0,0,0,0,0,0,0,0,0,0,0,0,1,0,0,0,1,0,0,0
ORD-10435,2023-01-30,Priya Martin,Stapler Full-Size,0.16365677144541152,-0.7153316073297975,-0.4921165670117554,-0.4684058124629414,-0.8621638924212829,-0.3970952411753155,0.6911248601966288,-0.7045228634584972,-0.2864253484708047,0,1,0,1,2,2023,1,1,0,0,0,0,0,1,0,0,0,1,0,0,0,0,0,0,0,0,0,0,0,0,0,0,0,0,0,1,0,0,0,0,1,0,0,0,0,0
ORD-10017,2023-01-31,Kenji Nilsson,Silk Tie Collection,-0.2061890397306598,-0.6937655275125433,-1.180873133858159,-0.48973980704831654,0.0015090338490047661,-0.47161945199583066,0.2325166762915499,-0.6695315307259633,0.04960044369969819,0,2,0,1,2,2023,1,1,0,0,1,0,0,0,0,0,0,0,0,0,0,0,0,0,1,0,0,0,0,0,0,0,0,0,0,0,0,0,1,0,0,0,0,0,1,0
ORD-11220,2023-01-31,Amir Hassan,Cotton Formal Shirt,0.16365677144541152,-0.2488232491776136,-1.180873133858159,-0.07289028539485859,-0.8391836815227388,0.13991531601524504,0.9313481946230988,-0.18351018474021566,-0.594724061523113,1,1,2,1,0,2023,1,1,0,0,0,0,0,1,0,0,0,0,0,0,0,0,0,0,0,0,0,0,0,0,0,0,0,1,0,0,0,0,0,1,0,0,0,0,1,0
ORD-11237,2023-01-31,Ahmed Garcia,Corner L-Shaped Desk,0.16365677144541152,4.4885256173459025,-0.4921165670117554,3.630936933877622,-0.13445721396738217,3.702826952160145,0.5754882923579556,4.69557655300843,-0.7010111981428594,1,1,1,1,0,2023,1,1,0,0,1,0,0,0,0,0,0,0,0,0,0,0,1,0,0,0,0,0,0,0,0,0,0,0,1,0,0,0,1,0,0,0,0,0,1,0
ORD-11655,2023-01-31,Li Wang,USB-C Hub Multiport Adapter,-0.5760348509067311,-0.5591982341499101,0.19663999983464828,-0.49700800618402036,-0.03870633522344782,-0.5223686219009228,-0.19566083186650982,-0.5624911152410069,0.07765760709310958,0,2,3,2,1,2023,1,1,0,1,0,0,0,0,1,0,1,0,0,0,0,0,0,0,0,0,0,0,0,0,0,0,0,0,0,0,1,0,1,0,0,0,0,0,1,0
ORD-11858,2023-01-31,Ava Martinez,Binder Clips Assorted 48pc,-0.2061890397306598,-0.8157210782919868,-0.4921165670117554,-0.568984093308454,0.7924112922739022,-0.6071444558684551,-1.3076335244575914,-0.8086702947411575,1.5561050757882788,0,2,0,1,1,2023,1,1,0,1,0,0,1,0,0,0,0,0,0,0,0,0,0,0,0,0,1,0,0,0,0,0,0,0,0,1,0,0,1,0,0,0,0,0,1,0
ORD-10787,2023-02-01,Ahmed Clark,Tablet Stand Holder,-0.2061890397306598,-0.6733345045277761,-1.180873133858159,-0.47703353086143874,-0.8219485233488306,-0.44442720336473535,0.3792999357771723,-0.6472142240225361,-0.25077624674741145,0,2,3,1,2,2023,2,1,0,0,0,0,0,1,0,0,0,1,0,0,0,0,0,0,0,0,0,0,0,0,0,0,0,0,0,0,1,0,0,0,0,0,0,0,0,1
ORD-10950,2023-02-02,William Sharma,Webcam HD 1080p,0.9033483937975542,-0.5121564343146128,-0.4921165670117554,-0.14583372276397222,-0.5346958871170276,-0.08016740218348596,0.5966107614058865,-0.49374830014835164,-0.5468618416167054,1,1,3,1,0,2023,2,1,0,1,0,1,0,0,0,0,0,0,0,0,0,0,0,1,0,0,0,0,0,0,0,0,0,0,0,0,1,0,0,1,0,0,0,1,0,0
ORD-10374,2023-02-03,Felix Smith,Canvas Messenger Bag,3.1224232608539815,-0.6040960377460651,-0.4921165670117554,0.12450145372227679,2.0410027510948057,0.2495567891053297,0.6882607965969094,-0.5890790176716332,-0.4574090030330056,1,0,3,1,0,2023,2,1,0,1,0,0,0,0,1,0,0,0,0,1,0,0,0,0,0,0,0,0,0,0,0,0,0,0,0,0,0,0,0,0,0,0,0,0,0,0
ORD-10745,2023-02-03,Yuki Kumar,Standing Desk Converter,0.16365677144541152,2.541272562501425,0.19663999983464828,1.9532901635904234,-0.50214058834409,1.745566703098421,0.439445271371281,2.4856121447591772,-0.691438754161578,1,1,1,2,0,2023,2,1,0,1,0,0,0,1,0,0,0,1,0,0,0,0,0,0,0,0,0,0,0,0,0,0,0,0,1,0,0,0,1,0,0,0,0,0,0,0
ORD-11670,2023-02-03,Jamal Rossi,Floating Wall Shelves Set,-0.9458806620828024,-0.16609021783188976,0.8853965666810519,-0.4997270447096074,-0.39298458657600477,-0.5470888479291913,-0.42335388804420715,-0.21739942825282732,-0.025328686774470924,0,2,2,0,1,2023,2,1,0,1,0,0,0,0,0,0,0,0,0,0,0,0,0,0,0,0,0,0,0,1,0,0,0,0,1,0,0,0,0,0,0,0,0,0,0,0
ORD-11158,2023-02-04,Maria Sharma,Desk Calendar 2025,2.3827316385018396,-0.8192523662152799,0.8853965666810519,-0.44743784229447214,2.1616488583121636,-0.5100085088867887,-0.24900401641128483,-0.8239617826675798,0.3965190169523491,0,0,0,0,1,2023,2,1,1,0,1,0,0,0,0,0,0,0,0,0,0,0,0,0,1,0,0,0,0,0,0,0,0,0,0,1,0,1,0,0,0,1,0,0,0,0
ORD-11430,2023-02-04,Karen Martinez,Paper Clips Box 500pc,-0.9458806620828024,-0.8645285220889307,0.19663999983464828,-0.622188356765854,-0.20339784666301478,-0.64800553536224,-8.784271551525249,-0.8626726665173516,8.36310299930509,0,2,0,2,1,2023,2,1,1,0,1,0,0,0,1,0,0,0,0,1,0,0,0,0,0,0,0,0,0,0,0,0,0,0,0,1,0,0,0,0,0,1,0,0,0,0
ORD-11760,2023-02-04,Sakura Thomas,Webcam HD 1080p,1.2731942049736253,0.0744157132295363,0.8853965666810519,0.5990782548420441,1.3286162132399346,0.48788885063669396,0.39612630942552407,0.00591139993393474,-0.5868020389179144,1,1,2,0,0,2023,2,1,1,1,0,0,0,0,1,0,0,0,0,0,0,0,0,0,0,0,0,0,0,0,0,0,0,0,0,0,1,1,0,0,0,1,0,0,0,0
ORD-10720,2023-02-05,Hans Chen,Bookshelf 5-Tier,-0.9458806620828024,1.4579238746054373,-0.4921165670117554,-0.1641872328116847,-0.7089624864309881,-0.1637072248496048,0.41868081027331494,1.5506272028075707,-0.5564342855979869,1,2,1,1,2,2023,2,1,1,0,0,1,0,0,0,0,0,0,0,0,0,1,0,0,0,0,0,0,0,0,0,0,0,0,1,0,0,1,0,0,0,0,1,0,0,0
ORD-11218,2023-02-05,Lucas Sharma,Business Casual Blazer,2.3827316385018396,0.8244360446518226,0.8853965666810519,2.448887224081075,0.8536918546700202,2.825767873986609,0.7047291622952964,0.7022940257723572,-0.677245130327264,1,0,1,0,0,2023,2,1,1,0,0,0,0,0,1,0,1,0,0,0,0,0,0,0,0,0,0,0,0,0,0,0,0,0,0,0,0,0,1,0,0,0,1,0,0,0
ORD-10384,2023-02-07,Giulia Leroy,Sports Water Bottle 750ml,-0.9458806620828024,-0.811811438091198,-1.180873133858159,-0.6100049726031276,-0.3489391823537949,-0.6255392122953725,-3.3536489585071823,-0.7984759694568759,3.356054628544421,0,2,0,1,1,2023,2,1,0,0,0,0,0,0,0,0,0,0,1,0,0,0,0,0,0,0,0,0,0,0,0,0,0,0,0,0,0,0,0,1,0,0,0,0,1,0
ORD-11503,2023-02-07,Felix Yamamoto,Noise Cancelling Earbuds,-0.5760348509067311,1.2616851600110068,-1.180873133858159,0.27310736698609117,-0.3853245162764899,0.4777099340368187,0.7820588794877217,1.466455138636003,-0.622121056366091,1,2,1,1,0,2023,2,1,0,0,0,0,0,0,0,0,0,0,0,0,0,0,0,0,1,0,0,0,0,0,0,0,0,0,0,0,1,0,0,1,0,0,0,0,1,0
ORD-11711,2023-02-07,Layla Khan,Noise Cancelling Earbuds,-0.9458806620828024,-0.118417830867433,0.19663999983464828,-0.4829683553355566,-1.1570765989526006,-0.46471233001734386,0.2489850419899367,-0.12909452950655068,-0.33230706272591265,0,2,2,2,2,2023,2,1,0,0,1,0,0,1,0,0,0,1,0,0,0,0,0,0,0,0,0,0,0,0,0,0,0,0,0,0,1,0,0,1,0,0,0,0,1,0
ORD-10098,2023-02-08,Ava Jones,Webcam HD 1080p,-0.2061890397306598,-0.11072466789168735,0.19663999983464828,-0.17778242543961983,0.020659209597791564,-0.17941183903226948,0.4082985797243319,-0.12165542727207486,-0.47952464947251805,1,2,2,2,2,2023,2,1,0,0,0,0,0,0,0,1,0,0,0,0,0,0,0,0,0,0,0,0,0,0,0,0,0,0,0,0,1,0,1,0,0,0,0,0,0,1
ORD-10314,2023-02-08,Sakura Martin,Stapler Full-Size,0.5335025826214829,-0.7415640319028319,-0.4921165670117554,-0.4529804977504765,-0.19765279393837884,-0.3997126768724263,0.5522177756102348,-0.7317995716515749,-0.15802256541154575,0,1,0,1,2,2023,2,1,0,1,0,0,0,0,0,0,0,0,0,0,0,0,0,0,1,0,0,0,0,0,0,0,0,0,0,1,0,0,1,0,0,0,0,0,0,1
ORD-10322,2023-02-08,Maria Laurent,Paper Clips Box 500pc,-0.9458806620828024,-0.803361570560461,0.19663999983464828,-0.6107631660381471,-0.471500307146031,-0.6219038849382742,-3.2355063350187545,-0.8024710428790943,3.2491073233742416,0,2,0,2,1,2023,2,1,0,0,1,0,0,0,0,0,0,0,0,0,0,0,0,0,0,0,0,0,0,1,0,0,0,0,0,1,0,0,0,1,0,0,0,0,0,1
ORD-11507,2023-02-09,Zara Suzuki,Bookshelf 5-Tier,0.16365677144541152,0.5636252080314614,-1.180873133858159,0.6008037985217435,-0.9579147711652173,0.737926666257915,0.6556820731501004,0.7039471596022406,-0.6706434448229319,1,1,1,1,0,2023,2,1,0,0,0,0,0,1,0,0,0,1,0,0,0,0,0,0,0,0,0,0,0,0,0,0,0,0,1,0,0,0,0,0,0,0,0,1,0,0
ORD-11683,2023-02-09,Zara Costa,Folding Table Portable,2.012885827325768,0.6759958344476811,-1.180873133858159,2.3532502728637925,1.9605720129499014,2.57652983038395,0.6427937869513628,0.8266923464710904,-0.658760410915134,1,0,1,1,0,2023,2,1,0,0,0,1,0,0,0,0,0,0,0,0,0,0,0,0,0,0,0,0,0,0,0,0,1,0,1,0,0,0,0,1,0,0,0,1,0,0
ORD-10642,2023-02-10,Olga Kim,Standing Desk Converter,1.6430400161496967,2.7289352921392864,0.19663999983464828,4.820097975202627,0.6775102377811814,4.358203768097826,0.4487534780703692,2.670074327943678,-0.6996908610419931,1,0,1,2,0,2023,2,1,0,0,0,0,0,0,1,0,0,0,0,0,0,0,0,0,0,0,0,0,0,0,0,0,0,0,1,0,0,0,0,0,0,0,0,0,0,0
ORD-11011,2023-02-10,Hans Kim,Travel Backpack 30L,-0.5760348509067311,0.10405330830003183,0.8853965666810519,-0.270831061137353,-0.21105791696252935,-0.24811952608142726,0.4530495734699485,0.033325869279502825,-0.44486580057477465,1,2,2,0,2,2023,2,1,0,1,0,0,0,0,0,0,0,0,0,0,0,0,0,0,1,0,0,0,0,0,0,0,0,0,0,0,0,0,0,0,0,0,0,0,0,0
ORD-11270,2023-02-10,Isabella White,Portable External SSD 1TB,2.012885827325768,0.4874502828289962,-0.4921165670117554,1.8697320181310373,2.198034192234858,2.1762075818202855,0.6997170509957873,0.5435931781035416,-0.6415960286038707,1,0,1,1,0,2023,2,1,0,0,0,1,0,0,0,0,0,0,0,0,0,1,0,0,0,0,0,0,0,0,0,0,0,0,0,0,1,0,1,0,0,0,0,0,0,0
ORD-11659,2023-02-10,Emma Oliveira,Leather Wallet Minimalist,-0.2061890397306598,-0.3447986102356866,-1.180873133858159,-0.27271347242429783,-0.04253637037320511,-0.1682150307724067,0.7444680447414039,-0.2883464217853273,-0.4224200698600456,1,2,3,1,2,2023,2,1,0,0,0,1,0,0,0,0,0,0,0,0,0,0,0,1,0,0,0,0,0,0,0,0,0,0,0,0,0,0,1,0,0,0,0,0,0,0
ORD-10256,2023-02-11,Michael Zhang,Paper Clips Box 500pc,-0.2061890397306598,-0.8622584084239566,0.19663999983464828,-0.5984229142681751,-1.113031194730391,-0.5804611530673537,-0.8236067761050021,-0.860468488077507,1.0220287184878138,0,2,0,2,1,2023,2,1,1,0,0,0,0,1,0,0,0,1,0,0,0,0,0,0,0,0,0,0,0,0,0,0,0,0,0,1,0,1,0,0,0,1,0,0,0,0
ORD-10527,2023-02-12,Hanna Ahmed,Travel Backpack 30L,1.6430400161496967,0.08576628155440685,2.2629097003738594,0.6235496015723273,1.0088082782351944,0.4555344371585192,0.34135109308088946,-0.09396543562152633,-0.6009956627522284,1,0,2,3,0,2023,2,1,1,0,0,0,1,0,0,0,0,0,0,0,0,0,0,0,0,0,0,1,0,0,0,0,0,0,0,0,0,0,0,0,0,0,1,0,0,0
ORD-11082,2023-02-12,Patricia Müller,Wool Blend Scarf,-0.9458806620828024,-0.37531902728700545,-0.4921165670117554,-0.5252180308869858,-0.5442709749914209,-0.5081908452082395,0.1086459256036831,-0.3517165519308613,0.07666735426745973,0,2,3,1,1,2023,2,1,1,0,0,0,0,0,0,1,0,0,0,0,0,0,0,0,0,0,0,0,0,0,0,0,0,0,0,0,0,0,0,1,0,0,1,0,0,0
ORD-10473,2023-02-15,Kenji Zhang,Noise Cancelling Earbuds,-0.5760348509067311,0.8805582991470167,-0.4921165670117554,0.07767647295952329,-0.8276935760734666,0.19270026924031225,0.6778785660479264,0.9516417117797844,-0.6217909720908745,1,2,1,1,0,2023,2,1,0,1,0,0,0,1,0,0,0,0,0,0,0,0,0,0,0,0,0,0,0,0,0,0,0,1,0,0,1,0,1,0,0,0,0,0,0,1
ORD-11304,2023-02-15,Ayumi Martinez,Folding Table Portable,1.6430400161496967,0.6744824253376982,0.19663999983464828,1.7536499887694372,1.7518350972881245,1.474880228088882,0.3903981822260853,0.6503580712835173,-0.6458871241816866,1,0,1,2,0,2023,2,1,0,0,1,0,0,1,0,0,0,1,0,0,0,0,0,0,0,0,0,0,0,0,0,0,0,0,1,0,0,1,0,0,0,0,0,0,0,1
ORD-11560,2023-02-16,Ayumi Nilsson,Webcam HD 1080p,-0.9458806620828024,-0.3074678521894453,-1.180873133858159,-0.5054527123740646,-0.11147700306883772,-0.506954833906826,-0.00627462633506038,-0.24756912064820108,0.10505460193608777,0,2,2,1,1,2023,2,1,0,0,1,0,1,0,0,0,0,0,0,0,0,0,0,0,0,0,1,0,0,0,0,0,0,0,0,0,1,0,0,1,0,0,0,1,0,0
ORD-11196,2023-02-17,Mia Ali,Monitor Riser Wood,-0.5760348509067311,-0.32424146982508756,-0.4921165670117554,-0.3968741835590364,-0.8813140681700697,-0.39549569713819227,0.2740455984874821,-0.2986785082220992,-0.4230802384104788,0,2,2,1,2,2023,2,1,0,1,0,0,0,1,0,0,0,0,0,0,0,0,0,0,0,0,0,0,0,0,0,0,0,1,1,0,0,0,0,0,0,0,0,0,0,0
ORD-11355,2023-02-17,Lucas Schmidt,Wireless Bluetooth Headphones,-0.9458806620828024,2.081448427918332,0.8853965666810519,-0.10371477021858078,-0.3585142702281885,-0.13782369406706496,0.35209133157983746,1.869268748517615,-0.5462016730662721,1,2,1,0,2,2023,2,1,0,0,1,0,0,0,0,1,0,0,0,0,0,0,0,0,0,0,0,0,0,0,0,0,0,0,0,0,1,0,1,0,0,0,0,0,0,0
ORD-11569,2023-02-17,Barbara Davis,Cotton Formal Shirt,0.5335025826214829,-0.4301801075238803,0.19663999983464828,-0.17200446857274737,0.9188024522158955,-0.1359333238413738,0.5157009647138118,-0.4356130937974487,-0.3946929907418509,1,1,3,2,2,2023,2,1,0,0,0,1,0,0,0,0,0,0,0,0,0,0,0,0,0,0,0,0,0,0,0,0,1,0,0,0,0,0,1,0,0,0,0,0,0,0
ORD-10916,2023-02-18,Jessica Wang,Business Casual Blazer,-0.5760348509067311,-0.01386648485279101,1.5741531335274555,-0.3312773791292493,0.034064332621942424,-0.357542879530086,0.22070241394270704,-0.1259260229992739,-0.3521121192389089,1,2,2,0,2,2023,2,1,1,1,0,0,0,0,0,0,0,0,0,0,0,0,0,0,0,0,0,0,0,1,0,0,0,0,0,0,0,0,1,0,0,1,0,0,0,0
ORD-10837,2023-02-19,Jamal Zhang,Leather Belt Classic,-0.2061890397306598,-0.4758346156750267,-0.4921165670117554,-0.36816741143312715,0.4074927597232862,-0.33740316597176145,0.4487534780703692,-0.4560017443660118,-0.2369127071883141,0,2,3,1,2,2023,2,1,1,0,0,0,1,0,0,0,0,0,0,0,0,0,0,0,0,0,1,0,0,0,0,0,0,0,0,0,0,0,1,0,0,0,1,0,0,0
ORD-10855,2023-02-19,Felix Johansson,Sticky Notes Multicolor 6-Pack,0.5335025826214829,-0.8696993365480383,0.8853965666810519,-0.5848800108426551,-0.3106388308562213,-0.5960203541557344,-1.2063172746175153,-0.8708005745142788,1.2791643688815486,0,1,0,0,1,2023,2,1,1,0,0,0,0,1,0,0,0,1,0,0,0,0,0,0,0,0,0,0,0,0,0,0,0,0,0,1,0,0,0,1,0,0,1,0,0,0
ORD-11065,2023-02-19,Priya Wang,Silk Tie Collection,-0.5760348509067311,-0.6609749967962503,-1.180873133858159,-0.5240415238326452,-0.44086002594797197,-0.5025197345311662,0.16664321349800226,-0.6337136310784875,0.11033595033955333,0,2,3,1,1,2023,2,1,1,0,0,1,0,0,0,0,0,0,0,0,1,0,0,0,0,0,0,0,0,0,0,0,0,0,0,0,0,1,0,0,0,0,1,0,0,0
ORD-11922,2023-02-20,Sophie Park,Leather Belt Classic,0.16365677144541152,-0.23873385511106193,-0.4921165670117554,-0.09296933912227053,-1.0287704214357287,0.07964158843455522,0.8490063661311641,-0.2099603260183516,-0.6056168426052608,1,1,2,1,0,2023,2,1,0,0,0,0,0,1,0,0,0,0,0,0,0,0,0,0,0,1,0,0,0,0,0,0,0,0,0,0,0,1,0,0,1,0,0,0,0,0
ORD-10594,2023-02-21,Ayumi Khan,Smart LED Desk Lamp,1.6430400161496967,-0.005542734747885906,-1.180873133858159,0.8911134503305742,0.26195142403250604,1.2265146630519261,0.806761428035302,0.08223107841355619,-0.6448968713560368,1,0,2,1,0,2023,2,1,0,0,0,0,0,1,0,0,0,0,0,0,0,0,0,0,0,0,0,0,0,0,0,0,0,1,0,0,1,0,1,0,0,0,0,0,1,0
ORD-11419,2023-02-21,Michael Davis,Desk Organizer Set,0.9033483937975542,-0.2388599725368938,-1.180873133858159,0.21977238052265316,0.849861819520263,0.24548522246537957,0.5253671793628648,-0.17262705369348266,-0.550492768644088,1,1,2,1,0,2023,2,1,0,0,0,0,0,0,0,0,0,0,1,0,0,0,0,0,0,0,0,0,0,0,0,0,0,0,1,0,0,0,0,1,0,0,0,0,1,0
ORD-11624,2023-02-21,Felix Thompson,Ergonomic Office Chair,0.9033483937975542,5.034992423475508,-1.180873133858159,6.779505112703783,1.1849898951240332,7.529590647883238,0.6914828681465937,5.588131059993028,-0.7036518723445921,1,1,1,1,0,2023,2,1,0,0,0,0,0,1,0,0,0,1,0,0,0,0,0,0,0,0,0,0,0,0,0,0,0,0,1,0,0,0,0,1,0,0,0,0,1,0
ORD-11855,2023-02-21,Hans Johnson,Noise Cancelling Earbuds,-0.9458806620828024,0.7604945097550513,-1.180873133858159,-0.2840602293483822,-0.5672511858899653,-0.21263873107614792,0.6281154610028007,0.9189923186395853,-0.48018481802295127,1,2,1,1,2,2023,2,1,0,0,0,0,0,0,0,1,0,0,0,0,0,0,0,0,0,0,0,0,0,0,0,0,0,0,0,0,1,0,0,1,0,0,0,0,1,0
ORD-10843,2023-02-22,Jennifer Moreau,Tablet Stand Holder,-0.5760348509067311,-0.5204801844195179,-1.180873133858159,-0.4657913523421846,-0.9732349117642467,-0.4246510225421206,0.4577036768194925,-0.48024770720430304,-0.3230647030198478,0,2,3,1,2,2023,2,1,0,1,0,0,0,1,0,0,0,1,0,0,0,0,0,0,0,0,0,0,0,0,0,0,0,0,0,0,1,1,0,0,0,0,0,0,0,1
ORD-11306,2023-02-22,Mia Müller,Wireless Ergonomic Mouse,0.16365677144541152,-0.470663801215919,0.8853965666810519,-0.3133421827008579,-0.471500307146031,-0.33929353619745256,0.24182488299063806,-0.5002230743153954,-0.4442056320243415,1,1,3,0,2,2023,2,1,0,0,1,1,0,0,0,0,0,0,0,0,0,0,0,0,0,0,0,0,0,0,0,0,1,0,0,0,1,0,1,0,0,0,0,0,0,1
ORD-10392,2023-02-23,Priya Martinez,Paper Clips Box 500pc,0.16365677144541152,-0.8335036353342843,0.19663999983464828,-0.565297704538187,-0.7759881015517421,-0.5471615544763332,-0.14231764732173488,-0.832089690664507,0.3951986798514827,0,1,0,2,1,2023,2,1,0,1,0,0,0,1,0,0,0,0,0,0,0,0,0,0,0,0,0,0,0,0,0,0,0,1,0,1,0,0,1,0,0,0,0,1,0,0
ORD-11302,2023-02-23,Fatima Suzuki,Wireless Ergonomic Mouse,-0.2061890397306598,-0.15562247148784233,-1.180873133858159,-0.1550627669902436,-0.1670125127403198,-0.06635315822651239,0.6592621526497497,-0.0817046930498904,-0.5089021499667958,1,2,2,1,0,2023,2,1,0,0,1,0,0,0,1,0,1,0,0,0,0,0,0,0,0,0,0,0,0,0,0,0,0,0,0,0,1,0,1,0,0,0,0,1,0,0
ORD-11205,2023-02-24,Zara White,Binder Clips Assorted 48pc,0.9033483937975542,-0.8347648095926032,-1.180873133858159,-0.5214270637118885,-0.05977152854711326,-0.49779380896693837,0.20029596079470585,-0.8235484992101089,0.24435016607749466,0,1,0,1,1,2023,2,1,0,0,0,1,0,0,0,0,0,0,0,0,1,0,0,0,0,0,0,0,0,0,0,0,0,0,0,1,0,0,0,1,0,0,0,0,0,0
ORD-10892,2023-02-25,Felix Moreau,Sticky Notes Multicolor 6-Pack,-0.5760348509067311,-0.8231620064160687,0.8853965666810519,-0.5976124316307405,-0.471500307146031,-0.6065628034913194,-1.7590815493633718,-0.8275435726323274,1.7894746583664183,0,2,0,0,1,2023,2,1,1,0,0,1,0,0,0,0,0,0,0,0,0,0,0,0,0,0,0,0,0,0,1,0,0,0,0,1,0,0,0,0,0,1,0,0,0,0
ORD-11175,2023-02-25,Ethan Hassan,Travel Backpack 30L,-0.5760348509067311,-0.5248942943236343,-0.4921165670117554,-0.4759093130095133,-0.4351149732233357,-0.447335465250414,0.3477952361802582,-0.5069733707874196,-0.14349885730201511,0,2,3,1,2,2023,2,1,1,1,0,0,0,0,0,0,0,0,1,0,0,0,0,0,0,0,0,0,0,0,0,0,0,0,0,0,0,0,0,0,0,1,0,0,0,0
ORD-11598,2023-02-26,Ingrid Schmidt,Folding Table Portable,0.9033483937975542,0.11313376295992834,-1.180873133858159,0.6575898723445804,-0.09041180974517228,0.7681725898689727,0.625251397403081,0.21186432290692023,-0.6425862814295205,1,1,2,1,0,2023,2,1,1,0,0,1,0,0,0,0,0,0,0,0,0,0,0,1,0,0,0,0,0,0,0,0,0,0,1,0,0,0,0,1,0,0,1,0,0,0
ORD-10113,2023-02-27,Mia Harris,Webcam HD 1080p,-0.9458806620828024,0.05234516370895448,-1.180873133858159,-0.4308621651288743,-1.09962607170624,-0.37608304905128737,0.5636740300091126,0.14546344740659992,-0.42076964848396253,0,2,2,1,2,2023,2,1,0,0,0,0,0,1,0,0,0,0,0,0,0,0,0,0,0,0,0,0,0,0,0,0,0,1,0,0,1,0,0,1,1,0,0,0,0,0
ORD-10646,2023-02-27,Sophie Harris,Paper Clips Box 500pc,2.012885827325768,-0.8335036353342843,-1.180873133858159,-0.46307231381659764,1.1581796490757315,-0.4547515330588945,0.21139420724361885,-0.822170887685206,0.23411755354577984,0,0,0,1,2,2023,2,1,0,0,0,0,0,0,1,0,0,0,0,0,0,0,0,0,0,0,0,0,0,0,0,0,0,0,0,1,0,0,0,1,1,0,0,0,0,0
ORD-11378,2023-02-27,Michael Hassan,Ballpoint Pen Pack 12,3.1224232608539815,-0.8538085408932196,-0.4921165670117554,-0.46563448473493924,3.515566283751395,-0.5592308413018996,-0.5758652747292685,-0.8482077455058711,0.8820729857959737,0,0,0,1,1,2023,2,1,0,1,0,0,0,0,0,0,0,0,0,0,0,0,1,0,0,0,0,0,0,0,0,0,0,0,0,1,0,0,1,0,1,0,0,0,0,0
ORD-11900,2023-02-27,Oscar Jones,Silk Tie Collection,-0.5760348509067311,-0.5937544088278496,0.19663999983464828,-0.5098972945793512,-1.2700626358704434,-0.47045614724155915,0.3993483809752086,-0.5965181199061088,-0.28774568557167113,0,2,3,2,2,2023,2,1,0,0,0,0,0,1,0,0,0,1,0,0,0,0,0,0,0,0,0,0,0,0,0,0,0,0,0,0,0,0,1,0,1,0,0,0,0,0
ORD-11523,2023-03-01,Giulia Ali,Noise Cancelling Earbuds,-0.5760348509067311,0.7814300024431461,-1.180873133858159,0.07399008418925619,-0.5423559574165422,0.23450653384694267,0.7612944183897556,0.9418606699529736,-0.6029761684035281,1,2,1,1,0,2023,3,1,0,0,0,0,0,0,0,0,0,0,0,0,0,0,0,0,0,0,0,0,0,1,0,0,0,0,0,0,1,1,0,0,0,0,0,0,0,1
ORD-10233,2023-03-02,Fatima Rossi,Desk Organizer Set,-0.9458806620828024,-0.6138070795351211,-1.180873133858159,-0.5689579487072465,-0.31255384843109996,-0.5878045143286922,-0.9213429464454287,-0.5821909600471187,0.782717618955776,0,2,3,1,1,2023,3,1,0,0,0,0,0,0,0,1,0,0,0,0,0,0,0,0,0,0,0,0,0,0,0,0,0,0,1,0,0,0,1,0,0,0,0,1,0,0
ORD-10605,2023-03-02,Yuki Patel,Mechanical Gaming Keyboard,0.16365677144541152,1.1573860488480285,-0.4921165670117554,1.0068294552752686,0.4860084802933124,1.230804349333302,0.7025811145955067,1.2387359535695515,-0.64456678708082,1,1,1,1,0,2023,3,1,0,1,0,0,0,0,0,0,0,0,0,0,0,0,0,0,1,0,0,0,0,0,0,0,0,0,0,0,1,0,1,0,0,0,0,1,0,0
ORD-10907,2023-03-02,Mia Clark,Stapler Full-Size,-0.5760348509067311,-0.7788947899490732,2.2629097003738594,-0.5880435075887708,-0.9215294372425223,-0.5858414375558592,-0.951773622192448,-0.8023332817266041,0.8124252037252703,0,2,0,3,1,2023,3,1,0,0,0,1,0,0,0,0,0,0,0,0,0,0,0,1,0,0,0,0,0,0,0,0,0,0,0,1,0,1,0,0,0,0,0,1,0,0
ORD-11202,2023-03-02,Mary Smith,Mesh Back Task Chair,-0.9458806620828024,0.5068723664071082,0.19663999983464828,-0.3663111447473899,-1.063240737783545,-0.38335370376548394,0.21927038214284733,0.48559573290512903,-0.4884369249033664,0,2,1,2,2,2023,3,1,0,0,1,0,0,1,0,0,0,0,0,0,0,0,0,0,0,0,0,0,0,0,0,0,0,1,1,0,0,0,1,0,0,0,0,1,0,0
ORD-11294,2023-03-02,Ayumi Suzuki,Whiteboard Markers Set 8,0.16365677144541152,-0.8090368547228963,1.5741531335274555,-0.5566176969372745,-0.05785651097223462,-0.5756625209559838,-0.6850576994685731,-0.8207932761603031,0.6899639376199102,0,1,0,0,1,2023,3,1,0,1,0,0,0,0,0,1,0,0,0,0,0,0,0,0,0,0,0,0,0,0,0,0,0,0,0,1,0,0,0,1,0,0,0,1,0,0
ORD-11673,2023-03-02,Elizabeth Moreau,Wireless Bluetooth Headphones,-0.5760348509067311,1.6141833652111564,-1.180873133858159,0.41925568773639404,0.1566254574141785,0.6400636538048288,0.7723926648386686,1.851497559846367,-0.6132087809352428,1,2,1,1,0,2023,3,1,0,0,1,0,0,0,0,1,0,0,0,0,0,0,0,0,0,0,0,0,0,0,0,0,0,0,0,0,1,0,0,1,0,0,0,1,0,0
ORD-11217,2023-03-04,Jamal Martinez,Mechanical Gaming Keyboard,2.012885827325768,0.21327099907045388,0.19663999983464828,1.2775829453808387,1.1409444909018231,1.3520061634189593,0.583364467257184,0.1969861184379688,-0.6406057757782208,1,0,2,2,0,2023,3,1,1,0,0,0,0,1,0,0,0,1,0,0,0,0,0,0,0,0,0,0,0,0,0,0,0,0,0,0,1,0,1,0,0,1,0,0,0,0
ORD-10246,2023-03-05,Barbara Ali,Stapler Full-Size,-0.9458806620828024,-0.6906125918667458,-1.180873133858159,-0.5848800108426551,-0.5729962386146012,-0.575371694767416,-0.658565111171168,-0.666087501913706,1.0358922580469112,0,2,0,1,1,2023,3,1,1,1,0,0,0,0,0,1,0,0,0,0,0,0,0,0,0,0,0,0,0,0,0,0,0,0,0,1,0,0,1,0,0,0,1,0,0,0
ORD-11135,2023-03-06,Lucas Anderson,Polarized Sunglasses,-0.2061890397306598,-0.5518834234516601,0.19663999983464828,-0.4246920392438883,-0.3872395338513685,-0.39869478521243873,0.3864600947764709,-0.5553275353115118,-0.27586265166387336,0,2,3,2,2,2023,3,1,0,0,0,1,0,0,0,0,0,0,0,0,0,0,0,0,0,0,0,0,0,0,0,0,1,0,0,0,0,0,0,0,1,0,0,0,0,0
ORD-10620,2023-03-07,Omar Garcia,Premium Notebook Set A5,-0.9458806620828024,-0.783939486982349,1.5741531335274555,-0.6100572618055428,-0.5423559574165422,-0.6223401242211261,-3.1832371743238745,-0.7987514917618566,2.9923017572557233,0,2,0,0,1,2023,3,1,0,0,0,0,0,0,0,0,0,0,1,0,0,0,0,0,0,0,0,0,0,0,0,0,0,0,0,1,0,0,1,0,0,0,0,0,1,0
ORD-11279,2023-03-07,Clara Miller,Tape Dispenser Heavy Duty,1.6430400161496967,-0.6609749967962503,-1.180873133858159,-0.1958744894752566,1.1620096842254888,-0.04621344466818785,0.8468583184313747,-0.6337136310784875,-0.3517820349636923,1,0,3,1,0,2023,3,1,0,0,0,0,0,1,0,0,0,0,0,0,0,0,0,0,0,0,0,0,0,0,0,0,0,1,0,1,0,0,0,0,0,0,0,0,1,0
ORD-10124,2023-03-08,David Harris,Whiteboard Markers Set 8,0.5335025826214829,-0.7741023277674611,0.19663999983464828,-0.4928510145920171,0.36153233792619766,-0.48965067568703813,0.08823947245568191,-0.7738167231611138,0.18229432233677312,0,1,0,2,1,2023,3,1,0,1,0,1,0,0,0,0,0,0,0,0,0,0,0,1,0,0,0,0,0,0,0,0,0,0,0,1,0,0,1,0,0,0,0,0,0,1
ORD-10242,2023-03-08,James Chen,Folding Table Portable,-0.2061890397306598,-0.16962150575518278,1.5741531335274555,-0.257706471331154,-0.6821522403826864,-0.3842261823311875,-0.054247691630361375,-0.26203404165968175,-0.5112127398933121,1,2,2,0,2,2023,3,1,0,0,1,1,0,0,0,0,0,0,0,0,0,0,0,0,0,0,0,0,0,0,1,0,0,0,1,0,0,0,0,0,0,0,0,0,0,1
ORD-10915,2023-03-08,Ahmed Harris,Floating Wall Shelves Set,0.9033483937975542,0.3324519664815958,-1.180873133858159,0.9303826413443408,0.9781679970371353,1.0310794643343217,0.6077090078547995,0.45143096708753677,-0.6264121519439069,1,1,1,1,0,2023,3,1,0,0,0,0,0,0,1,0,1,0,0,0,0,0,0,0,0,0,0,0,0,0,0,0,0,0,1,0,0,0,1,0,0,0,0,0,0,1
ORD-11632,2023-03-08,Elizabeth Ahmed,Ergonomic Office Chair,-0.9458806620828024,3.548194090343284,-0.4921165670117554,0.2474856578026749,-0.09424184489492957,0.23479736003551058,0.47059196301823003,3.7198143099196974,-0.6042965055043944,1,2,1,1,0,2023,3,1,0,1,0,0,0,0,1,0,1,0,0,0,0,0,0,0,0,0,0,0,0,0,0,0,0,0,1,0,0,0,1,0,0,0,0,0,0,1
ORD-11184,2023-03-09,Fatima Kumar,Premium Notebook Set A5,0.16365677144541152,-0.6389044472756684,-1.180873133858159,-0.3963512915348851,0.27152651190689964,-0.3190811160919861,0.6868287647970497,-0.6096054293926866,-0.2045644482170869,0,1,3,1,2,2023,3,1,0,0,0,0,1,0,0,0,0,0,0,0,0,0,0,0,0,0,0,0,0,0,0,1,0,0,0,1,0,0,0,0,0,0,0,1,0,0
ORD-10874,2023-03-10,Mia Martin,Binder Clips Assorted 48pc,0.16365677144541152,-0.8557003022806979,-0.4921165670117554,-0.5789974755709524,-0.17275756546495574,-0.5851143720844395,-0.8955663740479536,-0.8502741627932254,1.1768382435644011,0,1,0,1,1,2023,3,1,0,1,0,0,0,1,0,0,0,1,0,0,0,0,0,0,0,0,0,0,0,0,0,0,0,0,0,1,0,1,0,0,0,0,0,0,0,0
ORD-11668,2023-03-10,Robert Robinson,Mechanical Gaming Keyboard,1.6430400161496967,0.4341026117021041,0.19663999983464828,1.394867626397987,0.3883425839744994,1.5074527612084825,0.6066349840049047,0.4140976947626679,-0.6623913379425168,1,0,1,2,0,2023,3,1,0,0,1,1,0,0,0,0,0,0,0,0,0,0,0,1,0,0,0,0,0,0,0,0,0,0,0,0,1,0,1,0,0,0,0,0,0,0
ORD-11260,2023-03-11,Liam Jones,Binder Clips Assorted 48pc,-0.9458806620828024,-0.7846961915373404,-1.180873133858159,-0.6043838833435006,-0.917699402092765,-0.5920942006100682,-1.3609767090023663,-0.7688573216714633,1.683847690297105,0,2,0,1,1,2023,3,1,1,0,0,1,0,0,0,0,0,0,0,0,0,0,0,1,0,0,0,0,0,0,0,0,0,0,0,1,0,1,0,0,0,1,0,0,0,0
ORD-10953,2023-03-12,Emma Johnson,Smart LED Desk Lamp,-0.5760348509067311,-0.5802598442638367,0.19663999983464828,-0.5048513865462906,-0.5366109046919063,-0.5118988791124798,-0.05925980292987046,-0.5831552881145506,-0.04777441748919999,0,2,3,2,1,2023,3,1,1,1,0,1,0,0,0,0,0,0,0,0,0,0,0,1,0,0,0,0,0,0,0,0,0,0,0,0,1,0,1,0,0,0,1,0,0,0
ORD-10521,2023-03-13,Mia Santos,Premium Notebook Set A5,0.5335025826214829,-0.6758568530444141,-1.180873133858159,-0.3753833213664158,0.7904962746990238,-0.3066482965307099,0.6349176120521344,-0.6499694470723419,-0.1563721440354627,0,1,3,1,2,2023,3,1,0,0,0,0,0,0,0,0,0,0,0,0,0,0,0,0,0,0,0,0,0,1,0,0,0,0,0,1,0,0,1,0,1,0,0,0,0,0
ORD-11545,2023-03-13,Susan Kim,Travel Backpack 30L,-0.2061890397306598,-0.038081030612515096,-1.180873133858159,-0.08196246201388455,0.48983851544307,0.07680603309601855,0.8110575234348814,0.046688701071061066,-0.4838157450503339,1,2,2,1,0,2023,3,1,0,0,0,0,1,0,0,0,0,0,0,0,0,0,0,0,0,0,0,0,1,0,0,0,0,0,0,0,0,0,0,1,1,0,0,0,0,0
ORD-10070,2023-03-15,Amir Khan,Portable External SSD 1TB,0.5335025826214829,0.964048035047732,0.19663999983464828,1.128637152301326,0.30216679310495864,1.2228066291476858,0.5987588091056762,0.9349726123284591,-0.6547993996125349,1,1,1,2,0,2023,3,1,0,1,0,0,1,0,0,0,0,0,0,0,0,0,0,0,0,0,1,0,0,0,0,0,0,0,0,0,1,0,0,1,0,0,0,0,0,1
ORD-11006,2023-03-15,Barbara Leroy,Mechanical Gaming Keyboard,-0.5760348509067311,-0.23192351411613957,-1.180873133858159,-0.34615365721635527,-0.7913082421507717,-0.2817826574081575,0.6087830317046944,-0.1650501903065167,-0.46236026716125467,0,2,2,1,2,2023,3,1,0,0,1,0,0,1,0,0,0,0,0,0,0,0,0,0,0,1,0,0,0,0,0,0,0,0,0,0,1,0,1,0,0,0,0,0,0,1
ORD-10744,2023-03-16,Thomas Patel,Polarized Sunglasses,0.5335025826214829,-0.15322624039703633,0.19663999983464828,0.08635648056043572,0.3366371094527749,0.2054966215372983,0.6839647011973301,-0.16339705647663313,-0.5501626843688714,1,1,2,2,0,2023,3,1,0,0,0,0,0,0,1,0,1,0,0,0,0,0,0,0,0,0,0,0,0,0,0,0,0,0,0,0,0,0,1,0,0,0,0,1,0,0
ORD-10861,2023-03-16,Isabella Martin,Binder Clips Assorted 48pc,-0.5760348509067311,-0.7408073273478405,-1.180873133858159,-0.5571405889614258,-0.12488212609298859,-0.549924403267728,-0.25043604821114457,-0.7209164406048418,0.6599262685751991,0,2,0,1,1,2023,3,1,0,0,0,0,0,0,0,0,0,0,1,0,0,0,0,0,0,0,0,0,0,0,0,0,0,0,0,1,0,0,0,1,0,0,0,1,0,0
ORD-10676,2023-03-17,Wei Chen,Mechanical Gaming Keyboard,-0.2061890397306598,1.2754319594266836,-1.180873133858159,0.7349256027165654,0.3347220918778963,1.028316615542927,0.7942311497865295,1.4814711042574447,-0.6333439217234555,1,2,1,1,0,2023,3,1,0,0,0,0,1,0,0,0,0,0,0,0,0,0,0,0,0,0,0,1,0,0,0,0,0,0,0,0,1,0,1,0,0,0,0,0,0,0
ORD-11064,2023-03-18,Karen Jackson,Polarized Sunglasses,-0.9458806620828024,-0.5609638781115566,0.8853965666810519,-0.5693239731241524,-0.40064465687551937,-0.5827877625758966,-0.8218167363551775,-0.5841196161819827,0.7295740506459027,0,2,3,0,1,2023,3,1,1,0,0,0,0,0,0,0,0,0,0,0,0,0,0,0,1,0,0,0,0,0,0,0,0,0,0,0,0,1,0,0,0,1,0,0,0,0
ORD-11786,2023-03-18,Felix Santos,Corner L-Shaped Desk,-0.2061890397306598,3.160256888484372,0.8853965666810519,1.5260350906563538,-0.6802372228078079,1.1207266369603657,0.295884083435343,2.8709300882745223,-0.6884679956846285,1,2,1,0,0,2023,3,1,1,0,1,1,0,0,0,0,0,0,0,0,0,0,0,0,0,0,0,0,0,0,0,0,1,0,1,0,0,0,0,1,0,1,0,0,0,0
ORD-10637,2023-03-19,Mia Weber,Highlighters Neon Pack 6,-0.5760348509067311,-0.7811649036140473,-1.180873133858159,-0.5738731337342692,-0.8296085936483453,-0.5487610985134566,-0.09434458202643389,-0.7650000094017352,0.5160095245807597,0,2,0,1,1,2023,3,1,1,0,0,0,0,1,0,0,0,0,0,0,0,0,0,0,0,0,0,0,0,0,0,0,0,1,0,1,0,0,0,0,0,0,1,0,0,0
ORD-10863,2023-03-21,Jessica Anderson,Floating Wall Shelves Set,0.5335025826214829,-0.11639995205412271,-0.4921165670117554,0.16259413768170294,0.8785870831434429,0.11083269715845867,0.39684232532545405,-0.08308230457479333,-0.536299144809774,1,1,2,1,0,2023,3,1,0,0,0,0,1,0,0,0,0,0,0,0,0,0,0,0,0,0,0,0,0,0,0,1,0,0,1,0,0,0,1,0,0,0,0,0,1,0
ORD-11917,2023-03-22,Fatima Li,Desk Calendar 2025,-0.5760348509067311,-0.8454847907883143,-1.180873133858159,-0.6005406269659881,-1.088135966256968,-0.5797340875959339,-0.8017682911571411,-0.8352581971717837,1.168586136683986,0,2,0,1,1,2023,3,1,0,0,0,0,0,1,0,0,0,0,0,0,0,0,0,0,0,0,0,0,0,0,0,0,0,1,0,1,0,0,0,0,0,0,0,0,0,1
ORD-10020,2023-03-23,Pierre Yamamoto,Folding Table Portable,-0.5760348509067311,0.22121639689786346,-1.180873133858159,-0.15827855293877438,0.34046714460253225,-0.15570950466398853,0.42619897722257855,0.32992563059109997,-0.45905942440908865,1,2,1,1,2,2023,3,1,0,0,0,0,1,0,0,0,0,0,0,0,0,0,0,0,0,0,0,1,0,0,0,0,0,0,1,0,0,0,1,0,0,0,0,1,0,0
ORD-11090,2023-03-23,Hanna Jones,Corner L-Shaped Desk,3.1224232608539815,3.2945719469953407,-0.4921165670117554,9.338068076078763,4.245187979780175,9.383825719644795,0.5694021572085517,3.4565527475107505,-0.695399765464177,1,0,1,1,0,2023,3,1,0,1,0,0,0,0,0,0,0,0,1,0,0,0,0,0,0,0,0,0,0,0,0,0,0,0,1,0,0,0,0,1,0,0,0,1,0,0
ORD-11712,2023-03-23,Felix Park,Floating Wall Shelves Set,0.16365677144541152,-0.05674640963563578,-1.180873133858159,0.08638262516164326,1.3171261077906626,0.07935076224598732,0.45841969271942246,0.026300050502497903,-0.488767009178583,1,1,2,1,0,2023,3,1,0,0,0,0,0,0,1,0,0,0,0,1,0,0,0,0,0,0,0,0,0,0,0,0,0,0,1,0,0,0,0,0,0,0,0,1,0,0
ORD-10887,2023-03-24,Mia Ferrari,Sports Water Bottle 750ml,-0.5760348509067311,-0.7940288810489008,-1.180873133858159,-0.5792066323806129,-0.11339202064371637,-0.5916579613272164,-1.0512998322826994,-0.7790516469557449,1.2332826546264406,0,2,0,1,1,2023,3,1,0,0,0,0,0,0,0,0,0,0,0,0,0,0,1,0,0,0,0,0,0,0,0,0,0,0,0,0,0,0,0,1,0,0,0,0,0,0
ORD-11156,2023-03-25,Omar Leroy,Cotton Formal Shirt,-0.5760348509067311,-0.25777758641167825,-1.180873133858159,-0.35687294371145795,-1.2700626358704434,-0.23859496840582975,0.8611786364299719,-0.19329122656702635,-0.5300275435806585,0,2,2,1,2,2023,3,1,1,1,0,0,0,1,0,0,0,1,0,0,0,0,0,0,0,0,0,0,0,0,0,0,0,0,0,0,0,1,0,0,0,1,0,0,0,0
ORD-11633,2023-03-25,Carlos Smith,Desk Organizer Set,2.7525774496779105,-0.5404067377009575,-1.180873133858159,0.2431456540022186,3.2666139990171663,0.1796857973019004,0.39541029352559426,-0.5020139692977691,-0.4306721767404607,1,0,3,1,0,2023,3,1,1,0,1,0,0,1,0,0,0,0,0,0,0,0,0,0,0,0,0,0,0,0,0,0,0,1,1,0,0,0,1,0,0,1,0,0,0,0
ORD-10103,2023-03-26,Barbara Russo,Silk Tie Collection,-0.2061890397306598,-0.6193562462717246,-0.4921165670117554,-0.45295435314926896,-0.7721580664019848,-0.40429318934237013,0.5192810442134611,-0.6049215502080166,-0.3016092251307685,0,2,3,1,2,2023,3,1,1,1,0,1,0,0,0,0,0,0,0,0,0,0,0,0,0,0,0,0,0,0,1,0,0,0,0,0,0,0,1,0,0,0,1,0,0,0
ORD-10132,2023-03-26,Fatima Singh,Wireless Bluetooth Headphones,0.5335025826214829,2.0950691099081764,-0.4921165670117554,2.340230261462424,0.3270620215783814,2.798139386072662,0.7448260526913687,2.211880734760969,-0.6835167315563794,1,1,1,1,0,2023,3,1,1,1,0,0,0,0,1,0,0,0,0,0,0,0,0,0,0,0,0,0,0,0,0,0,0,0,0,0,1,0,0,1,0,0,1,0,0,0
ORD-11007,2023-03-26,Olga Russo,Filing Cabinet 3-Drawer,0.16365677144541152,1.7318509235123156,-1.180873133858159,1.5695135624645387,-0.34319412962915896,1.7921715998164214,0.6682123513988731,1.9800287151198086,-0.6821963944555129,1,1,1,1,0,2023,3,1,1,0,0,0,0,0,0,1,0,0,0,0,0,0,0,0,0,0,0,0,0,0,0,0,0,0,1,0,0,0,1,0,0,0,1,0,0,0
ORD-10395,2023-03-27,Emma Pereira,Wool Blend Scarf,2.012885827325768,-0.511904199462949,0.19663999983464828,0.05989814413837728,1.196480000573305,0.14013343565667086,0.6159431907039928,-0.5159278456992885,-0.48744667207771664,1,0,3,2,0,2023,3,1,0,0,0,0,0,1,0,0,0,1,0,0,0,0,0,0,0,0,0,0,0,0,0,0,0,0,0,0,0,0,0,1,1,0,0,0,0,0
ORD-11318,2023-03-27,Thomas Chen,Business Casual Blazer,-0.2061890397306598,0.7814300024431461,0.19663999983464828,0.3215794576249214,-0.7319426973295322,0.5367476503160951,0.7856389589873711,0.7554698306336097,-0.6435765342551704,1,2,1,2,0,2023,3,1,0,0,0,1,0,0,0,0,0,0,0,0,0,0,0,0,0,0,0,0,0,0,1,0,0,0,0,0,0,0,1,0,1,0,0,0,0,0
ORD-10252,2023-03-29,Carlos Anderson,Polarized Sunglasses,0.9033483937975542,-0.53990226799763,-1.180873133858159,-0.15467059797213006,1.577568497974164,-0.06555338620795077,0.6603361764996446,-0.501462924687808,-0.34485026518414363,1,1,3,1,0,2023,3,1,0,0,1,0,1,0,0,0,0,0,0,0,0,0,0,0,0,0,0,1,0,0,0,0,0,0,0,0,0,0,1,0,0,0,0,0,0,1
ORD-10450,2023-03-29,Ayumi Johnson,Noise Cancelling Earbuds,0.16365677144541152,0.5046022527421341,0.8853965666810519,0.3740778168497173,-0.9023792614937355,0.3517821943869337,0.4709499709681952,0.40528098100328924,-0.6554595681629681,1,1,1,0,0,2023,3,1,0,0,0,0,0,1,0,0,0,0,0,0,0,0,0,0,0,1,0,0,0,0,0,0,0,0,0,0,1,0,0,1,0,0,0,0,0,1
ORD-11088,2023-03-29,Hans Santos,Premium Notebook Set A5,0.5335025826214829,-0.7826783127240301,-0.4921165670117554,-0.4934784850209987,-0.17275756546495574,-0.45998640445311606,0.364979617778575,-0.774367767771075,0.01428142625152166,0,1,0,1,2,2023,3,1,0,0,0,0,0,1,0,0,0,1,0,0,0,0,0,0,0,0,0,0,0,0,0,0,0,0,0,1,0,0,0,0,0,0,0,0,0,1
ORD-11452,2023-03-29,Thomas Oliveira,Paper Clips Box 500pc,-0.9458806620828024,-0.8533040711898919,0.8853965666810519,-0.6208288375030606,-1.3313431982665611,-0.6043089005299185,-3.449953097047749,-0.8555090865878565,3.3487927744896555,0,2,0,0,1,2023,3,1,0,1,0,0,0,1,0,0,0,0,0,0,0,0,0,0,0,0,0,0,0,0,0,0,0,1,0,1,0,0,1,0,0,0,0,0,0,1
ORD-11478,2023-03-29,Oscar Taylor,Portable External SSD 1TB,-0.9458806620828024,0.5396628971234013,0.19663999983464828,-0.36019330806481903,-0.5212907640928768,-0.3560887485872467,0.32703077508229206,0.5178318425878573,-0.40426543472313237,0,2,1,2,2,2023,3,1,0,0,1,0,0,0,0,0,0,0,1,0,0,0,0,0,0,0,0,0,0,0,0,0,0,0,0,0,1,0,1,0,0,0,0,0,0,1
ORD-11231,2023-03-30,Emma Brown,Portable External SSD 1TB,-0.9458806620828024,0.15513086576194973,-0.4921165670117554,-0.42074420446154565,-0.7740730839768635,-0.39295096798822343,0.4007804127750683,0.1987770134203425,-0.3663057430732229,0,2,2,1,2,2023,3,1,0,0,0,1,0,0,0,0,0,0,0,0,0,0,0,0,0,0,0,0,0,0,1,0,0,0,0,0,1,0,0,0,0,0,0,1,0,0
ORD-11479,2023-03-31,Susan White,Filing Cabinet 3-Drawer,-0.9458806620828024,1.5942568119297171,1.5741531335274555,-0.21566595258938534,-0.6189566604116897,-0.3573974664358021,-0.03813733388193943,1.2793754935541872,-0.5260665322780592,1,2,1,0,2,2023,3,1,0,1,0,0,0,0,0,0,0,0,0,0,0,0,0,0,1,0,0,0,0,0,0,0,0,0,1,0,0,1,0,0,0,0,0,0,0,0
ORD-10821,2023-04-01,Nadia Weber,Smart LED Desk Lamp,-0.5760348509067311,-0.4932388204398284,-1.180873133858159,-0.45449688462051546,-0.7051324512812306,-0.4206521624493125,0.41223666717394614,-0.45049129826640016,-0.28114400006733903,0,2,3,1,2,2023,4,2,1,0,0,1,0,0,0,0,0,0,0,0,0,0,0,1,0,0,0,0,0,0,0,0,0,0,0,0,1,0,0,1,0,1,0,0,0,0
ORD-11766,2023-04-01,James Anderson,Cotton Formal Shirt,-0.2061890397306598,-0.44947607367616044,2.951666267220263,-0.4264960167272105,-1.0651557553584239,-0.466457287148751,-0.02524904768320186,-0.5584960418187885,-0.41977939565831274,0,2,3,3,2,2023,4,2,1,1,0,0,0,1,0,0,0,0,0,0,0,0,0,0,0,0,0,0,0,0,0,0,0,1,0,0,0,0,0,1,0,1,0,0,0,0
ORD-11000,2023-04-02,Olga Zhang,Cotton Formal Shirt,-0.9458806620828024,-0.3842733645210701,-0.4921165670117554,-0.5269697191678928,-0.14594731941665404,-0.5255677099751693,-0.0879004389270651,-0.36094654914771085,0.25821370563659196,0,2,3,1,1,2023,4,2,1,1,0,0,1,0,0,0,0,0,0,0,0,0,0,0,0,0,0,0,1,0,0,0,0,0,0,0,0,0,0,0,0,0,1,0,0,0
ORD-11002,2023-04-02,Nadia Santos,Tablet Stand Holder,0.16365677144541152,-0.611410848444315,0.8853965666810519,-0.41253479968236945,0.4745183748440405,-0.4725646371086762,-0.10472681257541691,-0.6309584080286816,-0.12501413788988533,0,1,3,0,2,2023,4,2,1,0,0,0,0,0,1,0,0,0,0,0,0,0,0,0,0,0,0,0,0,0,0,0,0,0,0,0,1,0,0,1,0,0,1,0,0,0
ORD-11631,2023-04-02,Lucas Kim,Standing Desk Converter,0.9033483937975542,2.11789636398375,-1.180873133858159,3.151157357117549,0.3174869337039881,3.5264408687937356,0.6793105978477861,2.4017156028925903,-0.6924290069872276,1,1,1,1,0,2023,4,2,1,0,0,0,1,0,0,0,0,0,0,0,0,0,0,0,0,0,0,1,0,0,0,0,0,0,1,0,0,0,1,0,0,0,1,0,0,0
ORD-11784,2023-04-02,Hans Laurent,Floating Wall Shelves Set,-0.9458806620828024,-0.07200661816129514,-1.180873133858159,-0.45664074191953596,-0.24361321573546701,-0.4654393954887635,0.09969572685455977,0.009630951051172745,-0.15802256541154575,0,2,2,1,2,2023,4,2,1,0,0,0,1,0,0,0,0,0,0,0,0,0,0,0,0,0,0,0,1,0,0,0,0,0,1,0,0,1,0,0,0,0,1,0,0,0
ORD-10578,2023-04-03,William Nilsson,Ergonomic Office Chair,-0.9458806620828024,2.467493868389766,-1.180873133858159,0.06980694799604546,-0.8315236112232239,0.14246004516521382,0.6016228727053956,2.783589517595678,-0.6208007192652246,1,2,1,1,0,2023,4,2,0,1,0,1,0,0,0,0,0,0,0,0,0,0,0,0,0,0,0,0,0,0,1,0,0,0,1,0,0,0,1,0,1,0,0,0,0,0
ORD-10306,2023-04-04,James Sharma,Ballpoint Pen Pack 12,-0.2061890397306598,-0.8031093357087973,-0.4921165670117554,-0.5615328819642972,-0.4370299907982147,-0.5495608705320182,-0.21535126911458116,-0.7955829852545798,0.5490179521024201,0,2,0,1,1,2023,4,2,0,1,0,0,0,1,0,0,0,0,0,0,0,0,0,0,0,1,0,0,0,0,0,0,0,0,0,1,0,0,0,1,0,0,0,0,1,0
ORD-10532,2023-04-04,Ava Ferrari,Noise Cancelling Earbuds,-0.5760348509067311,0.8301113288142582,-0.4921165670117554,0.0577804314405643,-0.08083672187077871,0.14100591422237446,0.6216713179034319,0.8991547126809833,-0.5699677408818676,1,2,1,1,0,2023,4,2,0,0,1,0,0,0,1,0,0,0,0,1,0,0,0,0,0,0,0,0,0,0,0,0,0,0,0,0,1,1,0,0,0,0,0,0,1,0
ORD-10903,2023-04-04,Priya Zhang,Desk Calendar 2025,-0.5760348509067311,-0.7294567590229699,0.19663999983464828,-0.5605393871184097,-1.308362987368017,-0.5203328385809478,0.2940940436855183,-0.7298709155167109,-0.007174051637557676,0,2,0,2,1,2023,4,2,0,1,0,0,0,1,0,0,0,0,0,0,0,0,0,0,0,1,0,0,0,0,0,0,0,0,0,1,0,0,0,1,0,0,0,0,1,0
ORD-11253,2023-04-04,Richard Harris,Tablet Stand Holder,0.9033483937975542,-0.6015736892294272,0.8853965666810519,-0.2916944529009919,0.9226324873656528,-0.37099359075134974,0.06174688415827681,-0.6218661719643225,-0.2781732415903896,1,1,3,0,2,2023,4,2,0,1,0,1,0,0,0,0,0,0,0,0,1,0,0,0,0,0,0,0,0,0,0,0,0,0,0,0,1,0,1,0,0,0,0,0,1,0
ORD-11610,2023-04-04,Richard Ali,Stapler Full-Size,-0.9458806620828024,-0.7608599980551121,-0.4921165670117554,-0.6011419527937621,-1.3581534443148628,-0.5725361394288794,-0.5164359550350897,-0.7517749387626671,0.8269489118348008,0,2,0,1,1,2023,4,2,0,0,0,0,0,1,0,0,0,0,0,0,0,0,0,0,0,1,0,0,0,0,0,0,0,0,0,1,0,0,0,0,0,0,0,0,1,0
ORD-10071,2023-04-05,Richard Müller,Ergonomic Office Chair,-0.5760348509067311,2.261922464283775,-1.180873133858159,0.6878130313405285,-0.9157843845178864,0.8330995364667484,0.6578301208498901,2.559038839036503,-0.6726239504742315,1,2,1,1,0,2023,4,2,0,0,0,0,0,1,0,0,0,0,0,0,0,0,0,0,0,0,0,0,0,0,0,0,0,1,1,0,0,0,0,1,0,0,0,0,0,1
ORD-10207,2023-04-05,Diego Johansson,Wireless Ergonomic Mouse,1.6430400161496967,-0.6623622884804011,-1.180873133858159,-0.1981752143815226,1.4167070216843545,-0.180429730692257,0.45806168476945763,-0.6352290037558808,-0.3233947872950644,1,0,3,1,2,2023,4,2,0,0,0,0,0,0,0,0,0,0,0,0,0,0,0,0,1,0,0,0,0,0,0,0,0,0,0,0,1,1,0,0,0,0,0,0,0,1
ORD-11995,2023-04-05,Jamal Ferrari,Binder Clips Assorted 48pc,-0.5760348509067311,-0.7652741079592285,0.8853965666810519,-0.5772196426888377,-0.11147700306883772,-0.5936210381000494,-1.084594571629438,-0.7738167231611138,1.1656153782070364,0,2,0,0,1,2023,4,2,0,0,0,0,0,0,0,0,0,0,0,0,0,0,1,0,0,0,0,0,0,0,0,0,0,0,0,1,0,0,0,1,0,0,0,0,0,1
ORD-10176,2023-04-06,Li Pereira,Canvas Messenger Bag,-0.2061890397306598,0.12776338435642826,-1.180873133858159,0.02117798974996965,0.6066545875106698,0.21582095123145748,0.8436362468816901,0.22784461659579397,-0.5138534140950449,1,2,2,1,0,2023,4,2,0,1,0,0,0,0,0,0,0,0,0,0,0,0,1,0,0,0,0,0,0,0,0,0,0,0,0,0,0,0,1,0,0,0,0,1,0,0
ORD-11066,2023-04-07,Olga Leroy,Laptop Stand Adjustable,-0.2061890397306598,-0.19471887349573017,-0.4921165670117554,-0.20207075996145013,-0.6553419943343848,-0.14138631487702125,0.5851545070070087,-0.1642236233915749,-0.5359690605345574,1,2,2,1,2,2023,4,2,0,0,1,1,0,0,0,0,0,0,0,0,0,1,0,0,0,0,0,0,0,0,0,0,0,0,0,0,1,0,0,1,0,0,0,0,0,0
ORD-11988,2023-04-07,Michael Yamamoto,Mechanical Gaming Keyboard,-0.9458806620828024,0.7599900400517239,-1.180873133858159,-0.28416480775321246,-0.08083672187077871,-0.23117890059734922,0.5600939505094633,0.9184412740296243,-0.4174688057317965,1,2,1,1,2,2023,4,2,0,1,0,0,0,0,1,0,0,0,0,1,0,0,0,0,0,0,0,0,0,0,0,0,0,0,0,0,1,0,1,0,0,0,0,0,0,0
ORD-10274,2023-04-09,Michael Ferrari,Binder Clips Assorted 48pc,-0.9458806620828024,-0.8000825174888317,-0.4921165670117554,-0.6088546101499945,-0.38340949870161123,-0.6208132867311448,-2.9827527223435117,-0.7924144787473031,3.1018897366276357,0,2,0,1,1,2023,4,2,1,0,1,0,0,0,0,0,0,0,0,0,0,0,0,0,1,0,0,0,0,0,0,0,0,0,0,1,0,0,1,0,0,0,1,0,0,0
ORD-10840,2023-04-09,Priya Park,Tape Dispenser Heavy Duty,0.9033483937975542,-0.6995669291008105,-0.4921165670117554,-0.36727849499206994,-0.19765279393837884,-0.274293883052535,0.7501961719408426,-0.6881292863121526,-0.3408892538815444,0,1,0,1,2,2023,4,2,1,0,0,0,0,1,0,0,0,1,0,0,0,0,0,0,0,0,0,0,0,0,0,0,0,0,0,1,0,0,1,0,0,0,1,0,0,0
ORD-11333,2023-04-09,Olga Hassan,Desk Organizer Set,0.16365677144541152,-0.1829899528933638,0.19663999983464828,-0.07981860471486402,0.04172440292145701,-0.15978107130393865,0.25507117713934063,-0.19260242080457493,-0.5211152681498102,1,1,2,2,2,2023,4,2,1,1,0,0,0,0,0,0,0,0,0,0,0,0,0,0,0,0,0,0,0,1,0,0,0,0,1,0,0,0,0,1,0,0,1,0,0,0
ORD-11079,2023-04-10,Maria Schmidt,Laptop Stand Adjustable,-0.2061890397306598,-0.12522817186235538,1.5741531335274555,-0.2356142833107594,-0.12296710851810994,-0.3209714863176772,0.11365803690319218,-0.22318539665741957,-0.4597195929595218,1,2,2,0,2,2023,4,2,0,0,0,0,0,0,0,0,0,0,0,0,0,0,0,0,0,0,0,0,0,1,0,0,0,0,0,0,1,0,1,0,1,0,0,0,0,0
ORD-11868,2023-04-10,Maria Martinez,Mechanical Gaming Keyboard,-0.9458806620828024,0.7599900400517239,0.19663999983464828,-0.31909399496652274,-1.2298472667979907,-0.28469091929383616,0.4827642333170379,0.7343923743025951,-0.547852094442355,1,2,1,2,2,2023,4,2,0,0,0,0,0,1,0,0,0,0,0,0,0,0,0,0,0,1,0,0,0,0,0,0,0,0,0,0,1,0,0,1,1,0,0,0,0,0
ORD-11664,2023-04-13,Hans Fischer,Mesh Back Task Chair,-0.5760348509067311,2.1622896978765773,0.19663999983464828,0.5185005939203208,-0.5902313967885094,0.41881763085182633,0.39684232532545405,2.11296822727294,-0.652158725410802,1,2,1,2,0,2023,4,2,0,1,0,0,0,1,0,0,0,1,0,0,0,0,0,0,0,0,0,0,0,0,0,0,0,0,1,0,0,0,0,1,0,0,0,1,0,0
ORD-11912,2023-04-13,Lucas Chen,Whiteboard Markers Set 8,0.16365677144541152,-0.7496355471560733,-1.180873133858159,-0.4881711309758625,1.0260434364091024,-0.4881238381970569,0.0760672021568742,-0.7305597212791624,0.3592194938528728,0,1,0,1,1,2023,4,2,0,0,0,0,0,0,0,1,0,0,0,0,0,0,0,0,0,0,0,0,0,0,0,0,0,0,0,1,0,0,1,0,0,0,0,1,0,0
ORD-11921,2023-04-14,Priya Jones,Sticky Notes Multicolor 6-Pack,-0.5760348509067311,-0.8675553403088961,-1.180873133858159,-0.6096912373886367,0.16620054528857173,-0.6413892395723211,-4.178499275226388,-0.8593663988575847,4.279960514875697,0,2,0,1,1,2023,4,2,0,0,0,0,1,0,0,0,0,0,0,0,0,0,0,0,0,0,0,1,0,0,0,0,0,0,0,1,0,0,0,1,0,0,0,0,0,0
ORD-10551,2023-04-15,Sophie Thomas,Standing Desk Converter,0.16365677144541152,2.3239722377930683,2.2629097003738594,1.3870242460357165,1.319041125365541,0.4023132446506002,-0.09219653432664421,1.7396355040242504,-0.6412659443286541,1,1,1,3,0,2023,4,2,1,0,0,0,1,0,0,0,0,0,0,0,0,0,0,0,0,0,1,0,0,0,0,0,0,0,1,0,0,0,0,0,0,1,0,0,0,0
ORD-10091,2023-04-16,Jessica Sato,Travel Backpack 30L,-0.9458806620828024,-0.23116680956114816,-0.4921165670117554,-0.4968249939755674,-0.592146414363388,-0.46892930975157787,0.30698232988425583,-0.202107940326405,-0.10586924992732225,0,2,2,1,2,2023,4,2,1,0,0,0,0,0,0,1,0,0,0,0,0,0,0,0,0,0,0,0,0,0,0,0,0,0,0,0,0,0,0,1,0,0,1,0,0,0
ORD-10434,2023-04-16,Giulia Brown,Paper Clips Box 500pc,0.16365677144541152,-0.815594960866155,-0.4921165670117554,-0.5473886527110031,-0.23786816301083108,-0.5364009854993222,-0.10078872512580267,-0.8085325335886672,0.4437210683083235,0,1,0,1,1,2023,4,2,1,1,0,0,0,0,0,0,0,0,0,0,0,0,0,0,0,0,0,0,0,1,0,0,0,0,0,1,0,0,0,1,0,0,1,0,0,0
ORD-11552,2023-04-16,Li Taylor,Portable External SSD 1TB,-0.5760348509067311,0.2661142004940185,0.19663999983464828,-0.1890507485600815,-1.1570765989526006,-0.1468393059126687,0.5310953065623039,0.2487843117743184,-0.5924134715965967,1,2,1,2,2,2023,4,2,1,0,0,0,0,1,0,0,0,0,0,0,0,0,0,0,0,1,0,0,0,0,0,0,0,0,0,0,1,0,0,1,0,0,1,0,0,0
ORD-10330,2023-04-17,Ahmed Miller,Wireless Bluetooth Headphones,0.9033483937975542,1.7223921165749234,-0.4921165670117554,2.4945879869919034,0.8230515734719612,2.96005686655782,0.7394559334418948,1.8250474185682308,-0.6782353831529137,1,1,1,1,0,2023,4,2,0,0,0,1,0,0,0,0,0,0,0,0,1,0,0,0,0,0,0,0,0,0,0,0,0,0,0,0,1,0,1,0,1,0,0,0,0,0
ORD-10769,2023-04-18,Barbara Thomas,Wireless Bluetooth Headphones,2.012885827325768,-0.0708715613288082,-1.180873133858159,0.9597953177028543,1.6331040076456458,1.2604686205672244,0.7684545773890542,0.010870801423585217,-0.6095778539078601,1,0,2,1,0,2023,4,2,0,1,0,0,1,0,0,0,0,0,0,0,0,0,0,0,0,0,0,0,0,0,0,1,0,0,0,0,1,0,0,1,0,0,0,0,1,0
ORD-10427,2023-04-19,Clara Oliveira,Noise Cancelling Earbuds,-0.5760348509067311,1.235831087715468,0.8853965666810519,0.12800483028409093,-0.659172029484142,0.1010173132942932,0.4308530805721225,1.0841679404754447,-0.6184901293387084,1,2,1,0,0,2023,4,2,0,0,0,0,0,1,0,0,0,1,0,0,0,0,0,0,0,0,0,0,0,0,0,0,0,0,0,0,1,0,1,0,0,0,0,0,0,1
ORD-11810,2023-04-19,Carlos Wang,Wireless Bluetooth Headphones,-0.2061890397306598,0.12107916078733792,1.5741531335274555,-0.11307453745089001,-0.10381693276932313,-0.21518346022611667,0.17988950764670467,-0.008002476467584554,-0.5207851838745936,1,2,2,0,2,2023,4,2,0,1,0,0,0,1,0,0,0,0,0,0,0,0,0,0,0,0,0,0,0,0,0,0,0,1,0,0,1,0,0,1,0,0,0,0,0,1
ORD-11212,2023-04-20,Li White,Webcam HD 1080p,0.16365677144541152,-0.20480826756228182,0.8853965666810519,-0.12593768124501326,-0.29148865510743416,-0.1621803873596235,0.3370549976813102,-0.25335508905279336,-0.5323381335071747,1,1,2,0,2,2023,4,2,0,1,0,0,0,0,0,0,0,0,0,0,0,0,0,0,1,0,0,0,0,0,0,0,0,0,0,0,1,0,1,0,0,0,0,1,0,0
ORD-10667,2023-04-21,Felix Miller,Canvas Messenger Bag,-0.9458806620828024,-0.23444586263277742,-1.180873133858159,-0.490314988274883,-0.3853245162764899,-0.45773250149171507,0.3613995382789256,-0.16780541335632246,-0.06922989537827921,0,2,2,1,2,2023,4,2,0,0,0,0,0,0,0,0,0,0,0,0,0,0,0,0,0,0,0,0,0,1,0,0,0,0,0,0,0,0,1,0,0,0,0,0,0,0
ORD-11292,2023-04-21,Sakura Dubois,Filing Cabinet 3-Drawer,2.3827316385018396,0.7961857412654781,0.8853965666810519,2.3991079033818665,0.9283775400902892,1.7737768433895036,0.2815637654367456,0.6759816456467115,-0.6752646246759643,1,0,1,0,0,2023,4,2,0,0,0,1,0,0,0,0,0,0,0,0,0,1,0,0,0,0,0,0,0,0,0,0,0,0,1,0,0,1,0,0,0,0,0,0,0,0
ORD-11731,2023-04-21,Barbara Suzuki,Corner L-Shaped Desk,-0.5760348509067311,2.969567340626545,-1.180873133858159,0.9812077460918524,-1.0900509838318466,1.1660955223769525,0.6735824706483471,3.332016665659528,-0.6871476585837621,1,2,1,1,0,2023,4,2,0,0,0,0,0,1,0,0,0,1,0,0,0,0,0,0,0,0,0,0,0,0,0,0,0,0,1,0,0,0,1,0,0,0,0,0,0,0
ORD-11224,2023-04-22,Zara Patel,Bookshelf 5-Tier,-0.2061890397306598,1.3555165248299375,1.5741531335274555,0.5010882895160808,1.0145533309598298,0.07884181641599361,0.028094136861573204,1.0708051086838863,-0.5874622074683475,1,2,1,0,0,2023,4,2,1,1,0,0,1,0,0,0,0,0,0,0,0,0,0,0,0,0,0,0,1,0,0,0,0,0,1,0,0,0,0,1,0,1,0,0,0,0
ORD-10468,2023-04-23,Wei Johansson,Desk Organizer Set,-0.9458806620828024,-0.23167127926447573,0.19663999983464828,-0.5041193377124787,-0.41404977989967023,-0.5358193331221865,-0.30091516915620015,-0.24054330187119624,-0.009154557288857258,0,2,2,2,1,2023,4,2,1,1,0,0,0,0,0,0,0,0,0,0,0,0,1,0,0,0,0,0,0,0,0,0,0,0,1,0,0,0,1,0,0,0,1,0,0,0
ORD-11700,2023-04-24,Sarah Robinson,Filing Cabinet 3-Drawer,-0.9458806620828024,0.8062751353320295,0.19663999983464828,-0.31046627656802545,-0.848758769397132,-0.33980248202744634,0.23108464449169006,0.7798535546243912,-0.49932970598551435,1,2,1,2,2,2023,4,2,0,0,1,1,0,0,0,0,0,0,0,0,0,1,0,0,0,0,0,0,0,0,0,0,0,0,1,0,0,0,0,1,1,0,0,0,0,0
ORD-10377,2023-04-25,Omar Williams,Wool Blend Scarf,0.9033483937975542,-0.5381366240359835,0.19663999983464828,-0.2005805176926188,1.8207757299837573,-0.2055134894562352,0.3900401742761203,-0.5418269423674632,-0.27883341014082286,1,1,3,2,2,2023,4,2,0,1,0,0,0,0,0,0,0,0,0,0,0,0,0,0,1,0,0,0,0,0,0,0,0,0,0,0,0,1,0,0,0,0,0,0,1,0
ORD-11553,2023-04-25,Karen Moreau,Leather Belt Classic,-0.9458806620828024,-0.3426546139965444,-0.4921165670117554,-0.5187864589899241,-0.3489391823537949,-0.50710024700111,0.0746351703570145,-0.31782730841824963,0.10835544468825375,0,2,3,1,1,2023,4,2,0,0,0,0,0,0,0,0,0,0,1,0,0,0,0,0,0,0,0,0,0,0,0,0,0,0,0,0,0,0,1,0,0,0,0,0,1,0
ORD-11888,2023-04-25,Christopher Park,Canvas Messenger Bag,0.16365677144541152,-0.34996942469479436,-0.4921165670117554,-0.1806060423700372,-0.13445721396738217,-0.06977036594218478,0.7269256551931221,-0.32540417180521575,-0.49338818903161547,1,1,3,1,0,2023,4,2,0,0,0,1,0,0,0,0,0,0,0,0,0,1,0,0,0,0,0,0,0,0,0,0,0,0,0,0,0,0,0,0,0,0,0,0,1,0
ORD-10102,2023-04-26,Kenji Jones,Standing Desk Converter,-0.5760348509067311,1.3150328311378987,-1.180873133858159,0.2952256996076933,0.0819397719939096,0.3585439032711366,0.5812164195573944,1.524728106139396,-0.6019859155778782,1,2,1,1,0,2023,4,2,0,0,0,0,0,0,0,0,0,0,0,0,0,0,1,0,0,0,0,0,0,0,0,0,0,0,1,0,0,0,1,0,0,0,0,0,0,1
ORD-11008,2023-04-26,Marco Taylor,Bookshelf 5-Tier,-0.2061890397306598,1.5035783827565838,-1.180873133858159,0.8768123534700347,-0.5059706234938472,1.0278076697129332,0.6517439857004862,1.7306810291123818,-0.6670125177955492,1,2,1,1,0,2023,4,2,0,0,0,0,0,1,0,0,0,0,0,0,0,0,0,0,0,1,0,0,0,0,0,0,0,0,1,0,0,0,1,0,0,0,0,0,0,1
ORD-11204,2023-04-29,Li Yamamoto,Tablet Stand Holder,-0.9458806620828024,-0.6998191639524742,-0.4921165670117554,-0.5891154362382811,-0.35659925265330983,-0.6059084445670417,-1.5403386919347979,-0.6884048086171332,1.4240713657016373,0,2,0,1,1,2023,4,2,1,0,0,0,0,0,0,0,0,0,1,0,0,0,0,0,0,0,0,0,0,0,0,0,0,0,0,0,1,0,1,0,0,1,0,0,0,0
ORD-10826,2023-04-30,Ava Fischer,Ballpoint Pen Pack 12,0.16365677144541152,-0.8164777828469783,-0.4921165670117554,-0.5480945569436074,-0.2665934266340114,-0.5363282789521803,-0.09470258997639876,-0.8094968616560992,0.43810963562964117,0,1,0,1,1,2023,4,2,1,1,0,0,0,0,0,1,0,0,0,0,0,0,0,0,0,0,0,0,0,0,0,0,0,0,0,1,0,0,1,0,0,0,1,0,0,0
ORD-11363,2023-05-01,Mia Smith,Tablet Stand Holder,-0.9458806620828024,-0.5480999006767031,-1.180873133858159,-0.5553366114781036,-1.2394223546723844,-0.5265856016351569,0.1236822595022102,-0.5104173995996768,-0.015096074242756122,0,2,3,1,1,2023,5,2,0,0,0,0,0,1,0,0,0,1,0,0,0,0,0,0,0,0,0,0,0,0,0,0,0,0,0,0,1,0,0,0,1,0,0,0,0,0
ORD-10202,2023-05-02,Ivan Anderson,Tape Dispenser Heavy Duty,-0.2061890397306598,-0.7636345814234138,-0.4921165670117554,-0.538211897687147,0.3481272149020472,-0.5451984777035002,-0.2790766842083392,-0.7546679229649633,0.608433121641409,0,2,0,1,1,2023,5,2,0,1,0,0,0,0,0,0,0,0,1,0,0,0,0,0,0,0,0,0,0,0,0,0,0,0,0,1,0,0,1,0,0,0,0,0,1,0
ORD-10462,2023-05-03,Raj Thomas,Laptop Stand Adjustable,-0.2061890397306598,-0.01878506446023497,-1.180873133858159,-0.069962090059611,-0.8315236112232239,0.06531839864758794,0.7523442196406324,0.06776615740207564,-0.594724061523113,1,2,2,1,0,2023,5,2,0,0,0,0,0,1,0,0,0,0,0,0,0,0,0,0,0,1,0,0,0,0,0,0,0,0,0,0,1,1,0,0,0,0,0,0,0,1
ORD-11586,2023-05-04,Jamal Schmidt,Whiteboard Markers Set 8,-0.5760348509067311,-0.8461153779174739,1.5741531335274555,-0.6073382232799557,0.0627895962451228,-0.6420435984965989,-3.89853705835381,-0.8531671469955215,3.650159717762415,0,2,0,0,1,2023,5,2,0,0,1,0,0,0,0,0,0,0,0,0,0,0,0,0,0,0,0,0,0,1,0,0,0,0,0,1,0,0,1,0,0,0,0,1,0,0
ORD-10703,2023-05-05,Priya Chen,Sticky Notes Multicolor 6-Pack,-0.5760348509067311,-0.7715799792508232,0.19663999983464828,-0.5762522924441578,-0.6553419943343848,-0.566937735298948,-0.477413088488912,-0.7711992612637982,0.7051478142798739,0,2,0,2,1,2023,5,2,0,0,1,0,0,1,0,0,0,0,0,0,0,0,0,0,0,1,0,0,0,0,0,0,0,0,0,1,0,1,0,0,0,0,0,0,0,0
ORD-10828,2023-05-05,Kenji Romano,Canvas Messenger Bag,-0.9458806620828024,0.18993927529155316,0.8853965666810519,-0.43700614641265273,-0.3259589714552508,-0.43410287367057615,0.22356647754242656,0.11308957657138137,-0.23361186443614804,0,2,2,0,2,2023,5,2,0,0,0,0,0,0,0,0,0,0,1,0,0,0,0,0,0,0,0,0,0,0,0,0,0,0,0,0,0,0,0,1,0,0,0,0,0,0
ORD-10652,2023-05-06,Pierre Fischer,Wireless Bluetooth Headphones,0.5335025826214829,1.3628313355281874,-1.180873133858159,1.7377540712352362,0.1355602640905127,2.2908658066631657,0.8407721832819708,1.5769395829332162,-0.6762548775016141,1,1,1,1,0,2023,5,2,1,0,0,0,0,0,0,0,0,0,0,0,0,0,0,0,1,0,0,0,0,0,0,0,0,0,0,0,1,0,0,0,0,1,0,0,0,0
ORD-11385,2023-05-06,Ali Miller,Stapler Full-Size,-0.9458806620828024,-0.7213852437697286,0.8853965666810519,-0.597586287029533,-1.2987878994936235,-0.5751535751259902,-0.6302824831239383,-0.7330394220239875,0.7477286857828158,0,2,0,0,1,2023,5,2,1,0,0,0,0,1,0,0,0,0,0,0,0,0,0,0,0,1,0,0,0,0,0,0,0,0,0,1,0,1,0,0,0,1,0,0,0,0
ORD-11895,2023-05-06,John Robinson,Laptop Stand Adjustable,-0.5760348509067311,-0.36775198173709167,-0.4921165670117554,-0.4140250419512008,-1.2643175831458071,-0.3664857848285478,0.5217870998632157,-0.3438641662389147,-0.4778742280964351,0,2,3,1,2,2023,5,2,1,0,0,0,0,1,0,0,0,1,0,0,0,0,0,0,0,0,0,0,0,0,0,0,0,0,0,0,1,0,1,0,0,1,0,0,0,0
ORD-10143,2023-05-08,Wei Sato,Tape Dispenser Heavy Duty,-0.5760348509067311,-0.7795253770782328,0.8853965666810519,-0.5822394061206907,-0.15360738971616894,-0.5985650833057031,-1.2449821332137279,-0.7870417938001818,1.3141533020545082,0,2,0,0,1,2023,5,2,0,1,0,0,0,0,0,1,0,0,0,0,0,0,0,0,0,0,0,0,0,0,0,0,0,0,0,1,0,0,1,0,1,0,0,0,0,0
ORD-10853,2023-05-10,Amir Garcia,Tape Dispenser Heavy Duty,-0.2061890397306598,-0.7787686725232413,2.951666267220263,-0.5698468651483037,0.12024012349148319,-0.6127428599983865,-1.4289982194957034,-0.8101856674185507,1.110491304245864,0,2,0,3,1,2023,5,2,0,1,0,1,0,0,0,0,0,0,0,0,1,0,0,0,0,0,0,0,0,0,0,0,0,0,0,1,0,0,1,0,0,0,0,0,0,1
ORD-10452,2023-05-11,Layla Santos,Cotton Formal Shirt,-0.2061890397306598,-0.600564749822772,0.8853965666810519,-0.4620265297682949,-0.7702430488271058,-0.4458086277604327,0.27297157463758726,-0.6209018438968904,-0.27883341014082286,0,2,3,0,2,2023,5,2,0,1,0,1,0,0,0,0,0,0,0,0,0,1,0,0,0,0,0,0,0,0,0,0,0,0,0,0,0,0,1,0,0,0,0,1,0,0
ORD-11484,2023-05-11,Christopher Taylor,USB-C Hub Multiport Adapter,-0.2061890397306598,-0.32537652665757455,0.8853965666810519,-0.31655796864938873,-1.0957960365564827,-0.3187175833562762,0.33490694998152065,-0.3653549060274002,-0.5303576278558751,1,2,2,0,2,2023,5,2,0,0,0,0,0,1,0,0,0,1,0,0,0,0,0,0,0,0,0,0,0,0,0,0,0,0,0,0,1,0,0,0,0,0,0,1,0,0
ORD-10623,2023-05-12,Chen Thompson,Travel Backpack 30L,-0.2061890397306598,0.26838431415899255,1.5741531335274555,-0.039791220266077995,0.7426208353270567,-0.08045822837205377,0.3613995382789256,0.1208042011108377,-0.4818352393990343,1,2,1,0,0,2023,5,2,0,0,0,0,0,0,1,0,0,0,0,0,0,0,0,0,0,0,0,0,0,0,0,0,0,0,0,0,0,0,0,1,0,0,0,0,0,0
ORD-11458,2023-05-12,Barbara Sharma,Filing Cabinet 3-Drawer,-0.5760348509067311,2.2142500773193183,1.5741531335274555,0.40775206320506435,-0.8947191911942206,0.08647600386590001,0.10434983020410386,1.8211901062985032,-0.6574400738142677,1,2,1,0,0,2023,5,2,0,1,0,1,0,0,0,0,0,0,0,0,1,0,0,0,0,0,0,0,0,0,0,0,0,0,1,0,0,0,1,0,0,0,0,0,0,0
ORD-10609,2023-05-13,Diego Jackson,Smart LED Desk Lamp,0.16365677144541152,-0.13569591820640275,0.19663999983464828,-0.04452339308464774,0.3998326894237716,-0.04963065238386024,0.4376552316214564,-0.14617691241534672,-0.506261475765063,1,1,2,2,0,2023,5,2,1,1,0,0,0,0,0,0,0,0,0,0,0,0,0,0,0,0,0,0,0,1,0,0,0,0,0,0,1,0,0,1,0,1,0,0,0,0
ORD-11288,2023-05-13,Ayumi Ahmed,Folding Table Portable,4.231960694382195,0.3482166447105828,-0.4921165670117554,3.1271827578102096,3.1325627687756574,3.0626458045751344,0.5296632747624441,0.39908172914122614,-0.658760410915134,1,0,1,1,0,2023,5,2,1,0,0,0,0,0,0,0,0,0,0,0,0,0,0,0,0,0,0,0,0,1,0,0,0,0,1,0,0,0,1,0,0,1,0,0,0,0
ORD-10607,2023-05-14,Fatima Laurent,USB-C Hub Multiport Adapter,-0.9458806620828024,-0.2214557677720921,-0.4921165670117554,-0.494916438087415,-0.3163838835808573,-0.49713945004266064,0.030958200461292606,-0.1920513761946138,-0.024998602499254268,0,2,2,1,1,2023,5,2,1,0,1,0,0,0,1,0,0,0,0,0,0,0,0,0,0,0,0,0,0,0,0,0,0,0,0,0,1,0,0,1,0,0,1,0,0,0
ORD-10105,2023-05-15,Olivia Kumar,Floating Wall Shelves Set,-0.5760348509067311,0.05247128113478626,0.8853965666810519,-0.28902770357782004,-0.05211145824759834,-0.3877160965940019,-0.0069906422349902304,-0.01461501178711859,-0.4092166988513814,1,2,2,0,2,2023,5,2,0,1,0,0,0,0,0,0,0,0,0,0,0,0,1,0,0,0,0,0,0,0,0,0,0,0,1,0,0,1,0,0,1,0,0,0,0,0
ORD-11298,2023-05-15,Raj Rossi,Bookshelf 5-Tier,0.16365677144541152,-0.09344658055271751,-0.4921165670117554,0.021491724964460474,0.10683500046733267,-0.004407180061557428,0.4100886194741565,-0.05924962519397299,-0.5485122629927883,1,1,2,1,0,2023,5,2,0,0,0,0,0,1,0,0,0,0,0,0,0,0,0,0,0,1,0,0,0,0,0,0,0,0,1,0,0,0,1,0,1,0,0,0,0,0
ORD-11682,2023-05-15,Patricia Dubois,Mesh Back Task Chair,-0.9458806620828024,0.6081446593501207,2.2629097003738594,-0.39509635067692184,-1.2068670558994468,-0.49299517685556865,-0.25974425491023284,0.3339207040133183,-0.48678650352728337,0,2,1,3,1,2023,5,2,0,1,0,0,0,1,0,0,0,0,0,0,0,0,0,0,0,1,0,0,0,0,0,0,0,0,1,0,0,0,0,1,1,0,0,0,0,0
ORD-10411,2023-05-16,Robert Jackson,Canvas Messenger Bag,-0.5760348509067311,0.07971264511447597,0.19663999983464828,-0.2585953877722113,-0.5289508343923913,-0.18799121159502144,0.6213133099534668,0.06556197896223104,-0.4923979362059656,1,2,2,2,2,2023,5,2,0,1,0,1,0,0,0,0,0,0,0,0,1,0,0,0,0,0,0,0,0,0,0,0,0,0,0,0,0,0,1,0,0,0,0,0,1,0
ORD-11776,2023-05-16,Jennifer Costa,Standing Desk Converter,-0.2061890397306598,1.3465621875958729,0.19663999983464828,0.637902987635282,-0.8793990505951911,0.5405283907674774,0.41545873872363054,1.3110605586269544,-0.6693231077220654,1,2,1,2,0,2023,5,2,0,0,0,0,0,1,0,0,0,0,0,0,0,0,0,0,0,1,0,0,0,0,0,0,0,0,1,0,0,0,0,1,0,0,0,0,1,0
ORD-11788,2023-05-16,Ivan Li,Bookshelf 5-Tier,-0.2061890397306598,0.9144838866957966,0.8853965666810519,0.33886103902312364,0.3136568985542305,0.1119960019127301,0.1963578733450916,0.7857772841814736,-0.5967045671744126,1,2,1,0,0,2023,5,2,0,0,1,0,0,0,1,0,1,0,0,0,0,0,0,0,0,0,0,0,0,0,0,0,0,0,1,0,0,0,1,0,0,0,0,0,1,0
ORD-11227,2023-05-17,Nadia Brown,Paper Clips Box 500pc,2.012885827325768,-0.8849595450736979,0.19663999983464828,-0.5665003561937351,1.0202983836844661,-0.6170325462797626,-1.4758972609411098,-0.8827857947809341,1.6247626050333326,0,0,0,2,1,2023,5,2,0,0,1,0,0,0,0,0,0,0,0,0,0,0,0,0,0,0,0,0,0,1,0,0,0,0,0,1,0,1,0,0,0,0,0,0,0,1
ORD-10941,2023-05-18,Emma Johansson,Stapler Full-Size,-0.2061890397306598,-0.8213963624544222,-1.180873133858159,-0.5691148163144919,-1.0440905620347583,-0.5333473105193597,0.16843325324782682,-0.808945817046138,0.27372766657177244,0,2,0,1,1,2023,5,2,0,1,0,0,0,1,0,0,0,1,0,0,0,0,0,0,0,0,0,0,0,0,0,0,0,0,0,1,0,0,0,1,0,0,0,1,0,0
ORD-11045,2023-05-18,Diego Schmidt,Filing Cabinet 3-Drawer,-0.5760348509067311,1.7806583673092595,-1.180873133858159,0.48827743492437264,0.47643339241891913,0.5583414948172589,0.5869445467568333,2.0333422811335513,-0.6072672639813439,1,2,1,1,0,2023,5,2,0,1,0,0,1,0,0,0,0,0,0,0,0,0,0,0,0,0,0,0,1,0,0,0,0,0,1,0,0,0,1,0,0,0,0,1,0,0
ORD-11149,2023-05-18,Clara Jackson,Silk Tie Collection,1.6430400161496967,-0.3735533833253589,0.8853965666810519,0.14366544640742396,1.7269398688147017,0.1529297879536569,0.4935044718159858,-0.41012728058674486,-0.4824954079494675,1,0,3,0,0,2023,5,2,0,0,0,0,0,0,0,1,0,0,0,0,0,0,0,0,0,0,0,0,0,0,0,0,0,0,0,0,0,0,0,1,0,0,0,1,0,0
ORD-11329,2023-05-18,Jamal Clark,Standing Desk Converter,-0.5760348509067311,0.5856957575520433,2.2629097003738594,-0.1637166299899485,-0.48490543017018184,-0.3916422501396681,-0.2071170862653877,0.31559847073210956,-0.5353088919841242,1,2,1,3,2,2023,5,2,0,0,0,0,0,0,0,0,0,0,0,0,0,0,0,0,0,0,0,0,0,1,0,0,0,0,1,0,0,1,0,0,0,0,0,1,0,0
ORD-11394,2023-05-18,Pierre Fischer,Mesh Back Task Chair,-0.9458806620828024,1.822277117833785,2.2629097003738594,-0.2063061853570761,-0.084666757020536,-0.43054025286061987,-0.27334855700890026,1.3286939861457117,-0.47391321679383586,1,2,1,3,2,2023,5,2,0,1,0,0,1,0,0,0,0,0,0,0,0,0,0,0,0,0,0,1,0,0,0,0,0,0,1,0,0,0,1,0,0,0,0,1,0,0
ORD-11435,2023-05-18,Lucas Khan,Mesh Back Task Chair,-0.5760348509067311,2.7986782286243255,-1.180873133858159,0.910355876819344,-0.7338577149044109,1.0737582075066556,0.6603361764996446,3.145350304035183,-0.6749345404007477,1,2,1,1,0,2023,5,2,0,0,0,0,0,1,0,0,0,0,0,0,0,0,0,0,0,0,0,0,0,0,0,0,0,1,1,0,0,0,0,1,0,0,0,1,0,0
ORD-10336,2023-05-19,Chen Romano,Filing Cabinet 3-Drawer,-0.9458806620828024,1.5354860914920534,-0.4921165670117554,-0.1488926411052576,-0.6687471173585355,-0.14952944815692146,0.4204708500231396,1.6312174770143915,-0.5580847069740698,1,2,1,1,2,2023,5,2,0,0,1,1,0,0,0,0,0,0,0,0,1,0,0,0,0,0,0,0,0,0,0,0,0,0,1,0,0,0,0,1,0,0,0,0,0,0
ORD-11513,2023-05-20,Sophie Yamamoto,Leather Wallet Minimalist,0.5335025826214829,-0.5863134807037677,-1.180873133858159,-0.28256998707955083,0.8230515734719612,-0.21474722094326493,0.6145111589041332,-0.5521590288042351,-0.3025994779564183,1,1,3,1,2,2023,5,2,1,0,0,0,0,1,0,0,0,0,0,0,0,0,0,0,0,0,0,0,0,0,0,0,0,1,0,0,0,0,0,1,0,1,0,0,0,0
ORD-11762,2023-05-22,Hans Johnson,Tablet Stand Holder,0.5335025826214829,-0.7295828764488017,0.19663999983464828,-0.4513072432731922,1.3094660374911475,-0.52411357903233,-0.33886401185248294,-0.7300086766692011,0.2096913171797512,0,1,0,2,1,2023,5,2,0,0,1,0,0,0,0,0,0,0,0,0,0,0,1,0,0,0,0,0,0,0,0,0,0,0,0,0,1,0,0,1,1,0,0,0,0,0
ORD-10562,2023-05-23,Patricia Müller,Webcam HD 1080p,0.5335025826214829,-0.2425173778860188,-0.4921165670117554,0.03840728194575679,-0.28191356723304095,0.12602836551112948,0.6316955405024498,-0.21395539944057004,-0.5788800163127159,1,1,2,1,0,2023,5,2,0,0,0,0,0,1,0,0,0,0,0,0,0,0,0,0,0,1,0,0,0,0,0,0,0,0,0,0,1,0,1,0,0,0,0,0,1,0
ORD-10710,2023-05-23,Ahmed Taylor,Smart LED Desk Lamp,1.6430400161496967,-0.45489912298693197,1.5741531335274555,-0.009986374889450908,0.3251470040035027,-0.14189526070701503,0.18311157919638907,-0.5112439665146186,-0.523755942351543,1,0,3,0,2,2023,5,2,0,0,1,0,0,0,0,0,0,0,1,0,0,0,0,0,0,0,0,0,0,0,0,0,0,0,0,0,1,0,0,1,0,0,0,0,1,0
ORD-11740,2023-05-25,Zara Rodriguez,Tape Dispenser Heavy Duty,0.16365677144541152,-0.7918848848097585,0.8853965666810519,-0.5397282845571858,-0.3891545514262475,-0.5339289628964954,-0.11725709082418961,-0.7984759694568759,0.27537808794785534,0,1,0,0,1,2023,5,2,0,0,0,0,0,1,0,0,0,0,0,0,0,0,0,0,0,1,0,0,0,0,0,0,0,0,0,1,0,0,0,0,0,0,0,1,0,0
ORD-10422,2023-05-26,Clara Santos,Tape Dispenser Heavy Duty,-0.2061890397306598,-0.7250426491188535,-0.4921165670117554,-0.5154138054341479,-0.9464246657159452,-0.4626765466973688,0.5364654258117778,-0.7145794275902886,-0.14382894157723178,0,2,0,1,2,2023,5,2,0,1,0,0,0,1,0,0,0,0,0,0,0,0,0,0,0,1,0,0,0,0,0,0,0,0,0,1,0,0,1,0,0,0,0,0,0,0
ORD-11834,2023-05-29,Hanna Davis,Travel Backpack 30L,-0.5760348509067311,-0.5066072675780094,-1.180873133858159,-0.46003954007651976,-0.29148865510743416,-0.41919803150647317,0.45913570861935243,-0.4650939804303711,-0.15934290251241212,0,2,3,1,2,2023,5,2,0,0,0,1,0,0,0,0,0,0,0,0,0,0,0,0,0,0,0,0,0,0,0,0,1,0,0,0,0,0,1,0,1,0,0,0,0,0
ORD-10942,2023-05-30,Barbara Rossi,Binder Clips Assorted 48pc,-0.2061890397306598,-0.7482482554719224,0.8853965666810519,-0.5400943089740917,0.683255290505817,-0.5751535751259902,-0.6836256676687132,-0.7579741906247303,0.79691124279009,0,2,0,0,1,2023,5,2,0,0,1,0,0,0,0,0,0,0,1,0,0,0,0,0,0,0,0,0,0,0,0,0,0,0,0,1,0,0,1,0,0,0,0,0,1,0
ORD-10129,2023-06-01,Oscar Santos,Floating Wall Shelves Set,1.2731942049736253,-0.24226514303435503,0.8853965666810519,0.20845176819977643,0.8728420304188074,-0.015894814509988035,0.1422986729003867,-0.28820866063283707,-0.5468618416167054,1,1,2,0,0,2023,6,2,0,1,0,0,0,1,0,0,0,1,0,0,0,0,0,0,0,0,0,0,0,0,0,0,0,0,1,0,0,0,1,0,0,0,0,1,0,0
ORD-10722,2023-06-01,Patricia Chen,Folding Table Portable,-0.9458806620828024,0.5676609656580822,-0.4921165670117554,-0.3395129285096331,-1.0038751929623058,-0.33209558803039796,0.3585354746792062,0.6268009142076776,-0.5009801273615974,0,2,1,1,2,2023,6,2,0,0,1,1,0,0,0,0,0,0,0,0,0,0,0,0,0,0,0,0,0,0,0,0,1,0,1,0,0,0,1,0,0,0,0,1,0,0
ORD-10845,2023-06-01,Ahmed Dubois,Whiteboard Markers Set 8,-0.9458806620828024,-0.6690465120494916,-1.180873133858159,-0.580409284036161,-0.7644979961024699,-0.5612666246218747,-0.3209636143542363,-0.6425303448378662,0.7242927022424369,0,2,3,1,1,2023,6,2,0,0,0,1,0,0,0,0,0,0,0,0,0,0,0,0,0,0,0,0,0,0,1,0,0,0,0,1,0,0,0,1,0,0,0,1,0,0
ORD-10937,2023-06-01,Kenji Robinson,Mesh Back Task Chair,1.2731942049736253,2.3934629394264433,0.19663999983464828,3.7002724162800913,0.6966604135299679,3.3194453290805583,0.4412353111211058,2.3402741288819207,-0.6927590912624443,1,1,1,2,0,2023,6,2,0,0,0,0,0,1,0,0,0,0,0,0,0,0,0,0,0,1,0,0,0,0,0,0,0,0,1,0,0,0,0,1,0,0,0,1,0,0
ORD-11401,2023-06-01,Robert Sharma,Mesh Back Task Chair,-0.9458806620828024,2.50167169079021,1.5741531335274555,-0.06517762803862617,-0.42936992049869976,-0.2599706932655677,0.0030335803640279303,2.0723286872883038,-0.5640262239279686,1,2,1,0,2,2023,6,2,0,0,0,0,0,0,0,1,0,0,0,0,0,0,0,0,0,0,0,0,0,0,0,0,0,0,1,0,0,1,0,0,0,0,0,1,0,0
ORD-10069,2023-06-03,Chen Smith,Monitor Riser Wood,0.16365677144541152,-0.374688440157846,0.8853965666810519,-0.24567995477567292,0.556864130563824,-0.37535598357986766,-0.045297492881238056,-0.4110916086541769,-0.3738976814032048,1,1,3,0,2,2023,6,2,1,1,0,1,0,0,0,0,0,0,0,0,0,1,0,0,0,0,0,0,0,0,0,0,0,0,1,0,0,1,0,0,0,1,0,0,0,0
ORD-10025,2023-06-04,Kenji Leroy,Leather Belt Classic,0.9033483937975542,-0.46044828972353535,0.19663999983464828,-0.11359742947504134,0.16811556286345036,-0.03523475604975095,0.6263254212529759,-0.4653695027353516,-0.4970191160589981,1,1,3,2,0,2023,6,2,1,1,0,0,0,0,0,0,0,0,0,0,0,0,0,0,1,0,0,0,0,0,0,0,0,0,0,0,0,0,1,0,0,0,1,0,0,0
ORD-11268,2023-06-04,Richard Li,Sticky Notes Multicolor 6-Pack,-0.9458806620828024,-0.7976862863980257,0.8853965666810519,-0.6110246120502227,-0.91003933179325,-0.607507988604165,-2.437506614546919,-0.8038486544039972,2.4133339385257995,0,2,0,0,1,2023,6,2,1,0,0,1,0,0,0,0,0,0,0,0,0,0,0,0,0,0,0,0,0,0,1,0,0,0,0,1,0,0,1,0,0,0,1,0,0,0
ORD-11962,2023-06-04,Karen Anderson,Highlighters Neon Pack 6,-0.2061890397306598,-0.8468720824724651,0.8853965666810519,-0.5922266437819816,-0.7127925215807455,-0.590349243478661,-1.1164572791763172,-0.849585357030774,1.1969733843526138,0,2,0,0,1,2023,6,2,1,0,0,1,0,0,0,0,0,0,0,0,0,0,0,1,0,0,0,0,0,0,0,0,0,0,0,1,0,0,1,0,0,0,1,0,0,0
ORD-10979,2023-06-05,Zara Kim,Laptop Stand Adjustable,1.6430400161496967,-0.11589548235079505,0.8853965666810519,0.5068662463829531,1.864821134205967,0.3770113662451959,0.3610415303289608,-0.17083615871110883,-0.5544537799466872,1,0,2,0,0,2023,6,2,0,1,0,0,0,1,0,0,0,0,0,0,0,0,0,0,0,1,0,0,0,0,0,0,0,0,0,0,1,0,1,0,1,0,0,0,0,0
ORD-10816,2023-06-06,Jennifer Nilsson,Wireless Ergonomic Mouse,-0.9458806620828024,-0.5586937644465825,-0.4921165670117554,-0.5613237251546367,-0.40064465687551937,-0.5717363674103177,-0.6127400935756566,-0.5419647035199536,0.5681628400649833,0,2,3,1,1,2023,6,2,0,0,0,0,0,0,0,0,0,0,0,0,0,0,0,0,1,0,0,0,0,0,0,0,0,0,0,0,1,0,1,0,0,0,0,0,1,0
ORD-11468,2023-06-06,Christopher Harris,Ballpoint Pen Pack 12,-0.9458806620828024,-0.8404400937550386,-1.180873133858159,-0.6159397970772454,-0.44852009624748657,-0.6275749956153476,-4.3983161565048565,-0.829747751072172,4.484612765509991,0,2,0,1,1,2023,6,2,0,0,0,0,0,0,0,1,0,0,0,0,0,0,0,0,0,0,0,0,0,0,0,0,0,0,0,1,0,1,0,0,0,0,0,0,1,0
ORD-11539,2023-06-06,Marco Martin,Laptop Stand Adjustable,0.16365677144541152,-0.1770624338792647,1.5741531335274555,-0.1373890165739279,0.13173022894075542,-0.2452839707428906,0.1458787524000361,-0.2685088158267254,-0.4894271777290162,1,1,2,0,2,2023,6,2,0,0,0,0,0,0,0,1,0,0,0,0,0,0,0,0,0,0,0,0,0,0,0,0,0,0,0,0,1,1,0,0,0,0,0,0,1,0
ORD-11609,2023-06-06,Emma Zhang,Leather Wallet Minimalist,-0.9458806620828024,-0.5277949951177678,-0.4921165670117554,-0.5552320330732734,-0.12679714366786723,-0.5635205275832755,-0.4856472713381055,-0.5098663549897158,0.6249373354022392,0,2,3,1,1,2023,6,2,0,1,0,0,1,0,0,0,0,0,0,0,0,0,0,0,0,0,0,1,0,0,0,0,0,0,0,0,0,0,0,1,0,0,0,0,1,0
ORD-11707,2023-06-06,David Smith,Stapler Full-Size,-0.2061890397306598,-0.8248015329518833,-1.180873133858159,-0.5712325290123048,0.21216096708566023,-0.5843146000658779,-0.8565435075017759,-0.8126653681633759,1.2180987779664765,0,2,0,1,1,2023,6,2,0,1,0,1,0,0,0,0,0,0,0,0,1,0,0,0,0,0,0,0,0,0,0,0,0,0,0,1,0,0,0,1,0,0,0,0,1,0
ORD-10177,2023-06-07,Wei Romano,Tablet Stand Holder,0.9033483937975542,-0.6143115492384487,-0.4921165670117554,-0.26654334653931183,2.270804860080249,-0.32802402139044784,0.15912504654873863,-0.5996866264133855,-0.14349885730201511,1,1,3,1,2,2023,6,2,0,0,0,0,1,0,0,0,0,0,0,0,0,0,0,0,0,0,1,0,0,0,0,0,0,0,0,0,1,0,1,0,0,0,0,0,0,1
ORD-10817,2023-06-07,Zara Rodriguez,Noise Cancelling Earbuds,0.16365677144541152,-0.004912147618726461,1.5741531335274555,-0.02318939849927258,0.6277197808343352,-0.16487052960387627,0.15411293524922956,-0.11807363730732731,-0.4970191160589981,1,1,2,0,2,2023,6,2,0,1,0,1,0,0,0,0,0,0,0,0,0,0,0,0,0,0,0,0,0,0,0,0,1,0,0,0,1,1,0,0,0,0,0,0,0,1
ORD-11080,2023-06-07,Zara Ferrari,Wireless Ergonomic Mouse,-0.5760348509067311,-0.5155616048120739,0.19663999983464828,-0.48071991963170574,-0.8200335057739521,-0.47510936625864497,0.14695277624993092,-0.5196473968165264,-0.23856312856439713,0,2,3,2,2,2023,6,2,0,0,0,0,0,1,0,0,0,0,0,0,0,0,0,0,0,0,0,0,0,0,0,0,0,1,0,0,1,0,1,0,0,0,0,0,0,1
ORD-10376,2023-06-08,Omar Garcia,Highlighters Neon Pack 6,0.9033483937975542,-0.8525473666349005,0.8853965666810519,-0.5570360105565956,1.1505195787762168,-0.6150694695069294,-1.3488044387035585,-0.8548202808254051,1.4105379104177567,0,1,0,0,1,2023,6,2,0,1,0,0,0,0,0,0,0,0,1,0,0,0,0,0,0,0,0,0,0,0,0,0,0,0,0,1,0,1,0,0,0,0,0,1,0,0
ORD-10726,2023-06-08,Hans Yamamoto,Leather Wallet Minimalist,0.16365677144541152,-0.4345942174279967,-0.4921165670117554,-0.24724863084812695,0.21790601981029617,-0.17090517301665945,0.6388556995017486,-0.4131580259415312,-0.41185737305311426,1,1,3,1,2,2023,6,2,0,0,0,0,0,0,0,0,0,0,0,0,0,0,0,0,0,0,0,0,0,1,0,0,0,0,0,0,0,0,1,0,0,0,0,1,0,0
ORD-11103,2023-06-08,Nadia Costa,Binder Clips Assorted 48pc,-0.5760348509067311,-0.8384222149417283,-1.180873133858159,-0.5976124316307405,-1.051750632334273,-0.5766804126159714,-0.6850576994685731,-0.8275435726323274,1.0596583258625067,0,2,0,1,1,2023,6,2,0,0,0,0,0,1,0,0,0,0,0,0,0,0,0,0,0,0,0,0,0,0,0,0,0,1,0,1,0,0,1,0,0,0,0,1,0,0
ORD-10727,2023-06-09,Mia Sharma,Desk Organizer Set,-0.5760348509067311,-0.7197457172339138,-0.4921165670117554,-0.5526698621549317,-1.271977653445322,-0.5403271390449884,-0.1233432259735934,-0.7092067426431672,-0.056686692920048284,0,2,0,1,1,2023,6,2,0,0,0,0,0,1,0,0,0,0,0,0,0,0,0,0,0,0,0,0,0,0,0,0,0,1,1,0,0,0,0,1,0,0,0,0,0,0
ORD-10772,2023-06-09,William Hassan,Wireless Ergonomic Mouse,-0.9458806620828024,-0.6346164547973839,-0.4921165670117554,-0.5762784370453654,0.04555443807121464,-0.6061992707556095,-1.361692724902296,-0.6207640827444002,1.2583690595429022,0,2,3,1,1,2023,6,2,0,1,0,0,1,0,0,0,0,0,0,0,0,0,0,0,0,0,0,1,0,0,0,0,0,0,0,0,1,0,1,0,0,0,0,0,0,0
ORD-11060,2023-06-09,Ali Johansson,Premium Notebook Set A5,0.16365677144541152,-0.6410484435148107,0.8853965666810519,-0.4334243360472159,1.4684124962060787,-0.4653666889416215,0.0055396360137824705,-0.65851063852674,0.16182909727334363,0,1,3,0,2,2023,6,2,0,0,1,0,1,0,0,0,0,0,0,0,0,0,0,0,0,0,0,1,0,0,0,0,0,0,0,1,0,1,0,0,0,0,0,0,0,0
ORD-11322,2023-06-10,Amir Chen,Ergonomic Office Chair,-0.2061890397306598,1.9692039189279442,0.8853965666810519,0.8964208043757104,-0.5883163792136308,0.6022562492910065,0.27619364618727166,1.7651213172349547,-0.6703133605477153,1,2,1,0,0,2023,6,2,1,0,0,0,0,1,0,0,0,1,0,0,0,0,0,0,0,0,0,0,0,0,0,0,0,0,1,0,0,0,1,0,0,1,0,0,0,0
ORD-10146,2023-06-11,Ethan Park,Corner L-Shaped Desk,0.5335025826214829,3.318660375329234,-1.180873133858159,3.7650064488700288,0.5511190778391877,4.200430560799759,0.6818166534975406,3.713339535752654,-0.6947395969137439,1,1,1,1,0,2023,6,2,1,0,1,0,0,1,0,0,0,1,0,0,0,0,0,0,0,0,0,0,0,0,0,0,0,0,1,0,0,0,1,0,0,0,1,0,0,0
ORD-11048,2023-06-11,Christopher Robinson,Bookshelf 5-Tier,-0.5760348509067311,0.6206302845074786,-1.180873133858159,0.007321351109958861,-0.21488795211228698,0.04954107791778132,0.5432675768611115,0.7662152005278524,-0.5669969824049182,1,2,1,1,0,2023,6,2,1,0,0,0,0,0,0,1,0,0,0,0,0,0,0,0,0,0,0,0,0,0,0,0,0,0,1,0,0,0,1,0,0,0,1,0,0,0
ORD-11155,2023-06-11,Noah Khan,Portable External SSD 1TB,0.5335025826214829,0.1853990479616049,0.8853965666810519,0.3447174296936188,0.713895571703876,0.261626075930896,0.38789212657633076,0.10895674199667267,-0.5792101005879324,1,1,2,0,0,2023,6,2,1,0,1,0,0,1,0,0,0,0,0,0,0,0,0,0,0,0,0,0,0,0,0,0,0,1,0,0,1,0,1,0,0,0,1,0,0,0
ORD-11376,2023-06-11,Linda Smith,Desk Organizer Set,0.16365677144541152,-0.6138070795351211,-1.180873133858159,-0.3755401889736612,0.5989945172111553,-0.4072014512280488,0.13370648210122837,-0.5821909600471187,-0.1893805715571231,0,1,3,1,2,2023,6,2,1,0,0,1,0,0,0,0,0,0,0,0,0,0,0,0,0,0,0,0,0,0,0,0,1,0,1,0,0,1,0,0,0,0,1,0,0,0
ORD-11535,2023-06-11,Isabella Jackson,Webcam HD 1080p,-0.2061890397306598,-0.1607932859469501,0.19663999983464828,-0.20578329333292478,-0.6036365198126603,-0.1859554282750464,0.4623577801690367,-0.17083615871110883,-0.5290372907550087,1,2,2,2,2,2023,6,2,1,0,0,1,0,0,0,0,0,0,0,0,0,0,0,1,0,0,0,0,0,0,0,0,0,0,0,0,1,0,1,0,0,0,1,0,0,0
ORD-10114,2023-06-12,Sarah Kim,Mechanical Gaming Keyboard,-0.2061890397306598,1.0747791349281368,0.8853965666810519,0.42359569153685034,-0.23595314543595242,0.37504828947236296,0.44374136677086007,0.9346970900234787,-0.6303731632465062,1,2,1,0,0,2023,6,2,0,1,0,1,0,0,0,0,0,0,0,0,0,0,0,0,0,0,0,0,0,0,0,0,1,0,0,0,1,0,1,0,1,0,0,0,0,0
ORD-11031,2023-06-12,James Suzuki,Floating Wall Shelves Set,0.9033483937975542,-0.37645408411949255,0.8853965666810519,-0.053674003507296404,0.19875584406150937,-0.2047137174376736,0.1115099892034025,-0.41274474248406035,-0.5181445096728607,1,1,3,0,2,2023,6,2,0,1,0,0,0,1,0,0,0,0,0,0,0,0,0,0,0,0,0,0,0,0,0,0,0,1,1,0,0,0,0,0,1,0,0,0,0,0
ORD-11133,2023-06-12,Wei Harris,Laptop Stand Adjustable,4.231960694382195,-0.507111737281337,-1.180873133858159,0.6654332527068507,4.840758445567446,0.7702810797360897,0.6191652622536774,-0.4656450250403322,-0.47193271114253615,1,0,3,1,0,2023,6,2,0,0,0,0,0,0,0,0,0,0,0,0,0,0,0,0,1,0,0,0,0,0,0,0,0,0,0,0,1,0,1,0,1,0,0,0,0,0
ORD-10349,2023-06-13,Thomas Li,Smart LED Desk Lamp,-0.9458806620828024,-0.5445686127534102,0.8853965666810519,-0.5664219223901124,-1.2068670558994468,-0.5597397871318933,-0.3743067988990113,-0.5688281282555604,0.12419948989865076,0,2,3,0,1,2023,6,2,0,0,0,0,0,1,0,0,0,0,0,0,0,0,0,0,0,1,0,0,0,0,0,0,0,0,0,0,1,0,1,0,0,0,0,0,1,0
ORD-11733,2023-06-13,Michael Khan,Tape Dispenser Heavy Duty,-0.2061890397306598,-0.6873335387951166,0.19663999983464828,-0.5005113827458344,-0.371919393252339,-0.4724192240143922,0.30161221063478194,-0.6884048086171332,-0.014105821417106389,0,2,3,2,2,2023,6,2,0,1,0,0,0,1,0,0,0,0,0,0,0,0,0,0,0,1,0,0,0,0,0,0,0,0,0,1,0,0,1,0,0,0,0,0,1,0
ORD-10358,2023-06-14,Isabella Ahmed,Leather Belt Classic,0.5335025826214829,-0.7073862095023882,-1.180873133858159,-0.4080640728758753,0.6315498159840925,-0.3819722793697866,0.4007804127750683,-0.6844097351949148,-0.10553916565210571,0,1,0,1,2,2023,6,2,0,0,0,0,0,0,0,0,0,0,0,0,0,0,1,0,0,0,0,0,0,0,0,0,0,0,0,0,0,0,1,0,0,0,0,0,0,1
ORD-11932,2023-06-14,Felix Hassan,Paper Clips Box 500pc,-0.9458806620828024,-0.8405662111808704,0.8853965666810519,-0.6185804017992097,-0.8966342087690992,-0.617905024845466,-4.214658078172846,-0.8436616274736914,4.051212112150589,0,2,0,0,1,2023,6,2,0,0,1,1,0,0,0,0,0,0,0,0,0,0,0,1,0,0,0,0,0,0,0,0,0,0,0,1,0,0,1,0,0,0,0,0,0,1
ORD-10042,2023-06-17,Amir Thompson,Floating Wall Shelves Set,2.012885827325768,-0.5004275137122465,-0.4921165670117554,0.1187757860578195,0.7349607650275415,0.0714257486075131,0.3939782617257345,-0.48148755757671574,-0.5336584706080412,1,0,3,1,0,2023,6,2,1,1,0,0,1,0,0,0,0,0,0,0,0,0,0,0,0,0,0,0,1,0,0,0,0,0,1,0,0,1,0,0,0,1,0,0,0,0
ORD-10569,2023-06-17,Chen Miller,Smart LED Desk Lamp,-0.2061890397306598,-0.0491793640857219,-0.4921165670117554,-0.1160811665897603,-0.4178798150494275,-0.049703358931002244,0.5969687693558514,-0.013237400262215756,-0.5468618416167054,1,2,2,1,0,2023,6,2,1,0,0,1,0,0,0,0,0,0,0,0,0,0,0,1,0,0,0,0,0,0,0,0,0,0,0,0,1,0,0,1,0,1,0,0,0,0
ORD-11665,2023-06-18,Priya Jackson,Corner L-Shaped Desk,2.3827316385018396,4.098066066970351,-0.4921165670117554,9.258536199205343,1.4186220392592326,9.409636543880195,0.583364467257184,4.290421003534484,-0.7079429679224081,1,0,1,1,0,2023,6,2,1,0,0,1,0,0,0,0,0,0,0,0,0,0,0,1,0,0,0,0,0,0,0,0,0,0,1,0,0,1,0,0,0,0,1,0,0,0
ORD-10876,2023-06-19,Karen Wang,Standing Desk Converter,0.16365677144541152,0.5130521202728712,-1.180873133858159,0.5588678581848052,0.16811556286345036,0.6485703198204387,0.6073509999048344,0.648704937453634,-0.6260820676686903,1,1,1,1,0,2023,6,2,0,1,0,0,1,0,0,0,0,0,0,0,0,0,0,0,0,0,0,1,0,0,0,0,0,0,1,0,0,0,0,1,1,0,0,0,0,0
ORD-11258,2023-06-19,Carlos Dubois,Polarized Sunglasses,-0.9458806620828024,0.07265006926788975,1.5741531335274555,-0.4680136434448279,-0.4580951841218801,-0.481434835859996,0.031316208411257596,-0.050295150282103976,-0.17749753764932538,0,2,2,0,1,2023,6,2,0,0,0,0,0,0,1,0,1,0,0,0,0,0,0,0,0,0,0,0,0,0,0,0,0,0,0,0,0,0,1,0,1,0,0,0,0,0
ORD-11375,2023-06-19,Raj Chen,Desk Calendar 2025,-0.5760348509067311,-0.7718322141024869,0.8853965666810519,-0.5795203675951037,-0.12296710851810994,-0.5961657672500184,-1.1612082729219337,-0.7798782138706866,1.2369135816538233,0,2,0,0,1,2023,6,2,0,0,1,0,0,0,0,0,0,0,0,0,0,0,0,0,1,0,0,0,0,0,0,0,0,0,0,1,0,1,0,0,1,0,0,0,0,0
ORD-10546,2023-06-20,Xiao Taylor,Monitor Riser Wood,0.16365677144541152,-0.39171429264515195,0.8853965666810519,-0.25768032672994645,0.7081505189792404,-0.39091518466824837,-0.0771602004281171,-0.42693414119056033,-0.344520180908927,1,1,3,0,2,2023,6,2,0,1,0,0,1,0,0,0,0,0,0,0,0,0,0,0,0,0,0,0,0,0,0,1,0,0,1,0,0,0,0,0,0,0,0,0,1,0
ORD-10860,2023-06-21,Fatima Jackson,Tablet Stand Holder,-0.2061890397306598,-0.3128909015002168,0.8853965666810519,-0.3099433845438741,0.030234297472185135,-0.35499815038011723,0.16914926914775666,-0.35378296921821567,-0.3771985241553708,1,2,2,0,2,2023,6,2,0,0,1,1,0,0,0,0,0,0,0,0,0,1,0,0,0,0,0,0,0,0,0,0,0,0,0,0,1,0,1,0,0,0,0,0,0,1
ORD-11307,2023-06-22,William Clark,Sports Water Bottle 750ml,0.16365677144541152,-0.5767285563405437,0.19663999983464828,-0.37365777768671643,0.0819397719939096,-0.35339860634299397,0.3943362696756995,-0.5797112593022933,-0.28279442144342204,0,1,3,2,2,2023,6,2,0,1,0,0,0,1,0,0,0,0,0,0,0,0,0,0,0,1,0,0,0,0,0,0,0,0,0,0,0,0,0,1,0,0,0,1,0,0
ORD-10182,2023-06-23,Emma Pereira,Tape Dispenser Heavy Duty,2.7525774496779105,-0.6298239926157719,0.19663999983464828,-0.028026149722672575,0.25429135373299144,0.1607820950449892,0.8533024615307434,-0.6319227360961138,-0.5227656895258932,1,0,3,2,0,2023,6,2,0,0,0,0,0,1,0,0,0,1,0,0,0,0,0,0,0,0,0,0,0,0,0,0,0,0,0,1,0,0,1,0,0,0,0,0,0,0
ORD-10674,2023-06-23,Ahmed Garcia,Sports Water Bottle 750ml,2.3827316385018396,-0.7410595621995043,-0.4921165670117554,-0.2715631099711649,4.335193805799473,-0.3592878366614933,0.059956844408452246,-0.7312485270416137,0.12188889997213452,1,0,0,1,2,2023,6,2,0,1,0,0,1,0,0,0,0,0,0,0,0,0,0,0,0,0,0,0,0,0,0,1,0,0,0,0,0,0,0,1,0,0,0,0,0,0
ORD-11336,2023-06-23,Ayumi Robinson,Mesh Back Task Chair,-0.9458806620828024,2.234050513174926,-0.4921165670117554,-0.011319749551036908,-0.40638970960015564,-0.018512250207098804,0.44016128727121095,2.356116661418304,-0.576239342110983,1,2,1,1,0,2023,6,2,0,1,0,0,0,0,0,1,0,0,0,0,0,0,0,0,0,0,0,0,0,0,0,0,0,0,1,0,0,0,0,0,0,0,0,0,0,0
ORD-10712,2023-06-24,Mary Johansson,Wireless Ergonomic Mouse,1.2731942049736253,-0.19358381666324315,0.8853965666810519,0.2685059171735593,0.746450870476814,0.18557502762039957,0.3724977847278386,-0.2430230026160215,-0.5650164767536185,1,1,2,0,0,2023,6,2,1,0,0,0,0,0,0,0,0,0,0,0,0,0,1,0,0,0,0,0,0,0,0,0,0,0,0,0,1,0,0,1,0,1,0,0,0,0
ORD-10788,2023-06-26,Michael Martin,Desk Calendar 2025,-0.9458806620828024,-0.6733345045277761,0.19663999983464828,-0.5865009761175243,-0.23786816301083108,-0.597038245815722,-1.2510682683631318,-0.674628693368104,1.418459933022955,0,2,3,2,1,2023,6,2,0,0,0,0,1,0,0,0,0,0,0,0,0,0,0,0,0,0,0,1,0,0,0,0,0,0,0,1,0,0,1,0,1,0,0,0,0,0
ORD-10212,2023-06-27,Karen Sato,Leather Belt Classic,-0.2061890397306598,-0.3560230611347253,0.19663999983464828,-0.31506772638055736,0.2638664416073847,-0.2878900073680826,0.45483961321977306,-0.3627374441300846,-0.3385786639550281,1,2,3,2,2,2023,6,2,0,1,0,1,0,0,0,0,0,0,0,0,0,1,0,0,0,0,0,0,0,0,0,0,0,0,0,0,0,0,1,0,0,0,0,0,1,0
ORD-11068,2023-06-27,Isabella Kumar,Desk Calendar 2025,-0.5760348509067311,-0.7903714756997758,0.19663999983464828,-0.583259045567786,-0.36234430537794576,-0.5878045143286922,-0.9796982422897128,-0.7896592556974973,1.1679259681335528,0,2,0,2,1,2023,6,2,0,1,0,1,0,0,0,0,0,0,0,0,0,0,0,1,0,0,0,0,0,0,0,0,0,0,0,1,0,1,0,0,0,0,0,0,1,0
ORD-11653,2023-06-27,Carlos Rodriguez,Silk Tie Collection,-0.9458806620828024,-0.5902231209045565,-1.180873133858159,-0.5640689082814313,0.10108994774269639,-0.5787161959359465,-0.7380428760633831,-0.5564296245314342,0.945119082362345,0,2,3,1,1,2023,6,2,0,0,0,0,1,0,0,0,0,0,0,0,0,0,0,0,0,0,0,0,0,0,0,1,0,0,0,0,0,1,0,0,0,0,0,0,1,0
ORD-11771,2023-06-27,James Tanaka,Floating Wall Shelves Set,0.5335025826214829,0.2686365490106563,-1.180873133858159,0.6036012708509533,1.1505195787762168,0.661003139381715,0.572266220808271,0.38172382392744936,-0.5937338086974631,1,1,1,1,0,2023,6,2,0,0,0,0,1,0,0,0,0,0,0,0,0,0,0,0,0,0,0,1,0,0,0,0,0,0,1,0,0,0,1,0,0,0,0,0,1,0
ORD-10480,2023-06-28,Priya Thomas,Polarized Sunglasses,-0.5760348509067311,-0.5457036695858971,0.19663999983464828,-0.49196209815095987,-0.21680296968716564,-0.4882692512913408,0.09575763940494553,-0.5491282834494486,-0.00783422018799087,0,2,3,2,1,2023,6,2,0,0,0,1,0,0,0,0,0,0,0,0,0,0,0,1,0,0,0,0,0,0,0,0,0,0,0,0,0,1,0,0,0,0,0,0,0,1
ORD-10700,2023-06-28,Mia Harris,Leather Belt Classic,-0.2061890397306598,-0.4180728346440183,-1.180873133858159,-0.3182835123290882,-0.11339202064371637,-0.2288522910888063,0.7079512338449806,-0.3683856513821866,-0.38875147378795194,1,2,3,1,2,2023,6,2,0,1,0,0,0,1,0,0,0,1,0,0,0,0,0,0,0,0,0,0,0,0,0,0,0,0,0,0,0,1,0,0,0,0,0,0,0,1
ORD-10661,2023-06-29,Olga Nilsson,Webcam HD 1080p,2.012885827325768,0.013879348830226183,0.19663999983464828,0.9427751823167279,-0.25127328603498195,1.0427852184241784,0.6069929919548696,0.0009519984442842614,-0.6623913379425168,1,0,2,2,0,2023,6,2,0,0,0,0,0,1,0,0,0,1,0,0,0,0,0,0,0,0,0,0,0,0,0,0,0,0,0,0,1,0,1,0,0,0,0,1,0,0
ORD-10747,2023-06-29,Olga Patel,Cotton Formal Shirt,-0.9458806620828024,-0.6160771932000952,1.5741531335274555,-0.5822394061206907,-0.6112965901121749,-0.5947843428543209,-1.1497520185230559,-0.6521736255121866,0.911120402015035,0,2,3,0,1,2023,6,2,0,0,0,0,0,0,0,0,0,0,0,0,0,0,0,0,1,0,0,0,0,0,0,0,0,0,0,0,0,0,0,0,0,0,0,1,0,0
ORD-10432,2023-07-01,Priya Schmidt,Laptop Stand Adjustable,-0.2061890397306598,-0.1350653310772433,0.19663999983464828,-0.19140376266876258,-0.13828724911713944,-0.18806391814216342,0.4179647943733851,-0.1454881066528953,-0.4881068406281498,1,2,2,2,2,2023,7,3,1,1,0,1,0,0,0,0,0,0,0,0,0,0,0,0,0,0,0,0,0,0,1,0,0,0,0,0,1,1,0,0,0,1,0,0,0,0
ORD-10483,2023-07-01,Noah Jones,Portable External SSD 1TB,-0.2061890397306598,0.30243601913360457,0.19663999983464828,0.05349271684252325,0.4074927597232862,0.056084667160558294,0.4709499709681952,0.28460221142179404,-0.5369593133602072,1,2,1,2,0,2023,7,3,1,0,1,0,0,0,0,1,0,0,0,0,0,0,0,0,0,0,0,0,0,0,0,0,0,0,0,0,1,0,1,0,0,1,0,0,0,0
ORD-10792,2023-07-01,Oscar Schmidt,Stapler Full-Size,0.5335025826214829,-0.6878380084984441,0.19663999983464828,-0.4123779320751241,0.4457931112208601,-0.38095438770979906,0.4283470249223681,-0.6889558532270944,-0.13128573911900074,0,1,3,2,2,2023,7,3,1,0,0,0,0,0,0,1,0,0,0,0,0,0,0,0,0,0,0,0,0,0,0,0,0,0,0,1,0,0,0,1,0,1,0,0,0,0
ORD-11387,2023-07-01,Marco Harris,Corner L-Shaped Desk,-0.9458806620828024,1.5039567350340795,1.5741531335274555,-0.23064680908132154,-0.16126746001568354,-0.38524407399117505,-0.10186274897569739,1.2004383531772505,-0.46731153128950376,1,2,1,0,2,2023,7,3,1,0,0,0,1,0,0,0,0,0,0,0,0,0,0,0,0,0,0,0,0,0,0,1,0,0,1,0,0,0,0,1,0,1,0,0,0,0
ORD-11564,2023-07-01,Giulia Johnson,Cotton Formal Shirt,-0.2061890397306598,-0.3120080795193936,0.8853965666810519,-0.30949892632334547,-0.5749112561894799,-0.27858356933391104,0.4716659868681249,-0.35295640230327396,-0.4620301828860381,1,2,2,0,2,2023,7,3,1,1,0,0,0,1,0,0,0,0,0,0,0,0,0,0,0,1,0,0,0,0,0,0,0,0,0,0,0,0,1,0,0,1,0,0,0,0
ORD-10381,2023-07-03,Sophie Harris,Smart LED Desk Lamp,-0.5760348509067311,-0.3424023791448806,-0.4921165670117554,-0.40403780428991,-0.0999868976195655,-0.39898561140100663,0.2855018528863598,-0.3175517861132691,-0.2600186064534764,0,2,3,1,2,2023,7,3,0,0,0,0,0,0,0,0,0,0,0,0,0,0,1,0,0,0,0,0,0,0,0,0,0,0,0,0,1,0,1,0,1,0,0,0,0,0
ORD-11603,2023-07-03,Lucas Chen,Standing Desk Converter,1.2731942049736253,2.9807917915255833,1.5741531335274555,3.9005923507324747,1.3477663889887217,2.429662605157179,0.13728656160087774,2.4909848297062993,-0.6878078271341953,1,1,1,0,0,2023,7,3,0,1,0,0,1,0,0,0,0,0,0,0,0,0,0,0,0,0,0,1,0,0,0,0,0,0,1,0,0,0,1,0,1,0,0,0,0,0
ORD-11019,2023-07-04,Robert Smith,Desk Organizer Set,-0.9458806620828024,-0.6203651856783797,-1.180873133858159,-0.5703174679700399,0.053214508370729226,-0.603145595775647,-1.2385379901143592,-0.5893545399766138,1.0764926238985537,0,2,3,1,1,2023,7,3,0,0,1,0,1,0,0,0,0,0,0,0,0,0,0,0,0,0,0,0,1,0,0,0,0,0,1,0,0,0,1,0,0,0,0,0,1,0
ORD-10977,2023-07-05,Ingrid Khan,Whiteboard Markers Set 8,0.16365677144541152,-0.7236553574347027,0.8853965666810519,-0.491648362936469,-0.8200335057739521,-0.45467882651175257,0.3989903730252436,-0.7351058393113419,-0.20093352118970423,0,1,0,0,2,2023,7,3,0,0,1,0,0,1,0,0,0,0,0,0,0,0,0,0,0,1,0,0,0,0,0,0,0,0,0,1,0,1,0,0,0,0,0,0,0,1
ORD-10008,2023-07-06,Lucas White,Ballpoint Pen Pack 12,-0.9458806620828024,-0.8366565709800817,0.19663999983464828,-0.6169855811255481,-1.1896318977255382,-0.6033637154170729,-2.737159268667568,-0.8352581971717837,2.785008832419696,0,2,0,2,1,2023,7,3,0,0,1,0,0,1,0,0,0,1,0,0,0,0,0,0,0,0,0,0,0,0,0,0,0,0,0,1,0,0,1,0,0,0,0,1,0,0
ORD-11100,2023-07-06,Nadia Jackson,Stapler Full-Size,-0.5760348509067311,-0.6761090878960778,0.19663999983464828,-0.5406172009982432,-1.2489974425467778,-0.4948855470812597,0.4301370646721928,-0.6773839164179098,-0.13260607621986725,0,2,3,2,1,2023,7,3,0,1,0,0,0,1,0,0,0,0,0,0,0,0,0,0,0,0,0,0,0,0,0,0,0,1,0,1,0,0,0,0,0,0,0,1,0,0
ORD-11464,2023-07-06,Chen Jones,Bookshelf 5-Tier,0.16365677144541152,1.5227482314830316,-1.180873133858159,1.39612256725595,-0.2838285848079196,1.5970272272873844,0.6628422321493992,1.7516207242909057,-0.677245130327264,1,1,1,1,0,2023,7,3,0,0,1,0,0,0,0,0,0,0,0,0,0,0,0,0,1,0,0,0,0,0,0,0,0,0,1,0,0,0,1,0,0,0,0,1,0,0
ORD-11562,2023-07-06,Susan Miller,Smart LED Desk Lamp,-0.5760348509067311,-0.26874980245905317,0.8853965666810519,-0.40223382680658776,-1.1034561068559976,-0.402548232210963,0.25793524073906005,-0.3127301457761089,-0.4593895086843052,0,2,2,0,2,2023,7,3,0,1,0,0,0,1,0,0,0,0,0,0,0,0,0,0,0,1,0,0,0,0,0,0,0,0,0,0,1,0,0,1,0,0,0,1,0,0
ORD-10083,2023-07-07,Priya Thomas,Stapler Full-Size,-0.9458806620828024,-0.6773702621543968,-0.4921165670117554,-0.5846969986342021,-0.08083672187077871,-0.5969655392685799,-1.229229783415271,-0.665123173846274,1.4841467037910594,0,2,3,1,1,2023,7,3,0,0,1,0,0,0,1,0,0,0,0,0,0,0,0,0,0,0,0,0,0,0,0,0,0,0,0,1,0,0,0,0,0,0,0,0,0,0
ORD-10112,2023-07-07,Ahmed Thompson,Silk Tie Collection,1.2731942049736253,-0.38212936828192784,1.5741531335274555,-0.0034240799863514623,0.652615009307758,-0.03916090959541716,0.3835960311767515,-0.4477360752165943,-0.5023004644624638,1,1,3,0,0,2023,7,3,0,0,0,1,0,0,0,0,0,0,0,0,0,0,0,1,0,0,0,0,0,0,0,0,0,0,0,0,0,0,1,0,0,0,0,0,0,0
ORD-11077,2023-07-08,Diego Kim,Laptop Stand Adjustable,0.5335025826214829,-0.29409940505126436,-1.180873133858159,0.02031521791011996,1.2328653344960003,0.09992671508716378,0.6173752225038526,-0.23296643848423026,-0.4706123740416698,1,1,2,1,0,2023,7,3,1,0,1,1,0,0,0,0,0,0,0,0,0,0,0,0,0,0,0,0,0,0,1,0,0,0,0,0,1,0,1,0,0,1,0,0,0,0
ORD-10003,2023-07-09,Priya Martinez,Desk Organizer Set,-0.2061890397306598,-0.2546246507658808,0.8853965666810519,-0.2791450443213595,0.3787674961001062,-0.395931936421044,-0.05675374728011592,-0.2996428362895312,-0.36333498459627345,1,2,2,0,2,2023,7,3,1,0,0,0,0,0,0,0,0,0,0,0,0,0,0,0,1,0,0,0,0,0,0,0,0,0,1,0,0,0,0,1,0,0,1,0,0,0
ORD-10024,2023-07-09,Giulia Dubois,Paper Clips Box 500pc,-0.5760348509067311,-0.8830677836862194,-1.180873133858159,-0.6161228092856984,0.3864275663996208,-0.6595658763578126,-6.816659858517977,-0.8763110206138904,6.713671876047718,0,2,0,1,1,2023,7,3,1,0,0,0,0,0,1,0,1,0,0,0,0,0,0,0,0,0,0,0,0,0,0,0,0,0,0,1,0,0,1,0,0,0,1,0,0,0
ORD-10404,2023-07-10,Carlos Schmidt,Whiteboard Markers Set 8,-0.5760348509067311,-0.7747329148966207,-1.180873133858159,-0.5712063844110972,-0.6112965901121749,-0.5529780782476905,-0.20819111011528252,-0.7579741906247303,0.6209763240996398,0,2,0,1,1,2023,7,3,0,1,0,1,0,0,0,0,0,0,0,0,0,0,0,0,0,0,0,0,0,0,0,0,1,0,0,1,0,0,0,1,1,0,0,0,0,0
ORD-11154,2023-07-10,Oscar Johnson,Sports Water Bottle 750ml,0.9033483937975542,-0.6566870043179658,-0.4921165670117554,-0.31661025785180386,-0.72045259188026,-0.22667109467454735,0.7093832656448403,-0.6436324340577885,-0.4768839752707853,1,1,3,1,2,2023,7,3,0,0,0,0,0,1,0,0,0,0,0,0,0,0,0,0,0,0,0,0,0,0,0,0,0,1,0,0,0,0,1,0,1,0,0,0,0,0
ORD-11859,2023-07-10,Jennifer Garcia,Polarized Sunglasses,-0.9458806620828024,-0.17870196041507938,0.19663999983464828,-0.49423667845601815,-1.2068670558994468,-0.45351552175748105,0.4304950726221577,-0.18846958622986615,-0.31646301751551564,0,2,2,2,2,2023,7,3,0,0,0,0,0,1,0,0,0,1,0,0,0,0,0,0,0,0,0,0,0,0,0,0,0,0,0,0,0,0,1,0,1,0,0,0,0,0
ORD-10107,2023-07-11,Noah Santos,Binder Clips Assorted 48pc,-0.9458806620828024,-0.791254297680599,-0.4921165670117554,-0.6071290664702951,-0.2876586199576769,-0.6219765914854162,-2.8911026871524896,-0.7833222426829438,3.0147474879704523,0,2,0,1,1,2023,7,3,0,0,0,0,0,0,0,0,0,0,0,0,0,0,0,0,0,0,0,0,0,1,0,0,0,0,0,1,0,0,1,0,0,0,0,0,1,0
ORD-11182,2023-07-11,Elizabeth Harris,Webcam HD 1080p,0.9033483937975542,-0.13115569087645448,-1.180873133858159,0.3537373171102296,0.18918075618711613,0.5568146573272779,0.7627264501896154,-0.05497902946677393,-0.6042965055043944,1,1,2,1,0,2023,7,3,0,1,0,0,0,1,0,0,0,0,0,0,0,0,0,0,0,1,0,0,0,0,0,0,0,0,0,0,1,0,0,0,0,0,0,0,1,0
ORD-11380,2023-07-12,Ali Jones,Wool Blend Scarf,0.16365677144541152,-0.23595927174276024,-1.180873133858159,-0.06222328810217104,-0.2953186902571918,0.13409879224388768,0.8873132167774119,-0.169458547186206,-0.5541236956714706,1,1,2,1,0,2023,7,3,0,0,0,0,0,1,0,0,0,0,0,0,0,0,0,0,0,1,0,0,0,0,0,0,0,0,0,0,0,0,1,0,0,0,0,0,0,1
ORD-10015,2023-07-13,Jamal Harris,Smart LED Desk Lamp,-0.5760348509067311,-0.3861651259085485,1.5741531335274555,-0.4547583306325911,-0.13062717881762453,-0.5110991070939181,-0.23790576996237195,-0.4511801040288516,-0.13557683469681667,0,2,3,0,1,2023,7,3,0,1,0,0,1,0,0,0,0,0,0,0,0,0,0,0,0,0,0,1,0,0,0,0,0,0,0,0,1,0,0,1,0,0,0,1,0,0
ORD-10545,2023-07-13,Elizabeth Williams,Folding Table Portable,-0.5760348509067311,0.5022060216513281,0.19663999983464828,-0.10094344249057868,-0.35085419992867356,-0.16443429032102447,0.2822797813366755,0.48104961487294945,-0.5462016730662721,1,2,1,2,2,2023,7,3,0,1,0,1,0,0,0,0,0,0,0,0,0,0,0,1,0,0,0,0,0,0,0,0,0,0,1,0,0,0,1,0,0,0,0,1,0,0
ORD-10961,2023-07-13,Lucas Suzuki,Wireless Ergonomic Mouse,-0.9458806620828024,-0.14919048277041563,0.8853965666810519,-0.4967727047731522,-0.41213476232479157,-0.5215688498823612,-0.18921668876714104,-0.20183241802142438,-0.04678416466355014,0,2,2,0,1,2023,7,3,0,1,0,0,0,0,1,0,1,0,0,0,0,0,0,0,0,0,0,0,0,0,0,0,0,0,0,0,1,0,1,0,0,0,0,1,0,0
ORD-10511,2023-07-14,Clara Nilsson,Paper Clips Box 500pc,0.5335025826214829,-0.8810499048729091,-0.4921165670117554,-0.5903442324950368,0.13364524651563406,-0.6133972189226643,-1.7877221853605663,-0.8764487817663809,1.9980879203033117,0,1,0,1,1,2023,7,3,0,0,0,0,0,0,0,0,0,0,0,0,0,0,0,0,1,0,0,0,0,0,0,0,0,0,0,1,0,0,0,0,0,0,0,0,0,0
ORD-11806,2023-07-14,Ali Harris,Ergonomic Office Chair,0.5335025826214829,4.049636975450903,-0.4921165670117554,4.264865079357514,-0.15360738971616894,4.353041603250746,0.5794263798075698,4.240138182875527,-0.7043120408950255,1,1,1,1,0,2023,7,3,0,0,0,0,0,0,0,1,0,0,0,0,0,0,0,0,0,0,0,0,0,0,0,0,0,0,1,0,0,0,0,0,0,0,0,0,0,0
ORD-10283,2023-07-15,Hans Singh,Filing Cabinet 3-Drawer,0.16365677144541152,1.1174068248593176,0.19663999983464828,0.8906689921100457,-0.5193757465179981,0.761192761343344,0.41438471487373574,1.0858210743053283,-0.6680027706211991,1,1,1,2,0,2023,7,3,1,0,1,1,0,0,0,0,0,0,0,0,0,0,0,0,0,0,0,0,0,0,1,0,0,0,1,0,0,0,0,0,0,1,0,0,0,0
ORD-10625,2023-07-15,Olga Schmidt,Ergonomic Office Chair,1.2731942049736253,2.024947821145642,-1.180873133858159,3.647042008221484,1.606293761597344,4.029133935733288,0.6689283672988031,2.3001856335072457,-0.6828565630059462,1,1,1,1,0,2023,7,3,1,0,0,0,0,0,0,0,0,0,0,0,0,0,0,0,0,0,0,0,0,1,0,0,0,0,1,0,0,0,1,0,0,1,0,0,0,0
ORD-11098,2023-07-16,David Thompson,Polarized Sunglasses,1.2731942049736253,-0.5376321543326558,0.19663999983464828,-0.12776780332954302,-0.43319995564845704,-0.029927178108387513,0.6775205580979613,-0.5412758977575022,-0.5442211674149725,1,1,3,2,0,2023,7,3,1,0,0,1,0,0,0,0,0,0,0,0,0,1,0,0,0,0,0,0,0,0,0,0,0,0,0,0,0,0,1,0,0,0,1,0,0,0
ORD-11395,2023-07-16,Priya Ali,Leather Belt Classic,0.5335025826214829,-0.6508856027296986,-1.180873133858159,-0.34950016617092394,-0.5481010101411785,-0.2557537135313337,0.7426780049915791,-0.6226927388792642,-0.42076964848396253,0,1,3,1,2,2023,7,3,1,0,1,1,0,0,0,0,0,0,0,0,0,0,0,0,0,0,0,0,0,0,0,0,1,0,0,0,0,0,0,1,0,0,1,0,0,0
ORD-10090,2023-07-17,Jamal Jones,Whiteboard Markers Set 8,-0.2061890397306598,-0.6853156599818063,0.19663999983464828,-0.499387164893909,-0.5806563089141161,-0.4629673728859367,0.3839540391267164,-0.686476152482269,-0.09035528899214189,0,2,3,2,2,2023,7,3,0,0,0,0,0,1,0,0,0,1,0,0,0,0,0,0,0,0,0,0,0,0,0,0,0,0,0,1,0,0,1,0,1,0,0,0,0,0
ORD-10904,2023-07-18,Thomas Thompson,Wireless Bluetooth Headphones,-0.9458806620828024,1.4758325490735664,0.19663999983464828,-0.18554737199826743,-0.371919393252339,-0.17286824978949256,0.44660543037057976,1.4380763412230029,-0.5145135826454781,1,2,1,2,2,2023,7,3,0,0,0,0,0,0,0,0,0,0,0,0,0,0,1,0,0,0,0,0,0,0,0,0,0,0,0,0,1,0,0,1,0,0,0,0,1,0
ORD-10266,2023-07-19,Fatima Costa,Monitor Riser Wood,-0.2061890397306598,-0.10643667541340283,2.2629097003738594,-0.25171935765462106,0.6277197808343352,-0.4828889668028354,-0.39721930769676705,-0.25142643291792927,-0.3600341418441074,1,2,2,3,1,2023,7,3,0,1,0,0,0,0,0,0,0,0,0,0,0,0,1,0,0,0,0,0,0,0,0,0,0,0,1,0,0,1,0,0,0,0,0,0,0,1
ORD-10424,2023-07-19,Diego Davis,Leather Belt Classic,-0.5760348509067311,-0.5802598442638367,0.19663999983464828,-0.5048513865462906,-0.41404977989967023,-0.49670321075980883,0.092893575805226,-0.5831552881145506,-0.004863461711041438,0,2,3,2,1,2023,7,3,0,1,0,1,0,0,0,0,0,0,0,0,0,0,0,0,0,0,0,0,0,0,1,0,0,0,0,0,0,0,0,1,0,0,0,0,0,1
ORD-11061,2023-07-19,Omar Müller,Mechanical Gaming Keyboard,2.3827316385018396,0.764530267381672,0.19663999983464828,2.518431863293205,1.638849060370282,2.675047201761314,0.6120051032543786,0.7389384923347747,-0.6670125177955492,1,0,1,2,0,2023,7,3,0,0,0,0,0,0,0,0,0,0,1,0,0,0,0,0,0,0,0,0,0,0,0,0,0,0,0,0,1,0,1,0,0,0,0,0,0,1
ORD-11808,2023-07-19,Mary Weber,Smart LED Desk Lamp,-0.5760348509067311,-0.21174472598303615,-0.4921165670117554,-0.3525590845122093,-1.068985790508181,-0.3018496644193401,0.5472056643107257,-0.1818570509103322,-0.5009801273615974,0,2,2,1,2,2023,7,3,0,1,0,0,0,1,0,0,0,1,0,0,0,0,0,0,0,0,0,0,0,0,0,0,0,0,0,0,1,0,0,1,0,0,0,0,0,1
ORD-10326,2023-07-20,Amina Johansson,Monitor Riser Wood,-0.9458806620828024,-0.2785869616739411,1.5741531335274555,-0.5262638149352885,-0.9253594723922796,-0.5617028639047263,-0.5261021696841428,-0.3572269980304729,-0.07583158088261127,0,2,2,0,1,2023,7,3,0,1,0,1,0,0,0,0,0,0,0,0,0,0,0,0,0,0,0,0,0,0,1,0,0,0,1,0,0,1,0,0,0,0,0,1,0,0
ORD-11349,2023-07-20,Liam Clark,Mechanical Gaming Keyboard,3.492269072030053,0.90805189797837,-0.4921165670117554,4.05908092325275,4.430944684543407,4.654991893531331,0.7190494802938936,0.9800205091927844,-0.6594205794655672,1,0,1,1,0,2023,7,3,0,0,0,0,0,0,1,0,0,0,0,0,0,0,0,0,0,0,0,0,0,0,0,0,0,0,0,0,1,1,0,0,0,0,0,1,0,0
ORD-10681,2023-07-22,Ethan Chen,Leather Belt Classic,0.5335025826214829,-0.5752151472305609,-0.4921165670117554,-0.28918457118506546,0.5089886911918569,-0.23721354401013237,0.556155863059849,-0.55918484758124,-0.3356079054780787,1,1,3,1,2,2023,7,3,1,1,0,0,0,1,0,0,0,1,0,0,0,0,0,0,0,0,0,0,0,0,0,0,0,0,0,0,0,0,0,1,0,1,0,0,0,0
ORD-10996,2023-07-22,Clara Williams,Cotton Formal Shirt,-0.5760348509067311,-0.25412018106255324,-0.4921165670117554,-0.36926548468384507,0.07619471926927365,-0.3262790642590407,0.5078247898145833,-0.22594061970722534,-0.2913766125990538,0,2,2,1,2,2023,7,3,1,0,0,0,0,0,1,0,0,0,0,0,0,0,0,0,0,0,0,0,0,0,0,0,0,0,0,0,0,0,0,1,0,1,0,0,0,0
ORD-11167,2023-07-22,Christopher Davis,Noise Cancelling Earbuds,0.5335025826214829,1.1928250455067915,-1.180873133858159,1.5615394590962304,0.4343030057715879,2.0590046278274365,0.8296739368330578,1.3912375493763038,-0.6660222649698995,1,1,1,1,0,2023,7,3,1,0,0,1,0,0,0,0,0,0,0,0,1,0,0,0,0,0,0,0,0,0,0,0,0,0,0,0,1,1,0,0,0,1,0,0,0,0
ORD-11391,2023-07-22,James Taylor,Stapler Full-Size,-0.9458806620828024,-0.7176017209947717,-0.4921165670117554,-0.5926188128000951,-0.3029787605567064,-0.6000919207956844,-1.4275661876958436,-0.7068648030508322,1.6680036450867077,0,2,0,1,1,2023,7,3,1,0,0,0,0,0,0,0,0,0,1,0,0,0,0,0,0,0,0,0,0,0,0,0,0,0,0,1,0,0,0,0,0,1,0,0,0,0
ORD-10949,2023-07-24,Chen Johnson,Monitor Riser Wood,-0.5760348509067311,-0.02925281080428233,0.8853965666810519,-0.31781290950735197,0.05704454352048652,-0.415344584507949,-0.05496370753029123,-0.09038364565677878,-0.36498540597235646,1,2,2,0,2,2023,7,3,0,0,0,0,1,0,0,0,0,0,0,0,0,0,0,0,0,0,1,0,0,0,0,0,0,0,1,0,0,1,0,0,1,0,0,0,0,0
ORD-11494,2023-07-25,Fatima Smith,Canvas Messenger Bag,-0.9458806620828024,-0.40672226631914765,-1.180873133858159,-0.5260285135244204,-0.2282930751364375,-0.5133530100553191,0.05279668540915349,-0.3559871476580604,0.21530274985843353,0,2,3,1,1,2023,7,3,0,1,0,0,0,0,1,0,0,0,0,1,0,0,0,0,0,0,0,0,0,0,0,0,0,0,0,0,0,1,0,0,0,0,0,0,1,0
ORD-10240,2023-07-26,Lucas Jones,Desk Organizer Set,-0.9458806620828024,-0.6582004134279485,1.5741531335274555,-0.5892200146431114,-0.15743742486592624,-0.6346275306881183,-2.3784353028027057,-0.6889558532270944,1.6323545433633146,0,2,3,0,1,2023,7,3,0,0,0,0,0,0,1,0,0,0,0,0,0,0,0,0,0,0,0,0,0,0,0,0,0,0,1,0,0,1,0,0,0,0,0,0,0,1
ORD-10945,2023-07-26,Karen Thomas,Tablet Stand Holder,-0.9458806620828024,-0.2591648780958291,-1.180873133858159,-0.4954393301115663,-1.283467758894594,-0.44995290094752477,0.4738140345679146,-0.19480659924441954,-0.33791849540459495,0,2,2,1,2,2023,7,3,0,1,0,0,0,1,0,0,0,0,0,0,0,0,0,0,0,0,0,0,0,0,0,0,0,1,0,0,1,0,1,0,0,0,0,0,0,1
ORD-11589,2023-07-27,Priya Nilsson,Stapler Full-Size,-0.9458806620828024,-0.7556891835960043,0.19663999983464828,-0.6018740016275741,-0.0655165812717492,-0.6249575599182368,-2.6505213447760547,-0.7556322510323953,2.7090894491198774,0,2,0,2,1,2023,7,3,0,0,0,0,1,0,0,0,0,0,0,0,0,0,0,0,0,0,0,0,0,0,0,1,0,0,0,1,0,0,0,1,0,0,0,1,0,0
ORD-11824,2023-07-27,Elizabeth Sato,Floating Wall Shelves Set,0.16365677144541152,0.032418610427514906,-1.180873133858159,0.16031955737664455,0.39408763669913566,0.19662642278597847,0.5389714814615324,0.12369718531313394,-0.563035971102319,1,1,2,1,0,2023,7,3,0,0,0,0,1,0,0,0,0,0,0,0,0,0,0,0,0,0,0,0,0,0,0,1,0,0,1,0,0,0,0,1,0,0,0,1,0,0
ORD-10045,2023-07-28,Sakura Jones,Paper Clips Box 500pc,-0.2061890397306598,-0.81193755551703,-1.180873133858159,-0.5632322810427891,1.0528536824574035,-0.6039453677942086,-1.2005891474180763,-0.7986137306093661,1.536300019275283,0,2,0,1,1,2023,7,3,0,1,0,0,1,0,0,0,0,0,0,0,0,0,0,0,0,0,0,1,0,0,0,0,0,0,0,1,0,0,0,0,0,0,0,0,0,0
ORD-11229,2023-07-28,Xiao Smith,USB-C Hub Multiport Adapter,-0.9458806620828024,-0.672325565121121,0.8853965666810519,-0.588932424029828,-0.3680893581025817,-0.6136880451112321,-1.761945612963091,-0.6874404805497012,1.403606140638208,0,2,3,0,1,2023,7,3,0,0,0,0,0,0,1,0,1,0,0,0,0,0,0,0,0,0,0,0,0,0,0,0,0,0,0,0,1,0,0,1,0,0,0,0,0,0
ORD-11934,2023-07-28,Robert Park,Desk Calendar 2025,-0.9458806620828024,-0.7891103014414568,0.19663999983464828,-0.6081225613161827,-1.2681476182955644,-0.5880226339701181,-1.2492782286133073,-0.7885571664775749,1.4158192588212222,0,2,0,2,1,2023,7,3,0,0,0,0,0,1,0,0,0,0,0,0,0,0,0,0,0,0,0,0,0,0,0,0,0,1,0,1,0,0,0,1,0,0,0,0,0,0
ORD-10001,2023-07-29,Joseph Johnson,Tape Dispenser Heavy Duty,-0.5760348509067311,-0.8052533319479395,-1.180873133858159,-0.5838603713955599,-1.155161581377722,-0.5516693603991351,-0.044223469031343214,-0.7913123895273807,0.4701278103256517,0,2,0,1,1,2023,7,3,1,1,0,0,0,1,0,0,0,0,0,0,0,0,0,0,0,0,0,0,0,0,0,0,0,1,0,1,0,0,0,1,0,1,0,0,0,0
ORD-11199,2023-07-29,Liam Wang,Tablet Stand Holder,-0.2061890397306598,-0.5062289153005137,0.8853965666810519,-0.41216877526546347,-0.3182989011557359,-0.4421005938561925,0.07141309880733011,-0.5332857509130652,-0.28741560129645455,0,2,3,0,2,2023,7,3,1,0,0,0,0,0,0,0,0,0,1,0,0,0,0,0,0,0,0,0,0,0,0,0,0,0,0,0,1,0,1,0,0,1,0,0,0,0
ORD-11680,2023-07-30,Olivia Sharma,Monitor Riser Wood,-0.2061890397306598,0.0026548979311874165,0.8853965666810519,-0.14314082883959275,0.08576980714366689,-0.27356681758111534,0.08179532935631313,-0.06076499787136618,-0.4907475148298826,1,2,2,0,2,2023,7,3,1,1,0,0,1,0,0,0,0,0,0,0,0,0,0,0,0,0,0,0,0,0,0,1,0,0,1,0,0,0,0,0,0,0,1,0,0,0
ORD-10755,2023-07-31,William Martinez,Tablet Stand Holder,-0.9458806620828024,-0.6737128568052718,-0.4921165670117554,-0.5839910944015978,-0.5825713264889948,-0.5913671351386486,-1.0763603887802446,-0.6614036227290362,0.9952918921952689,0,2,3,1,1,2023,7,3,0,1,0,0,0,0,0,0,0,0,0,0,0,0,0,0,0,0,0,0,0,1,0,0,0,0,0,0,1,0,1,0,1,0,0,0,0,0
ORD-11247,2023-07-31,Felix Costa,Bookshelf 5-Tier,0.16365677144541152,0.29222050764122093,1.5741531335274555,0.17391475000457968,0.3040818106798373,-0.12161013405440652,0.010551747313291423,0.14160613513687176,-0.5709579937075173,1,1,1,0,0,2023,7,3,0,0,1,0,1,0,0,0,0,0,0,0,0,0,0,0,0,0,0,1,0,0,0,0,0,0,1,0,0,0,0,0,1,0,0,0,0,0
ORD-10225,2023-08-01,Noah Smith,Mechanical Gaming Keyboard,2.3827316385018396,0.394123387713393,2.951666267220263,1.280511140716086,0.3730224433754699,0.4550254913285255,-0.02202697613351747,0.08663943529324541,-0.658760410915134,1,0,1,3,0,2023,8,3,0,1,0,1,0,0,0,0,0,0,0,0,1,0,0,0,0,0,0,0,0,0,0,0,0,0,0,0,1,0,1,0,0,0,0,0,1,0
ORD-10281,2023-08-01,Thomas Chen,Folding Table Portable,-0.2061890397306598,0.1275111495047645,0.19663999983464828,-0.044418814679817495,0.4343030057715879,-0.14182255415987308,0.23573874784123428,0.11267629311391048,-0.5036208015633301,1,2,2,2,2,2023,8,3,0,1,0,0,0,0,1,0,1,0,0,0,0,0,0,0,0,0,0,0,0,0,0,0,0,0,1,0,0,0,0,0,0,0,0,0,1,0
ORD-10980,2023-08-01,Olivia Moreau,Canvas Messenger Bag,2.3827316385018396,-0.10668891026506658,-0.4921165670117554,0.9777566587324533,0.3059968282547159,1.4393994330836026,0.8951893916766407,-0.07288797929051176,-0.6481977141082027,1,0,2,1,0,2023,8,3,0,0,0,0,0,1,0,0,0,1,0,0,0,0,0,0,0,0,0,0,0,0,0,0,0,0,0,0,0,0,0,0,0,0,0,0,1,0
ORD-11339,2023-08-01,Noah Oliveira,Mesh Back Task Chair,-0.2061890397306598,1.3769564872213598,-0.4921165670117554,0.7264808965265209,-0.7664130136773486,0.7510138447434688,0.541119529161322,1.4665928997884932,-0.6693231077220654,1,2,1,1,0,2023,8,3,0,0,0,1,0,0,0,0,0,0,0,0,0,0,0,0,0,0,0,0,0,0,0,0,1,0,1,0,0,0,0,1,0,0,0,0,1,0
ORD-10459,2023-08-02,Noah Russo,Tape Dispenser Heavy Duty,0.5335025826214829,-0.7862096006473231,-0.4921165670117554,-0.4969557169816052,-0.0463664055229624,-0.4698744948644234,0.2991061549850274,-0.7780873188883128,0.07468684861616015,0,1,0,1,2,2023,8,3,0,0,1,0,0,0,0,0,0,0,0,0,0,0,0,0,1,0,0,0,0,0,0,0,0,0,0,1,0,1,0,0,0,0,0,0,0,1
ORD-10885,2023-08-03,Amir Singh,Premium Notebook Set A5,-0.2061890397306598,-0.7898670059964481,-0.4921165670117554,-0.5537156462032344,-0.18807770606398527,-0.5475250872120431,-0.23146162686300312,-0.781944631158041,0.5645319130376008,0,2,0,1,1,2023,8,3,0,1,0,0,0,1,0,0,0,0,0,0,0,0,0,0,0,1,0,0,0,0,0,0,0,0,0,1,0,0,1,0,0,0,0,1,0,0
ORD-10680,2023-08-04,Mary Miller,Ballpoint Pen Pack 12,0.5335025826214829,-0.8329991656309567,-0.4921165670117554,-0.5430225043093393,1.4952227422543805,-0.5958022345143085,-0.9764761707400283,-0.8265792445648953,1.251107205488137,0,1,0,1,1,2023,8,3,0,0,0,0,0,0,1,0,0,0,0,0,0,0,0,0,0,0,0,0,0,0,0,0,0,0,0,1,0,0,0,1,0,0,0,0,0,0
ORD-11530,2023-08-04,Olivia Rossi,Folding Table Portable,-0.5760348509067311,-0.36699527718210034,0.19663999983464828,-0.42529336507166243,0.15279542226442086,-0.4842703911985327,-0.13945358372201536,-0.3736205751768177,-0.15769248113632908,0,2,3,2,1,2023,8,3,0,0,0,0,1,0,0,0,0,0,0,0,0,0,0,0,0,0,0,1,0,0,0,0,0,0,1,0,0,0,0,1,0,0,0,0,0,0
ORD-11642,2023-08-04,Wei Li,Wireless Bluetooth Headphones,-0.5760348509067311,0.9804433004058782,2.2629097003738594,-0.04099387192162613,-0.9694048766144895,-0.19526186630921805,0.11401604485315704,0.6389238956268232,-0.6115583595591597,1,2,1,3,2,2023,8,3,0,1,0,0,0,1,0,0,0,0,0,0,0,0,0,0,0,1,0,0,0,0,0,0,0,0,0,0,1,0,1,0,0,0,0,0,0,0
ORD-10228,2023-08-05,Sakura Rodriguez,Wireless Ergonomic Mouse,-0.9458806620828024,-0.4745734414167077,0.19663999983464828,-0.5494279316051934,-0.35659925265330983,-0.566937735298948,-0.5540267897814076,-0.479283379136871,0.40840205086014686,0,2,3,2,1,2023,8,3,1,1,0,0,0,0,0,0,0,0,1,0,0,0,0,0,0,0,0,0,0,0,0,0,0,0,0,0,1,0,0,1,0,1,0,0,0,0
ORD-10254,2023-08-05,Christopher Rossi,Ballpoint Pen Pack 12,1.2731942049736253,-0.732988046946263,1.5741531335274555,-0.4107308221990472,2.2765499128048843,-0.48681512034850144,-0.1920807523668605,-0.7542546395074924,0.23477772209621317,0,1,0,0,1,2023,8,3,1,1,0,0,0,0,0,0,0,0,0,0,0,0,0,0,1,0,0,0,0,0,0,0,0,0,0,1,0,0,1,0,0,1,0,0,0,0
ORD-10418,2023-08-05,Michael Rodriguez,Standing Desk Converter,-0.9458806620828024,1.6810256009020617,0.19663999983464828,-0.14724553122918085,-0.23212311028619514,-0.2118389590575863,0.25184910558965623,1.6398964296212797,-0.5181445096728607,1,2,1,2,2,2023,8,3,1,0,0,0,0,0,1,0,1,0,0,0,0,0,0,0,0,0,0,0,0,0,0,0,0,0,1,0,0,0,0,0,0,1,0,0,0,0
ORD-10842,2023-08-06,Hans Anderson,Canvas Messenger Bag,-0.9458806620828024,-0.49386940756898784,0.8853965666810519,-0.5575066133783319,-0.1708425478900771,-0.5779891304645268,-0.7240805660147508,-0.521851575256371,0.6394610435117697,0,2,3,0,1,2023,8,3,1,0,0,0,0,0,1,0,0,0,0,1,0,0,0,0,0,0,0,0,0,0,0,0,0,0,0,0,0,0,1,0,0,0,1,0,0,0
ORD-11769,2023-08-06,Liam Johansson,Desk Calendar 2025,0.5335025826214829,-0.805883919077099,-0.4921165670117554,-0.5163288664764129,1.8226907475586362,-0.5691916382603489,-0.6245543559244994,-0.7984759694568759,0.9266343629502153,0,1,0,1,1,2023,8,3,1,1,0,0,1,0,0,0,0,0,0,0,0,0,0,0,0,0,0,0,1,0,0,0,0,0,0,1,0,0,1,0,0,0,1,0,0,0
ORD-11929,2023-08-06,James Schmidt,Webcam HD 1080p,-0.2061890397306598,-0.07541178865875646,-1.180873133858159,-0.10517886788620456,-0.08849679217029363,-0.006951909211526194,0.6739404785983122,0.00591139993393474,-0.5224356052506766,1,2,2,1,0,2023,8,3,1,0,0,0,0,0,0,0,0,0,0,0,0,0,1,0,0,0,0,0,0,0,0,0,0,0,0,0,1,0,0,1,0,0,1,0,0,0
ORD-11501,2023-08-07,Wei Yamamoto,Canvas Messenger Bag,-0.2061890397306598,0.026995561116743283,-0.4921165670117554,-0.07108630791153643,-0.47916037744554557,0.08756660207302953,0.8060454121353723,0.06583750126721157,-0.5660067295792683,1,2,2,1,0,2023,8,3,0,1,0,1,0,0,0,0,0,0,0,0,0,0,0,0,0,0,0,0,0,0,1,0,0,0,0,0,0,0,0,0,1,0,0,0,0,0
ORD-10363,2023-08-08,Linda Brown,Mechanical Gaming Keyboard,-0.2061890397306598,0.22512603709865225,0.19663999983464828,0.010223401843998827,-0.8276935760734666,0.056157373707700194,0.550785743810375,0.20855805524715332,-0.6105681067335099,1,2,1,2,0,2023,8,3,0,0,0,0,0,1,0,0,0,0,0,0,0,0,0,0,0,1,0,0,0,0,0,0,0,0,0,0,1,1,0,0,0,0,0,0,1,0
ORD-10496,2023-08-08,Jamal Ahmed,Webcam HD 1080p,-0.5760348509067311,0.196119029157316,0.19663999983464828,-0.21516920516644156,-1.0096202456869419,-0.18072055688082486,0.5049607262148637,0.18004149668166292,-0.5683173195057846,1,2,2,2,2,2023,8,3,0,1,0,0,0,1,0,0,0,0,0,0,0,0,0,0,0,1,0,0,0,0,0,0,0,0,0,0,1,0,0,0,0,0,0,0,1,0
ORD-11960,2023-08-08,Ahmed Singh,Mesh Back Task Chair,-0.2061890397306598,0.5998209092452157,1.5741531335274555,0.12512892415125845,0.23322616040932567,-0.15280124277830992,0.004465612163887631,0.4103781436454299,-0.5650164767536185,1,2,1,0,2,2023,8,3,0,0,1,1,0,0,0,0,0,0,0,0,0,0,0,0,0,0,0,0,0,0,0,0,1,0,1,0,0,0,0,1,0,0,0,0,1,0
ORD-10838,2023-08-09,Pierre Wang,Business Casual Blazer,1.6430400161496967,-0.31806171595932464,1.5741531335274555,0.1715617358958985,2.425921283645422,0.07600626107745694,0.3284628068821519,-0.39166728615304575,-0.45179757035432333,1,0,2,0,0,2023,8,3,0,0,0,1,0,0,0,0,0,0,0,0,1,0,0,0,0,0,0,0,0,0,0,0,0,0,0,0,0,0,0,1,0,0,0,0,0,1
ORD-11909,2023-08-10,Ivan Davis,Folding Table Portable,0.5335025826214829,0.0729023041195535,0.19663999983464828,0.2973172677042988,0.6028245523609125,0.1685616955891796,0.3155745206834142,0.058949443642697,-0.5768995106614162,1,1,2,2,0,2023,8,3,0,1,0,0,0,0,0,1,0,0,0,0,0,0,0,0,0,0,0,0,0,0,0,0,0,0,1,0,0,0,1,0,0,0,0,1,0,0
ORD-10030,2023-08-11,Giulia Taylor,Whiteboard Markers Set 8,-0.5760348509067311,-0.7020892776174484,0.8853965666810519,-0.5549444424599902,0.02831927989730649,-0.5697005840903427,-0.5876795370781113,-0.7151304722002497,0.7091088255824731,0,2,0,0,1,2023,8,3,0,1,0,0,0,0,1,0,1,0,0,0,0,0,0,0,0,0,0,0,0,0,0,0,0,0,0,1,0,0,1,0,0,0,0,0,0,0
ORD-11169,2023-08-11,Hanna Rossi,Binder Clips Assorted 48pc,0.5335025826214829,-0.8269455291910256,0.19663999983464828,-0.5421335878682821,0.5530340954140663,-0.5654108978089667,-0.5454345989822492,-0.8257526776499535,0.7668735737453788,0,1,0,2,1,2023,8,3,0,0,0,1,0,0,0,0,0,0,0,0,0,1,0,0,0,0,0,0,0,0,0,0,0,0,0,1,0,0,0,1,0,0,0,0,0,0
ORD-11178,2023-08-11,William Kim,Bookshelf 5-Tier,-0.2061890397306598,0.3018054320044451,0.19663999983464828,0.05312669242561734,-0.44852009624748657,-0.01793059782996309,0.332758902281731,0.28391340565934264,-0.5930736401470299,1,2,1,2,0,2023,8,3,0,0,0,0,0,1,0,0,0,1,0,0,0,0,0,0,0,0,0,0,0,0,0,0,0,0,1,0,0,1,0,0,0,0,0,0,0,0
ORD-10651,2023-08-12,Giulia Pereira,Leather Belt Classic,-0.9458806620828024,-0.695405054048358,-1.180873133858159,-0.5858735056885427,-0.6266167307112044,-0.5814790447273412,-0.8228907602050721,-0.6713224257083371,1.021698634212597,0,2,0,1,1,2023,8,3,1,0,0,0,0,0,0,0,0,0,0,0,0,0,0,0,0,0,0,0,0,1,0,0,0,0,0,0,0,0,1,0,0,1,0,0,0,0
ORD-10737,2023-08-12,Barbara Hassan,Laptop Stand Adjustable,1.6430400161496967,0.02686944369091132,0.8853965666810519,0.7081273864788086,0.6296347984092142,0.6215234842836274,0.43407515212180703,-0.03830993001544867,-0.6214608878156578,1,0,2,0,0,2023,8,3,1,0,0,0,0,0,0,1,0,0,0,0,0,0,0,0,0,0,0,0,0,0,0,0,0,0,0,0,1,0,1,0,0,1,0,0,0,0
ORD-10952,2023-08-13,Karen Zhang,Premium Notebook Set A5,-0.5760348509067311,-0.717223368717276,0.19663999983464828,-0.5559640819070854,0.141305316815149,-0.568973518618923,-0.5740752349794439,-0.7177479340975652,0.7936104000379238,0,2,0,2,1,2023,8,3,1,0,1,0,0,0,0,0,0,0,0,0,0,0,1,0,0,0,0,0,0,0,0,0,0,0,0,1,0,0,1,0,0,0,1,0,0,0
ORD-11481,2023-08-13,Clara Clark,Monitor Riser Wood,-0.9458806620828024,-0.22372588143706623,-0.4921165670117554,-0.4953608963079436,-1.3007029170685023,-0.4804896507471505,0.18848169844586313,-0.19439331578694866,-0.3438600123584938,0,2,2,1,1,2023,8,3,1,0,1,0,0,1,0,0,0,0,0,0,0,0,0,0,0,1,0,0,0,0,0,0,0,0,1,0,0,0,1,0,0,0,1,0,0,0
ORD-10852,2023-08-14,Oscar White,Travel Backpack 30L,-0.9458806620828024,0.0697493684737561,0.19663999983464828,-0.44788230051500083,-1.0536656499091517,-0.4020392863809692,0.5010226387652494,0.05578093713542024,-0.3814896197331867,0,2,2,2,2,2023,8,3,0,1,0,0,0,1,0,0,0,0,0,0,0,0,0,0,0,0,0,0,0,0,0,0,0,1,0,0,0,0,1,0,1,0,0,0,0,0
ORD-11667,2023-08-14,John Brown,Noise Cancelling Earbuds,-0.9458806620828024,0.20128984361642388,-0.4921165670117554,-0.41164588324131207,-0.7127925215807455,-0.3845897150668974,0.40364447637478773,0.24671789448696393,-0.3686163329997391,0,2,2,1,2,2023,8,3,0,0,0,1,0,0,0,0,0,0,0,0,0,1,0,0,0,0,0,0,0,0,0,0,0,0,0,0,1,0,0,1,1,0,0,0,0,0
ORD-10277,2023-08-15,Amina Ali,Leather Wallet Minimalist,-0.9458806620828024,-0.6415529132181382,-0.4921165670117554,-0.5776379563081588,-1.1398414407786925,-0.5545776222848138,-0.18635262516742157,-0.6279276626738953,0.34931696559637476,0,2,3,1,1,2023,8,3,0,0,0,0,0,1,0,0,0,0,0,0,0,0,0,0,0,0,0,0,0,0,0,0,0,1,0,0,0,0,1,0,0,0,0,0,1,0
ORD-10356,2023-08-15,Oscar Thomas,Stapler Full-Size,0.16365677144541152,-0.7622472897392629,-0.4921165670117554,-0.505374278570442,-0.6381068361604766,-0.4596955782645482,0.46844391531844065,-0.7532903114400603,-0.0807828450108604,0,1,0,1,2,2023,8,3,0,0,1,0,0,1,0,0,0,1,0,0,0,0,0,0,0,0,0,0,0,0,0,0,0,0,0,1,0,0,1,0,0,0,0,0,1,0
ORD-10367,2023-08-15,Karen Russo,Laptop Stand Adjustable,2.012885827325768,-0.5791247874313498,-1.180873133858159,0.011530631904377208,-0.16126746001568354,0.1418783927880781,0.7194074882438585,-0.5443066431122886,-0.5643563082031853,1,0,3,1,0,2023,8,3,0,0,0,1,0,0,0,0,0,0,0,0,1,0,0,0,0,0,0,0,0,0,0,0,0,0,0,0,1,0,1,0,0,0,0,0,1,0
ORD-10558,2023-08-16,Susan Wang,Travel Backpack 30L,0.9033483937975542,0.06861431164126898,-1.180873133858159,0.6022156069869522,1.3113810550660265,0.9969800937247396,0.9238300276738352,0.16323463607784738,-0.5877922917435642,1,1,2,1,0,2023,8,3,0,0,0,0,0,0,1,0,0,0,0,0,0,0,0,0,0,0,0,0,0,0,0,0,0,0,0,0,0,0,0,1,0,0,0,0,0,1
ORD-11332,2023-08-16,Fatima Patel,Business Casual Blazer,-0.9458806620828024,-0.1374615621680493,0.19663999983464828,-0.48652402109978576,-1.0785608783825746,-0.44886230274039524,0.41116264332405134,-0.14783004624523027,-0.29863846665381905,0,2,2,2,2,2023,8,3,0,0,1,0,0,1,0,0,0,0,0,0,0,0,0,0,0,1,0,0,0,0,0,0,0,0,0,0,0,0,1,0,0,0,0,0,0,1
ORD-11526,2023-08-16,Ethan Kim,Business Casual Blazer,-0.9458806620828024,-0.17176550199432505,0.8853965666810519,-0.5007466841567025,-0.28191356723304095,-0.5087724975853751,-0.0492355803308523,-0.2227721131999487,0.017582269003687628,0,2,2,0,1,2023,8,3,0,1,0,0,0,0,1,0,0,0,0,1,0,0,0,0,0,0,0,0,0,0,0,0,0,0,0,0,0,0,0,1,0,0,0,0,0,1
ORD-11846,2023-08-16,Jennifer Garcia,Business Casual Blazer,-0.5760348509067311,0.9486617090962406,0.19663999983464828,0.06564995640404213,0.37110742580059125,0.1785951990947709,0.6757305183481367,0.9199566467070173,-0.5425707460388894,1,2,1,2,0,2023,8,3,0,0,0,0,0,0,1,0,0,0,0,0,0,0,0,0,0,0,0,0,0,0,0,0,0,0,0,0,0,1,0,0,0,0,0,0,0,1
ORD-10917,2023-08-17,Kenji Suzuki,Whiteboard Markers Set 8,-0.5760348509067311,-0.765778577662556,2.2629097003738594,-0.5839910944015978,-0.7127925215807455,-0.5893313518186735,-1.0233752121854347,-0.7915879118323613,0.876791637392508,0,2,0,3,1,2023,8,3,0,1,0,0,0,1,0,0,0,1,0,0,0,0,0,0,0,0,0,0,0,0,0,0,0,0,0,1,0,0,1,0,0,0,0,1,0,0
ORD-11070,2023-08-18,Wei Santos,Sports Water Bottle 750ml,-0.9458806620828024,-0.8123159077945257,-1.180873133858159,-0.6101095510079578,-1.0594107026337878,-0.5987104963999871,-1.884384331851098,-0.7990270140668371,2.0013887630554783,0,2,0,1,1,2023,8,3,0,1,0,0,0,1,0,0,0,1,0,0,0,0,0,0,0,0,0,0,0,0,0,0,0,0,0,0,0,0,0,1,0,0,0,0,0,0
ORD-11557,2023-08-18,Liam Pereira,Cotton Formal Shirt,-0.2061890397306598,-0.31352148862937634,1.5741531335274555,-0.32929038943747413,-0.38149448112673257,-0.33965706893316244,0.29051396418586894,-0.3876722127308273,-0.4161484686309301,1,2,2,0,2,2023,8,3,0,0,1,0,0,0,0,1,0,0,0,0,0,0,0,0,0,0,0,0,0,0,0,0,0,0,0,0,0,0,0,0,0,0,0,0,0,0
ORD-10783,2023-08-19,Ava Clark,Noise Cancelling Earbuds,-0.9458806620828024,1.0490511800584297,2.951666267220263,-0.3469902844549974,0.0589595610953655,-0.502883267266876,-0.3811089499483451,0.5874012245954543,-0.3276858828728802,0,2,1,3,1,2023,8,3,1,1,0,0,1,0,0,0,0,0,0,0,0,0,0,0,0,0,1,0,0,0,0,0,0,0,0,0,1,0,0,1,0,1,0,0,0,0
ORD-10954,2023-08-19,Mary Hassan,Leather Wallet Minimalist,0.9033483937975542,-0.11551713007329935,0.19663999983464828,0.2725321857595246,-0.630446765860962,0.47232964954831336,0.7752567284383881,-0.1263393064567448,-0.6343341745491055,1,1,2,2,0,2023,8,3,1,0,1,0,0,1,0,0,0,0,0,0,0,0,0,0,0,0,0,0,0,0,0,0,0,1,0,0,0,0,0,1,0,1,0,0,0,0
ORD-11085,2023-08-19,Felix Smith,Monitor Riser Wood,-0.9458806620828024,-0.20329485845229908,0.8853965666810519,-0.5062893396127068,-0.9828099996386404,-0.5300755158979712,-0.23575772226258235,-0.2519774775278904,-0.1982928469879714,0,2,2,0,1,2023,8,3,1,0,0,1,0,0,0,0,0,0,0,0,0,0,0,0,0,0,0,0,0,0,0,0,1,0,1,0,0,1,0,0,0,1,0,0,0,0
ORD-11684,2023-08-19,Barbara Jones,Binder Clips Assorted 48pc,-0.9458806620828024,-0.742699088735319,-0.4921165670117554,-0.5975601424283254,-1.2681476182955644,-0.5707184757503302,-0.47132695333950814,-0.7329016608714973,0.7850282088822922,0,2,0,1,1,2023,8,3,1,0,0,0,0,1,0,0,0,0,0,0,0,0,0,0,0,1,0,0,0,0,0,0,0,0,0,1,0,0,1,0,0,1,0,0,0,0
ORD-10820,2023-08-22,Christopher Williams,Wireless Bluetooth Headphones,-0.2061890397306598,0.3415324211414923,-0.4921165670117554,0.11474951747185418,0.6487849741580007,0.18004933003761023,0.5869445467568333,0.39219367151671153,-0.537949566185857,1,2,1,1,0,2023,8,3,0,0,1,0,0,0,0,1,0,0,0,0,0,0,0,0,0,0,0,0,0,0,0,0,0,0,0,0,1,0,1,0,0,0,0,0,1,0
ORD-11293,2023-08-22,Priya Weber,Premium Notebook Set A5,-0.5760348509067311,-0.8201351881961033,-0.4921165670117554,-0.592200499180774,0.4860084802933124,-0.6294653658410387,-2.337622396506703,-0.8133541739258273,2.5060876198616655,0,2,0,1,1,2023,8,3,0,0,0,0,1,0,0,0,0,0,0,0,0,0,0,0,0,0,0,1,0,0,0,0,0,0,0,1,0,0,0,1,0,0,0,0,1,0
ORD-11529,2023-08-22,Patricia Jackson,Stapler Full-Size,3.1224232608539815,-0.7962989947138749,0.19663999983464828,-0.34570919899582664,2.494861916341055,-0.366049545545696,0.22965261269183035,-0.7955829852545798,0.05191103362621442,0,0,0,2,2,2023,8,3,0,1,0,1,0,0,0,0,0,0,0,0,0,0,0,1,0,0,0,0,0,0,0,0,0,0,0,1,0,0,1,0,0,0,0,0,1,0
ORD-10009,2023-08-23,Xiao Laurent,Tape Dispenser Heavy Duty,0.5335025826214829,-0.6629928756095606,-0.4921165670117554,-0.375618622777284,0.2945067228054437,-0.30519416558787055,0.6435098028512928,-0.6502449693773226,-0.24252413986699634,0,1,3,1,2,2023,8,3,0,0,0,0,0,0,0,0,0,0,0,0,0,0,0,0,1,0,0,0,0,0,0,0,0,0,0,1,0,0,1,0,0,0,0,0,0,1
ORD-10301,2023-08-23,Jamal Leroy,Highlighters Neon Pack 6,0.16365677144541152,-0.8440974991041634,1.5741531335274555,-0.5798863920120098,0.20067086163638803,-0.6138334582055159,-1.5890277731300286,-0.8513762520131478,1.5227665639914023,0,1,0,0,1,2023,8,3,0,0,1,0,0,0,1,0,1,0,0,0,0,0,0,0,0,0,0,0,0,0,0,0,0,0,0,1,0,0,1,0,0,0,0,0,0,1
ORD-10738,2023-08-23,Liam Ali,Wireless Bluetooth Headphones,2.012885827325768,1.0519518808525636,-1.180873133858159,3.0546837786616248,0.4668583045445256,3.926326878074548,0.8554505092305329,1.2373583420446486,-0.6897883327854949,1,0,1,1,0,2023,8,3,0,0,1,1,0,0,0,0,0,0,0,0,0,0,0,1,0,0,0,0,0,0,0,0,0,0,0,0,1,0,0,1,0,0,0,0,0,1
ORD-11681,2023-08-23,Barbara Ali,Folding Table Portable,-0.5760348509067311,0.6889859293083662,-1.180873133858159,0.03566209881896208,-0.021471177049539665,0.07375235811605597,0.5364654258117778,0.8408817451775902,-0.5607253811758027,1,2,1,1,0,2023,8,3,0,0,0,0,0,0,1,0,1,0,0,0,0,0,0,0,0,0,0,0,0,0,0,0,0,0,1,0,0,0,1,0,0,0,0,0,0,1
ORD-11234,2023-08-24,Ivan Pereira,Leather Belt Classic,3.8621148832061243,-0.46145722913019055,-0.4921165670117554,0.6440992581214755,2.7916896404472515,0.9055152574201464,0.7777627840881426,-0.4411235398970604,-0.5402601561123732,1,0,3,1,0,2023,8,3,0,0,1,0,1,0,0,0,0,0,0,0,0,0,0,0,0,0,0,1,0,0,0,0,0,0,0,0,0,0,0,1,0,0,0,1,0,0
ORD-10023,2023-08-25,Omar Singh,Sports Water Bottle 750ml,-0.5760348509067311,-0.7807865513365516,-1.180873133858159,-0.5737162661270238,0.08959984229342417,-0.5917306678743584,-1.0223011883355397,-0.7645867259442642,1.2065458283338957,0,2,0,1,1,2023,8,3,0,0,0,0,1,0,0,0,0,0,0,0,0,0,0,0,0,0,0,0,1,0,0,0,0,0,0,0,0,0,0,1,0,0,0,0,0,0
ORD-11515,2023-08-25,Ethan Rodriguez,Wool Blend Scarf,0.16365677144541152,-0.4579259412068974,0.19663999983464828,-0.2850014349918546,-0.6630020646338997,-0.21554699296182653,0.6209553020035019,-0.4628898019905264,-0.49206785193074903,1,1,3,2,2,2023,8,3,0,1,0,1,0,0,0,0,0,0,0,0,0,0,0,1,0,0,0,0,0,0,0,0,0,0,0,0,0,1,0,0,0,0,0,0,0,0
ORD-11537,2023-08-25,Pierre Romano,Portable External SSD 1TB,2.012885827325768,0.11124200157245001,0.19663999983464828,1.1062835182688555,1.6235289197712521,1.1485005379685966,0.5608099664093933,0.09669599942503673,-0.6198104664395748,1,0,2,2,0,2023,8,3,0,0,0,0,0,1,0,0,0,1,0,0,0,0,0,0,0,0,0,0,0,0,0,0,0,0,0,0,1,0,0,0,0,0,0,0,0,0
ORD-10550,2023-08-27,Omar Park,USB-C Hub Multiport Adapter,-0.5760348509067311,-0.25323735908173,-0.4921165670117554,-0.3689256048681467,-0.9234444548174009,-0.32656989044760854,0.5049607262148637,-0.22511405279228366,-0.4620301828860381,0,2,2,1,2,2023,8,3,1,0,0,1,0,0,0,0,0,0,0,0,0,0,0,0,0,0,0,0,0,0,0,0,1,0,0,0,1,0,0,1,0,0,1,0,0,0
ORD-10927,2023-08-27,Michael Khan,Corner L-Shaped Desk,-0.2061890397306598,1.4101253702151484,-0.4921165670117554,0.7460893474321967,-0.666832099783657,0.7673728178504111,0.5386134735115675,1.5010331879110659,-0.6666824335203326,1,2,1,1,0,2023,8,3,1,1,0,0,0,1,0,0,0,1,0,0,0,0,0,0,0,0,0,0,0,0,0,0,0,0,1,0,0,0,0,1,0,0,1,0,0,0
ORD-11657,2023-08-27,Richard Tanaka,Silk Tie Collection,-0.2061890397306598,-0.553144597709979,0.19663999983464828,-0.4253979434764927,0.3691924082257126,-0.4282863498992189,0.20709811184403962,-0.5565673856839245,-0.11049042978035471,0,2,3,2,2,2023,8,3,1,0,0,0,1,0,0,0,0,0,0,0,0,0,0,0,0,0,0,0,1,0,0,0,0,0,0,0,0,0,1,0,0,0,1,0,0,0
ORD-10201,2023-08-29,Ayumi Martin,Sticky Notes Multicolor 6-Pack,0.5335025826214829,-0.8452325559366506,0.19663999983464828,-0.5592060124568237,1.7633252027373965,-0.635136476518112,-1.7154045794676498,-0.8436616274736914,1.8449288166028075,0,1,0,2,1,2023,8,3,0,0,0,0,1,0,0,0,0,0,0,0,0,0,0,0,0,0,1,0,0,0,0,0,0,0,0,1,0,0,0,1,0,0,0,0,1,0
ORD-10457,2023-08-29,Omar Hassan,Cotton Formal Shirt,0.9033483937975542,-0.28224436702306605,2.2629097003738594,-0.03398711879799799,0.9934881376361644,-0.15338289515544562,0.19420982564530206,-0.39552459842277393,-0.4653310256382041,1,1,2,3,2,2023,8,3,0,0,0,0,0,0,0,0,0,0,1,0,0,0,0,0,0,0,0,0,0,0,0,0,0,0,0,0,0,0,0,1,0,0,0,0,1,0
ORD-10219,2023-08-30,Giulia Anderson,Premium Notebook Set A5,-0.5760348509067311,-0.7520317782468793,-0.4921165670117554,-0.5653761383418097,-0.35468423507843083,-0.558285656189054,-0.35211030600118554,-0.7425449415458177,0.6754402295103796,0,2,0,1,1,2023,8,3,0,0,0,0,0,0,0,0,0,0,0,0,0,0,1,0,0,0,0,0,0,0,0,0,0,0,0,1,0,1,0,0,0,0,0,0,0,1
ORD-10571,2023-08-30,Chen Rodriguez,Highlighters Neon Pack 6,0.5335025826214829,-0.8147121388853317,1.5741531335274555,-0.5421335878682821,0.055129525945607875,-0.5623572228290041,-0.5021156370364923,-0.8257526776499535,0.520960788709009,0,1,0,0,1,2023,8,3,0,0,1,1,0,0,0,0,0,0,0,0,0,0,0,0,0,0,0,0,0,0,1,0,0,0,0,1,0,1,0,0,0,0,0,0,0,1
ORD-10688,2023-08-30,Mia Davis,Wireless Ergonomic Mouse,-0.9458806620828024,-0.48743741885156117,0.19663999983464828,-0.5518332349162897,-0.43319995564845704,-0.5666469091103801,-0.5443605751323545,-0.4919574051659778,0.39948977542929864,0,2,3,2,1,2023,8,3,0,0,0,0,0,0,0,0,0,0,0,0,0,0,0,0,0,0,0,0,0,1,0,0,0,0,0,0,1,0,1,0,0,0,0,0,0,1
ORD-11628,2023-08-30,Isabella Taylor,Silk Tie Collection,-0.9458806620828024,-0.606618386262703,2.951666267220263,-0.5872591695525438,-1.2011220031748104,-0.5890405256301056,-1.036979514284102,-0.6786237667903225,0.5133688503790269,0,2,3,3,1,2023,8,3,0,1,0,0,0,1,0,0,0,0,0,0,0,0,0,0,0,1,0,0,0,0,0,0,0,0,0,0,0,0,0,1,0,0,0,0,0,1
ORD-10153,2023-08-31,Mary Martin,Bookshelf 5-Tier,-0.2061890397306598,0.5477344123766427,1.5741531335274555,0.09919347975335148,0.3481272149020472,-0.17526756584517741,-0.00949669788474477,0.3649169633236338,-0.5524732742953876,1,2,1,0,2,2023,8,3,0,1,0,0,0,0,0,0,0,0,0,0,0,0,0,0,1,0,0,0,0,0,0,0,0,0,1,0,0,0,1,0,0,0,0,1,0,0
ORD-10320,2023-08-31,Priya Jackson,Binder Clips Assorted 48pc,0.16365677144541152,-0.7492571948785776,-0.4921165670117554,-0.49512559489707547,-0.3968146217257621,-0.4538790544931909,0.4347911680217368,-0.7397897184960118,-0.050085007415716226,0,1,0,1,2,2023,8,3,0,0,0,0,0,1,0,0,0,0,0,0,0,0,0,0,0,1,0,0,0,0,0,0,0,0,0,1,0,0,1,0,0,0,0,1,0,0
ORD-11328,2023-08-31,Mary Chen,Portable External SSD 1TB,0.5335025826214829,0.03733719003495886,-0.4921165670117554,0.31399752327472685,1.1945649829984266,0.3926432738807186,0.6016228727053956,0.07658287116145429,-0.5514830214697377,1,1,2,1,0,2023,8,3,0,0,1,1,0,0,0,0,0,0,0,0,0,1,0,0,0,0,0,0,0,0,0,0,0,0,0,0,1,0,0,1,0,0,0,1,0,0
ORD-11379,2023-08-31,Omar Park,Webcam HD 1080p,-0.9458806620828024,-0.45111560021197505,-0.4921165670117554,-0.5401465981765069,-1.4002838309621939,-0.5089906172268011,0.22965261269183035,-0.43037817000281764,-0.20852545951968615,0,2,3,1,1,2023,8,3,0,1,0,0,0,1,0,0,0,0,0,0,0,0,0,0,0,1,0,0,0,0,0,0,0,0,0,0,1,0,0,1,0,0,0,1,0,0
ORD-11780,2023-08-31,Clara Tanaka,Tablet Stand Holder,-0.2061890397306598,-0.6690465120494916,-1.180873133858159,-0.4743667815382668,0.5606941657135813,-0.49357682923270435,-0.037063310032044584,-0.6425303448378662,0.13311176532949906,0,2,3,1,1,2023,8,3,0,1,0,0,1,0,0,0,0,0,0,0,0,0,0,0,0,0,0,0,0,0,0,1,0,0,0,0,1,0,1,0,0,0,0,1,0,0
ORD-11483,2023-09-01,Clara Robinson,Desk Calendar 2025,0.16365677144541152,-0.8106763812587111,-1.180873133858159,-0.5387870789137134,-0.53086585196727,-0.5064458880768323,0.2507750817397614,-0.7972361190844633,0.1978082832719535,0,1,0,1,1,2023,9,3,0,0,1,1,0,0,0,0,0,0,0,0,1,0,0,0,0,0,0,0,0,0,0,0,0,0,0,1,0,1,0,0,0,0,0,0,0,0
ORD-11717,2023-09-02,Michael Ali,Smart LED Desk Lamp,3.492269072030053,-0.5890880640720694,0.8853965666810519,0.13561290923549302,3.4619457916547915,-0.04795840179959499,0.16986528504768664,-0.6101564740026478,-0.37818877698102066,1,0,3,0,0,2023,9,3,1,0,0,1,0,0,0,0,0,0,0,0,0,1,0,0,0,0,0,0,0,0,0,0,0,0,0,0,1,0,1,0,0,1,0,0,0,0
ORD-11161,2023-09-03,Yuki Zhang,Silk Tie Collection,-0.9458806620828024,-0.7100346754448579,2.2629097003738594,-0.6000438795430443,-1.1321813704791777,-0.5974744850985736,-1.484847459690233,-0.745988970358075,1.0811138037515862,0,2,0,3,1,2023,9,3,1,0,0,0,0,1,0,0,0,0,0,0,0,0,0,0,0,0,0,0,0,0,0,0,0,1,0,0,0,0,0,0,0,0,1,0,0,0
ORD-11422,2023-09-03,David Clark,Folding Table Portable,2.3827316385018396,-0.07856472430455387,0.19663999983464828,0.9454419316398996,0.30025177553008,0.780823529071675,0.3911141981260151,-0.0899703621993079,-0.6465472927321197,1,0,2,2,0,2023,9,3,1,0,0,1,0,0,0,0,0,0,0,0,0,1,0,0,0,0,0,0,0,0,0,0,0,0,1,0,0,1,0,0,0,0,1,0,0,0
ORD-11685,2023-09-03,John Laurent,Bookshelf 5-Tier,-0.5760348509067311,1.5874464709347944,0.19663999983464828,0.30401028561343607,-0.6457669064599915,0.22214642083280844,0.38180599142692684,1.5478719797577651,-0.637965101576488,1,2,1,2,0,2023,9,3,1,0,0,0,0,1,0,0,0,0,0,0,0,0,0,0,0,1,0,0,0,0,0,0,0,0,1,0,0,0,1,0,0,0,1,0,0,0
ORD-10341,2023-09-04,Ethan Yamamoto,Highlighters Neon Pack 6,-0.9458806620828024,-0.8345125747409394,0.19663999983464828,-0.6165934121074346,-0.5059706234938472,-0.6287383003696191,-4.630305308082133,-0.8331917798844294,4.533135153966832,0,2,0,2,1,2023,9,3,0,0,1,0,0,0,0,1,0,0,0,0,0,0,0,0,0,0,0,0,0,0,0,0,0,0,0,1,0,0,1,0,1,0,0,0,0,0
ORD-10872,2023-09-04,Olga Leroy,Binder Clips Assorted 48pc,-0.9458806620828024,-0.7713277443991594,0.8853965666810519,-0.6063970176364832,-0.3240439538803718,-0.6237215486168234,-2.9150892198001395,-0.7794649304132156,2.8526761088390997,0,2,0,0,1,2023,9,3,0,0,0,0,0,0,0,0,0,0,0,0,0,0,1,0,0,0,0,0,0,0,0,0,0,0,0,1,0,0,0,0,1,0,0,0,0,0
ORD-11441,2023-09-05,Noah Taylor,Whiteboard Markers Set 8,0.5335025826214829,-0.6792620235418753,-0.4921165670117554,-0.3916452633175229,-0.3106388308562213,-0.3057031114178643,0.7308637426427363,-0.667051829981138,-0.3230647030198478,0,1,3,1,2,2023,9,3,0,0,0,0,0,1,0,0,0,0,0,0,0,0,0,0,0,0,0,0,0,0,0,0,0,1,0,1,0,1,0,0,0,0,0,0,1,0
ORD-11906,2023-09-05,Amina Johansson,Sports Water Bottle 750ml,-0.5760348509067311,-0.7428252061611509,0.19663999983464828,-0.5655330059490551,-0.5710812210397226,-0.5657744305446765,-0.49316543828736903,-0.7430959861557788,0.535154412543323,0,2,0,2,1,2023,9,3,0,0,0,1,0,0,0,0,0,0,0,0,0,0,0,0,0,0,0,0,0,0,0,0,1,0,0,0,0,0,0,1,0,0,0,0,1,0
ORD-10447,2023-09-06,Hans Smith,Whiteboard Markers Set 8,-0.5760348509067311,-0.7817954907432068,-1.180873133858159,-0.5741345797463447,0.20833093193590294,-0.5886042863472538,-0.9564277255419921,-0.7656888151641865,1.3101922907519092,0,2,0,1,1,2023,9,3,0,0,0,0,0,0,0,1,0,0,0,0,0,0,0,0,0,0,0,0,0,0,0,0,0,0,0,1,0,0,0,1,0,0,0,0,0,1
ORD-11532,2023-09-06,Yuki Rodriguez,Mechanical Gaming Keyboard,-0.9458806620828024,0.9964602134865291,-0.4921165670117554,-0.25506586660918973,-1.088135966256968,-0.1870460264821759,0.6120051032543786,1.0717694367513184,-0.5610554654510194,1,2,1,1,2,2023,9,3,0,1,0,0,0,1,0,0,0,0,0,0,0,0,0,0,0,1,0,0,0,0,0,0,0,0,0,0,1,0,1,0,0,0,0,0,0,1
ORD-11533,2023-09-06,Jamal Clark,Smart LED Desk Lamp,-0.9458806620828024,-0.5829083102063065,-0.4921165670117554,-0.5661081871756215,0.04746945564609329,-0.5943481035714692,-1.0376955301840318,-0.5671749944256769,0.9599728747470923,0,2,3,1,1,2023,9,3,0,0,0,0,1,0,0,0,0,0,0,0,0,0,0,0,0,0,0,0,1,0,0,0,0,0,0,0,1,0,0,0,0,0,0,0,0,1
ORD-11601,2023-09-06,Sarah Jackson,Ergonomic Office Chair,-0.5760348509067311,4.451194859299661,0.19663999983464828,1.3726185707703469,-0.07126163399638548,1.1909611614995048,0.41832280232334995,4.363158892049357,-0.6719637819237982,1,2,1,2,0,2023,9,3,0,0,1,0,0,0,1,0,1,0,0,0,0,0,0,0,0,0,0,0,0,0,0,0,0,0,1,0,0,0,1,0,0,0,0,0,0,1
ORD-11867,2023-09-06,Thomas Santos,Travel Backpack 30L,-0.9458806620828024,-0.3881830047218589,-0.4921165670117554,-0.5277540572041199,-1.057495685058909,-0.4919772851955811,0.32595675123239737,-0.36507938372241955,-0.12303363223858564,0,2,3,1,1,2023,9,3,0,0,0,0,0,1,0,0,0,0,0,0,0,0,0,0,0,0,0,0,0,0,0,0,0,1,0,0,0,0,1,0,0,0,0,0,0,1
ORD-11030,2023-09-07,Chen Patel,USB-C Hub Multiport Adapter,0.5335025826214829,-0.5593243515757419,-1.180873133858159,-0.25459526378745345,-0.09232682732005093,-0.19380773536637871,0.5876605626567633,-0.5226781421713127,-0.442885294923475,1,1,3,1,2,2023,9,3,0,0,1,0,0,0,0,0,0,0,0,0,0,0,0,0,1,0,0,0,0,0,0,0,0,0,0,0,1,1,0,0,0,0,0,1,0,0
ORD-11191,2023-09-08,Maria Rodriguez,Canvas Messenger Bag,-0.9458806620828024,0.07492018293286379,0.19663999983464828,-0.4469149502703208,-1.2145271261989614,-0.39469592511963064,0.5454156245609011,0.06087809977756108,-0.422089985584829,0,2,2,2,2,2023,9,3,0,0,0,0,0,1,0,0,0,0,0,0,0,0,0,0,0,0,0,0,0,0,0,0,0,1,0,0,0,0,1,0,0,0,0,0,0,0
ORD-11520,2023-09-08,Olga Taylor,Monitor Riser Wood,0.9033483937975542,-0.326133231212566,-1.180873133858159,0.11121999630883249,-0.1861626884891066,0.16405388966637768,0.5654640697589375,-0.26795777121676423,-0.5874622074683475,1,1,2,1,0,2023,9,3,0,0,0,0,0,1,0,0,0,0,0,0,0,0,0,0,0,0,0,0,0,0,0,0,0,1,1,0,0,0,1,0,0,0,0,0,0,0
ORD-11840,2023-09-08,Omar Russo,Paper Clips Box 500pc,0.16365677144541152,-0.8719694502130126,-1.180873133858159,-0.5896121836612248,0.07044966654463738,-0.6069990427741712,-1.5815096061807647,-0.8641880391947449,1.8878397723809663,0,1,0,1,1,2023,9,3,0,0,1,0,0,0,0,1,0,0,0,0,0,0,0,0,0,0,0,0,0,0,0,0,0,0,0,1,0,0,1,0,0,0,0,0,0,0
ORD-10500,2023-09-09,Sakura Ali,Smart LED Desk Lamp,-0.5760348509067311,-0.15221730099038117,0.19663999983464828,-0.3451340177692601,0.27344152948177824,-0.36997569909136224,0.21032018339372402,-0.1622949672567108,-0.29665796100251945,0,2,2,2,2,2023,9,3,1,0,0,0,1,0,0,0,0,0,0,0,0,0,0,0,0,0,1,0,0,0,0,0,0,0,0,0,1,0,1,0,0,1,0,0,0,0
ORD-11461,2023-09-09,Marco Sato,Binder Clips Assorted 48pc,-0.5760348509067311,-0.7530407176535345,0.8853965666810519,-0.5729057834895891,-0.9866400347883976,-0.5547230353790977,-0.23110361891303818,-0.7623825475044196,0.3793546346410856,0,2,0,0,1,2023,9,3,1,0,0,0,0,1,0,0,0,0,0,0,0,0,0,0,0,1,0,0,0,0,0,0,0,0,0,1,0,0,0,1,0,1,0,0,0,0
ORD-10713,2023-09-10,Sophie Brown,Wireless Bluetooth Headphones,-0.5760348509067311,-0.09142870173940722,0.19663999983464828,-0.322466648522299,-0.6802372228078079,-0.30926573222782067,0.3939782617257345,-0.10264438822841472,-0.46632127846385396,1,2,2,2,2,2023,9,3,1,1,0,0,0,1,0,0,0,0,0,0,0,0,0,0,0,1,0,0,0,0,0,0,0,0,0,0,1,0,1,0,0,0,1,0,0,0
ORD-10908,2023-09-10,Diego Harris,Mechanical Gaming Keyboard,-0.9458806620828024,0.05221904628312252,-1.180873133858159,-0.4308883097300819,-0.7032174337063519,-0.3912060108568163,0.4677278994185107,0.14532568625410958,-0.3326371470011293,0,2,2,1,2,2023,9,3,1,0,0,1,0,0,0,0,0,0,0,0,0,0,0,1,0,0,0,0,0,0,0,0,0,0,0,0,1,0,0,0,0,0,1,0,0,0
ORD-11544,2023-09-10,Noah Moreau,Filing Cabinet 3-Drawer,2.3827316385018396,0.12978126316973873,1.5741531335274555,1.1155387070963347,3.5040761783021224,0.41154697613762975,0.011625771163186263,-0.0002878519281282112,-0.5719482465331672,1,0,2,0,0,2023,9,3,1,1,0,1,0,0,0,0,0,0,0,0,0,0,0,1,0,0,0,0,0,0,0,0,0,0,1,0,0,1,0,0,0,0,1,0,0,0
ORD-10399,2023-09-11,Chen Garcia,Wireless Ergonomic Mouse,-0.9458806620828024,-0.27278556008567384,0.19663999983464828,-0.5117797058662961,-0.373834410827218,-0.5256404165223113,-0.16737820381928015,-0.2809073195508516,0.05092078080056469,0,2,2,2,1,2023,9,3,0,0,0,0,0,0,0,0,0,0,1,0,0,0,0,0,0,0,0,0,0,0,0,0,0,0,0,0,1,1,0,0,1,0,0,0,0,0
ORD-10576,2023-09-11,Fatima Wang,Ballpoint Pen Pack 12,0.16365677144541152,-0.8302245822626549,0.19663999983464828,-0.5628401120246757,-0.2838285848079196,-0.5624299293761461,-0.4408962775924889,-0.8289211841572303,0.6704889653821304,0,1,0,2,1,2023,9,3,0,0,0,0,0,0,0,0,0,0,0,0,0,0,1,0,0,0,0,0,0,0,0,0,0,0,0,1,0,0,0,1,1,0,0,0,0,0
ORD-11991,2023-09-11,Hanna Santos,Portable External SSD 1TB,-0.9458806620828024,0.9660659138610422,0.19663999983464828,-0.2806352865901908,-0.5959764495131457,-0.26716864143262237,0.4161747546235604,0.9370390296158135,-0.48612633497685015,1,2,1,2,2,2023,9,3,0,0,1,0,0,0,0,0,0,0,0,0,0,0,0,0,0,0,0,0,0,1,0,0,0,0,0,0,1,0,1,0,1,0,0,0,0,0
ORD-11518,2023-09-13,Ingrid Weber,Mesh Back Task Chair,0.5335025826214829,0.43044520635297906,0.8853965666810519,0.5605934018645046,-0.5749112561894799,0.32706196835866536,0.25865125663898986,0.33640040475814365,-0.6541392310621017,1,1,1,0,0,2023,9,3,0,1,0,0,0,1,0,0,0,0,0,0,0,0,0,0,0,0,0,0,0,0,0,0,0,1,1,0,0,0,0,1,0,0,0,0,0,1
ORD-11795,2023-09-14,Ali Johnson,Monitor Riser Wood,3.8621148832061243,-0.14868601306708806,2.951666267220263,0.9433242189420868,3.9598503611232503,-0.19533457285636,-0.40437946669606567,-0.3284349171600021,-0.5419105774884563,1,0,2,3,2,2023,9,3,0,1,0,0,0,1,0,0,0,0,0,0,0,0,0,0,0,1,0,0,0,0,0,0,0,0,1,0,0,0,1,0,0,0,0,1,0,0
ORD-11323,2023-09-15,Hanna Khan,Tablet Stand Holder,-0.5760348509067311,-0.6044743900235608,-1.180873133858159,-0.5006159611506648,0.007254086573640704,-0.5054279964168448,-0.017372872783973252,-0.5719966347628371,0.11495713019258581,0,2,3,1,1,2023,9,3,0,0,0,0,0,0,1,0,0,0,0,1,0,0,0,0,0,0,0,0,0,0,0,0,0,0,0,0,1,0,1,0,0,0,0,0,0,0
ORD-10752,2023-09-16,Liam Laurent,Folding Table Portable,0.9033483937975542,0.46991996063836267,0.19663999983464828,0.927898904229622,-0.34127911205428035,0.788966662351575,0.4100886194741565,0.44922678864769217,-0.6643718435938164,1,1,1,2,0,2023,9,3,1,0,0,0,0,1,0,0,0,0,0,0,0,0,0,0,0,1,0,0,0,0,0,0,0,0,1,0,0,0,0,1,0,1,0,0,0,0
ORD-11390,2023-09-16,Elizabeth Martin,Wireless Ergonomic Mouse,0.5335025826214829,-0.6003125149711082,0.8853965666810519,-0.34753932108035634,-0.21871798726204428,-0.3824812251997804,0.16198911014845804,-0.6206263215919098,-0.37092692292625534,0,1,3,0,2,2023,9,3,1,0,0,1,0,0,0,0,0,0,0,0,0,0,0,0,0,0,0,0,0,0,0,0,1,0,0,0,1,0,0,0,0,1,0,0,0,0
ORD-11884,2023-09-16,Joseph Martinez,Binder Clips Assorted 48pc,-0.9458806620828024,-0.7631301117200862,1.5741531335274555,-0.6066061744461438,-1.1340963880540564,-0.5956568214200245,-1.585447693630379,-0.7805670196331381,1.5197958055144527,0,2,0,0,1,2023,9,3,1,0,1,0,0,1,0,0,0,1,0,0,0,0,0,0,0,0,0,0,0,0,0,0,0,0,0,1,0,0,0,0,0,1,0,0,0,0
ORD-11239,2023-09-17,Ali Johansson,Business Casual Blazer,0.5335025826214829,0.7601161574775557,2.2629097003738594,0.6764139852140291,0.29067668765568644,0.5318036051104416,0.37392981652769836,0.4584567858645417,-0.6307032475217228,1,1,1,3,0,2023,9,3,1,1,0,0,0,1,0,0,0,0,0,0,0,0,0,0,0,0,0,0,0,0,0,0,0,1,0,0,0,0,1,0,0,0,1,0,0,0
ORD-11890,2023-09-17,Michael Li,Monitor Riser Wood,1.2731942049736253,-0.07314167499378224,-0.4921165670117554,0.5406450711431304,1.8188607124088783,0.4624415591370059,0.423692921572824,-0.03817216886295831,-0.5610554654510194,1,1,2,1,0,2023,9,3,1,1,0,0,0,1,0,0,0,1,0,0,0,0,0,0,0,0,0,0,0,0,0,0,0,0,1,0,0,0,1,0,0,0,1,0,0,0
ORD-11911,2023-09-18,Lucas Thomas,Travel Backpack 30L,-0.5760348509067311,-0.4697809792350957,2.951666267220263,-0.5013741545856841,-0.017641141899782033,-0.5657744305446765,-0.6016418471267436,-0.5739252908977011,0.11132620316520318,0,2,3,3,1,2023,9,3,0,1,0,0,0,0,0,0,0,0,1,0,0,0,0,0,0,0,0,0,0,0,0,0,0,0,0,0,0,0,0,1,1,0,0,0,0,0
ORD-10321,2023-09-19,Ahmed Sharma,Desk Calendar 2025,-0.2061890397306598,-0.8253060026552109,0.8853965666810519,-0.5808275976554821,-1.057495685058909,-0.5623572228290041,-0.3445921390519219,-0.8294722287671914,0.484981602710399,0,2,0,0,1,2023,9,3,0,0,1,0,0,1,0,0,0,0,0,0,0,0,0,0,0,0,0,0,0,0,0,0,0,1,0,1,0,0,1,0,0,0,0,0,1,0
ORD-10600,2023-09-19,Kenji Taylor,Mesh Back Task Chair,0.16365677144541152,1.5692855616150014,-0.4921165670117554,1.3313101008623902,0.5300538845155223,1.3215421201664754,0.5278732350126194,1.6662088097469252,-0.6567799052638345,1,1,1,1,0,2023,9,3,0,0,0,0,0,0,0,0,0,0,0,0,0,0,0,0,1,0,0,0,0,0,0,0,0,0,1,0,0,0,0,1,0,0,0,0,1,0
ORD-10955,2023-09-20,James Clark,Floating Wall Shelves Set,0.16365677144541152,-0.22372588143706623,0.19663999983464828,-0.11022477591926513,0.7502809056265713,-0.21489263403754882,0.17595142019709042,-0.23269091617924964,-0.4484967276021573,1,1,2,2,2,2023,9,3,0,0,0,0,1,0,0,0,0,0,0,0,0,0,0,0,0,0,0,0,1,0,0,0,0,0,1,0,0,0,0,0,0,0,0,0,0,1
ORD-10891,2023-09-21,Xiao Wang,Bookshelf 5-Tier,-0.5760348509067311,0.5378972531617547,-1.180873133858159,-0.026980365674369854,0.15279542226442086,-0.0025895163830082788,0.503886702364969,0.6758438844942213,-0.5306877121310917,1,2,1,1,0,2023,9,3,0,0,0,0,0,0,1,0,0,0,0,0,0,0,0,0,0,0,0,0,0,0,0,0,0,0,1,0,0,1,0,0,0,0,0,1,0,0
ORD-10920,2023-09-21,Layla Fischer,Portable External SSD 1TB,-0.5760348509067311,0.807031839887021,-0.4921165670117554,0.04870825482153842,0.09534489501806045,0.12377446254972851,0.6069929919548696,0.8753220333001631,-0.5561042013227702,1,2,1,1,0,2023,9,3,0,1,0,0,0,0,0,0,0,0,1,0,0,0,0,0,0,0,0,0,0,0,0,0,0,0,0,0,1,0,0,1,0,0,0,1,0,0
ORD-10984,2023-09-21,Sarah Khan,Noise Cancelling Earbuds,-0.2061890397306598,1.0090719560697188,-1.180873133858159,0.5692734094654169,0.6813402729309387,0.8078703646084863,0.7663065296892647,1.1905195501979495,-0.6075973482565604,1,2,1,1,0,2023,9,3,0,0,1,0,0,0,1,0,1,0,0,0,0,0,0,0,0,0,0,0,0,0,0,0,0,0,0,0,1,0,1,0,0,0,0,1,0,0
ORD-10128,2023-09-23,Lucas Leroy,Ballpoint Pen Pack 12,-0.5760348509067311,-0.8510339575249178,0.8853965666810519,-0.6074428016847859,-0.5729962386146012,-0.6156511218840651,-2.6039803112806132,-0.8534426693005022,2.5651727051254376,0,2,0,0,1,2023,9,3,1,1,0,1,0,0,0,0,0,0,0,0,0,0,0,0,0,0,0,0,0,0,1,0,0,0,0,1,0,0,0,1,0,1,0,0,0,0
ORD-10298,2023-09-24,Jessica Tanaka,Portable External SSD 1TB,-0.2061890397306598,-0.1616761079277734,1.5741531335274555,-0.2537586365488113,-1.180056809851145,-0.29661479302511856,0.23609675579119915,-0.2550082228826769,-0.5726084150836004,1,2,2,0,2,2023,9,3,1,0,0,0,0,1,0,0,0,1,0,0,0,0,0,0,0,0,0,0,0,0,0,0,0,0,0,0,1,1,0,0,0,0,1,0,0,0
ORD-10442,2023-09-24,Jessica Wang,Folding Table Portable,-0.9458806620828024,0.49135992302978504,-1.180873133858159,-0.3398528083253315,-1.3466633388655906,-0.293633824592298,0.5285892509125494,0.6250100192253039,-0.5531334428458208,0,2,1,1,2,2023,9,3,1,0,1,0,0,1,0,0,0,0,0,0,0,0,0,0,0,1,0,0,0,0,0,0,0,0,1,0,0,0,1,0,0,0,1,0,0,0
ORD-10231,2023-09-25,Sarah Davis,Smart LED Desk Lamp,0.16365677144541152,-0.3748145575836779,0.19663999983464828,-0.2229602963262967,0.911142381916381,-0.26200647658554277,0.27297157463758726,-0.38119743856378363,-0.3544227091654251,1,1,3,2,2,2023,9,3,0,0,0,0,1,0,0,0,0,0,0,0,0,0,0,0,0,0,0,1,0,0,0,0,0,0,0,0,1,0,1,0,1,0,0,0,0,0
ORD-11813,2023-09-25,Sarah Thompson,USB-C Hub Multiport Adapter,-0.5760348509067311,-0.6458409056964227,0.19663999983464828,-0.529322733276574,-0.29148865510743416,-0.547670500306327,-0.3470981947016764,-0.647627507480007,0.21761333978494965,0,2,3,2,1,2023,9,3,0,0,0,0,0,0,1,0,1,0,0,0,0,0,0,0,0,0,0,0,0,0,0,0,0,0,0,0,1,0,0,1,1,0,0,0,0,0
ORD-10063,2023-09-26,Isabella Patel,Leather Wallet Minimalist,-0.2061890397306598,-0.18021536952506212,-1.180873133858159,-0.17035735869667062,-0.50214058834409,-0.008406040154365534,0.8658327397795161,-0.10856811778549724,-0.5343186391584743,1,2,2,1,0,2023,9,3,0,0,0,0,0,1,0,0,0,1,0,0,0,0,0,0,0,0,0,0,0,0,0,0,0,0,0,0,0,0,0,0,0,0,0,0,1,0
ORD-10343,2023-09-26,Lucas Oliveira,Silk Tie Collection,0.16365677144541152,-0.38326442511441494,0.8853965666810519,-0.25171935765462106,0.10300496531757504,-0.23815872912297795,0.4279890169724031,-0.41908175549861376,-0.42175990130961233,1,1,3,0,2,2023,9,3,0,0,0,1,0,0,0,0,0,0,0,0,0,0,0,0,0,0,0,0,0,0,1,0,0,0,0,0,0,1,0,0,0,0,0,0,1,0
ORD-10554,2023-09-26,Olivia Ferrari,Polarized Sunglasses,0.9033483937975542,0.05272351598645018,0.19663999983464828,0.4608517482576342,1.516287935578046,0.6235592676036024,0.6964949794461027,0.03911183768409508,-0.5617156340014525,1,1,2,2,0,2023,9,3,0,0,1,0,0,0,0,1,0,0,0,0,0,0,0,0,0,0,0,0,0,0,0,0,0,0,0,0,0,0,0,0,0,0,0,0,1,0
ORD-11643,2023-09-26,Xiao Ferrari,Laptop Stand Adjustable,-0.9458806620828024,-0.2615611091866351,0.8853965666810519,-0.5165641678872809,-0.7932232597256503,-0.5265128950880149,-0.1544899176205426,-0.3061176104565749,-0.0788023393595607,0,2,2,0,1,2023,9,3,0,0,1,1,0,0,0,0,0,0,0,0,1,0,0,0,0,0,0,0,0,0,0,0,0,0,0,0,1,0,0,1,0,0,0,0,1,0
ORD-10085,2023-09-27,Marco Nilsson,Mechanical Gaming Keyboard,-0.9458806620828024,0.6712033722660689,-1.180873133858159,-0.30257060700334004,-0.6036365198126603,-0.2343779886715957,0.6188072543037123,0.821457422676459,-0.47160262686731963,1,2,1,1,2,2023,9,3,0,0,0,0,0,0,0,0,0,0,0,0,0,0,0,0,1,0,0,0,0,0,0,0,0,0,0,0,1,0,0,1,0,0,0,0,0,1
ORD-10210,2023-09-28,Mary Smith,Filing Cabinet 3-Drawer,0.5335025826214829,0.9054034320359001,-1.180873133858159,1.2636217283359976,0.713895571703876,1.4117709451696554,0.6334855802522746,1.07727988285093,-0.6501782197595024,1,1,1,1,0,2023,9,3,0,1,0,0,1,0,0,0,0,0,0,0,0,0,0,0,0,0,1,0,0,0,0,0,0,0,1,0,0,1,0,0,0,0,0,1,0,0
ORD-11745,2023-09-28,John Patel,Canvas Messenger Bag,0.16365677144541152,-0.5943849959570091,-0.4921165670117554,-0.37313488566256503,0.8326266613463548,-0.36008760868005485,0.3588934826291711,-0.5790224535398419,-0.15373146983372993,0,1,3,1,2,2023,9,3,0,0,0,0,0,0,0,0,0,0,0,0,0,0,0,0,1,0,0,0,0,0,0,0,0,0,0,0,0,0,1,0,0,0,0,1,0,0
ORD-10574,2023-09-29,Ayumi Ali,Tape Dispenser Heavy Duty,0.5335025826214829,-0.6874596562209485,0.8853965666810519,-0.42432601482698246,-0.3661743405277031,-0.38378994304833575,0.47632009021766913,-0.7014921181037108,-0.2722317246364907,0,1,3,0,2,2023,9,3,0,1,0,1,0,0,0,0,0,0,0,0,0,0,0,0,0,0,0,0,0,0,1,0,0,0,0,1,0,0,0,0,0,0,0,0,0,0
ORD-10881,2023-09-29,Sophie Clark,Mesh Back Task Chair,-0.9458806620828024,2.0798089013825174,-1.180873133858159,-0.010561556116017393,-0.53086585196727,0.041688770826449006,0.5633160220591478,2.3601117348405225,-0.585481701817048,1,2,1,1,0,2023,9,3,0,0,1,0,0,0,0,0,0,0,1,0,0,0,0,0,0,0,0,0,0,0,0,0,0,0,1,0,0,0,1,0,0,0,0,0,0,0
ORD-10926,2023-09-29,Priya Garcia,Ergonomic Office Chair,-0.9458806620828024,1.8839485390655826,0.8853965666810519,-0.13851323442585328,-0.4695852895711523,-0.248773885005705,0.13871859340073744,1.685908654553037,-0.5435609988645392,1,2,1,0,2,2023,9,3,0,1,0,0,0,0,0,0,0,0,0,0,0,0,0,0,1,0,0,0,0,0,0,0,0,0,1,0,0,0,1,0,0,0,0,0,0,0
ORD-11699,2023-09-29,Emma Martinez,Tablet Stand Holder,0.16365677144541152,-0.4630967556660052,0.8853965666810519,-0.3080086840545141,0.6066545875106698,-0.3749924508441579,0.08465939295603253,-0.4931972555383904,-0.29962871947946884,1,1,3,0,2,2023,9,3,0,0,1,0,1,0,0,0,0,0,0,0,0,0,0,0,0,0,1,0,0,0,0,0,0,0,0,0,1,0,1,0,0,0,0,0,0,0
ORD-10635,2023-09-30,Fatima Martin,Desk Organizer Set,0.16365677144541152,-0.1805937218025578,-1.180873133858159,-0.016313368381682312,-0.3374490769045227,0.02794723341661744,0.546489648410796,-0.10898140124296812,-0.5699677408818676,1,1,2,1,0,2023,9,3,1,0,1,0,0,0,0,1,0,0,0,0,0,0,0,0,0,0,0,0,0,0,0,0,0,0,1,0,0,1,0,0,0,1,0,0,0,0
ORD-10137,2023-10-02,Jamal Robinson,Wool Blend Scarf,-0.5760348509067311,-0.3021709203045057,0.19663999983464828,-0.40108346435345477,0.2638664416073847,-0.39418697928963686,0.29946416293499223,-0.3096994004213225,-0.19532208851102198,0,2,2,2,2,2023,10,4,0,1,0,0,1,0,0,0,0,0,0,0,0,0,0,0,0,0,1,0,0,0,0,0,0,0,0,0,0,0,1,0,1,0,0,0,0,0
ORD-10196,2023-10-02,Carlos Santos,Filing Cabinet 3-Drawer,-0.9458806620828024,0.7388023125119652,0.8853965666810519,-0.3402972665458601,-0.07317665157126413,-0.42886800227635463,-0.06355589832944969,0.6226680796329689,-0.357063383367158,0,2,1,0,2,2023,10,4,0,1,0,0,1,0,0,0,0,0,0,0,0,0,0,0,0,0,0,0,0,0,0,1,0,0,1,0,0,0,0,1,1,0,0,0,0,0
ORD-11561,2023-10-02,Omar Li,Webcam HD 1080p,-0.5760348509067311,0.07946041026281205,0.19663999983464828,-0.25869996617704155,-0.2780835320832837,-0.2555355938899078,0.3896821663261553,0.06542421780974067,-0.4620301828860381,1,2,2,2,2,2023,10,4,0,1,0,0,0,0,1,0,0,0,0,1,0,0,0,0,0,0,0,0,0,0,0,0,0,0,0,0,1,0,1,0,1,0,0,0,0,0
ORD-10421,2023-10-03,Noah Johansson,Corner L-Shaped Desk,-0.5760348509067311,4.108533813314399,-0.4921165670117554,1.349088429683536,-0.4983105531943324,1.3787621727672028,0.5536498074100945,4.301166373428726,-0.6808760573546466,1,2,1,1,0,2023,10,4,0,0,1,1,0,0,0,0,0,0,0,0,0,0,0,1,0,0,0,0,0,0,0,0,0,0,1,0,0,0,0,1,0,0,0,0,1,0
ORD-11651,2023-10-03,Hanna Yamamoto,Ergonomic Office Chair,0.9033483937975542,2.1247067049786725,-0.4921165670117554,2.9699752707491056,1.7556651324378818,2.953876810050753,0.5450576166109363,2.242601471766304,-0.672954034749448,1,1,1,1,0,2023,10,4,0,0,0,0,0,0,0,0,0,0,0,0,0,0,0,0,1,0,0,0,0,0,0,0,0,0,1,0,0,1,0,0,0,0,0,0,1,0
ORD-10380,2023-10-04,William Yamamoto,Filing Cabinet 3-Drawer,0.16365677144541152,1.130144684868339,-0.4921165670117554,0.9853647376838554,0.5798443414623681,0.9651346260765585,0.5103308454643378,1.2104949173090416,-0.6409358600534375,1,1,1,1,0,2023,10,4,0,1,0,0,0,0,0,0,0,0,1,0,0,0,0,0,0,0,0,0,0,0,0,0,0,0,1,0,0,0,0,0,0,0,0,0,0,1
ORD-11181,2023-10-04,Joseph Leroy,USB-C Hub Multiport Adapter,-0.9458806620828024,-0.3666169249046047,-1.180873133858159,-0.5177145303404139,-0.11147700306883772,-0.522295915353781,-0.10186274897569739,-0.3121791011661478,0.193187103418921,0,2,3,1,1,2023,10,4,0,0,0,0,0,0,1,0,0,0,0,1,0,0,0,0,0,0,0,0,0,0,0,0,0,0,0,0,1,0,0,1,0,0,0,0,0,1
ORD-11321,2023-10-04,Giulia Khan,Desk Calendar 2025,0.16365677144541152,-0.8388005672192239,-0.4921165670117554,-0.565663728955093,-0.5768262737643586,-0.5502879360034377,-0.19852489546622928,-0.8326407352744681,0.5338340754424563,0,1,0,1,1,2023,10,4,0,0,1,0,0,1,0,0,0,0,0,0,0,0,0,0,0,0,0,0,0,0,0,0,0,1,0,1,0,0,0,1,0,0,0,0,0,1
ORD-11763,2023-10-04,Diego Pereira,Wool Blend Scarf,-0.2061890397306598,-0.17378338080763545,-1.180873133858159,-0.1663572347119128,0.34046714460253225,-0.03479851676689914,0.7795528238379672,-0.10154229900849242,-0.45443824455605614,1,2,2,1,0,2023,10,4,0,0,1,0,1,0,0,0,0,0,0,0,0,0,0,0,0,0,1,0,0,0,0,0,0,0,0,0,0,0,0,1,0,0,0,0,0,1
ORD-10203,2023-10-05,Raj Oliveira,Polarized Sunglasses,3.492269072030053,0.020563572399316513,1.5741531335274555,1.4047502856544476,1.32095614294042,1.4039913446254653,0.5350333940119181,-0.09575633060390015,-0.6419261128790873,1,0,2,0,0,2023,10,4,0,1,0,0,0,0,1,0,1,0,0,0,0,0,0,0,0,0,0,0,0,0,0,0,0,0,0,0,0,1,0,0,0,0,0,1,0,0
ORD-10398,2023-10-05,Ayumi Garcia,Desk Organizer Set,-0.9458806620828024,-0.4797442558758155,0.19663999983464828,-0.5503952818498734,-1.14367147592845,-0.5509422949277155,-0.3041372407058845,-0.48438054177901174,-0.005523630261474632,0,2,3,2,1,2023,10,4,0,1,0,0,0,1,0,0,0,0,0,0,0,0,0,0,0,1,0,0,0,0,0,0,0,0,1,0,0,0,1,0,0,0,0,1,0,0
ORD-10997,2023-10-05,Felix Kim,Filing Cabinet 3-Drawer,0.16365677144541152,0.7121915356614353,0.19663999983464828,0.5882543899421111,-0.5519310452909358,0.4820723268653368,0.40006439687513845,0.6874158213034056,-0.6551294838877514,1,1,1,2,0,2023,10,4,0,1,0,0,0,1,0,0,0,1,0,0,0,0,0,0,0,0,0,0,0,0,0,0,0,0,1,0,0,0,0,1,0,0,0,1,0,0
ORD-11396,2023-10-05,Zara Moreau,Desk Calendar 2025,-0.9458806620828024,-0.838674449793392,-1.180873133858159,-0.6155737726603394,-0.08275173944565735,-0.6408802937423274,-5.282237784968276,-0.827819094937308,5.3009111781206535,0,2,0,1,1,2023,10,4,0,0,0,0,0,0,1,0,1,0,0,0,0,0,0,0,0,0,0,0,0,0,0,0,0,0,0,1,0,0,0,1,0,0,0,1,0,0
ORD-11837,2023-10-05,Richard Romano,Corner L-Shaped Desk,-0.9458806620828024,3.3728908684369485,2.951666267220263,-0.00977721807979041,-0.2608483739093755,-0.41367233392368374,-0.37824488634862563,2.3642445694152308,-0.5660067295792683,1,2,1,3,2,2023,10,4,0,1,0,0,0,0,1,0,1,0,0,0,0,0,0,0,0,0,0,0,0,0,0,0,0,0,1,0,0,0,0,0,0,0,0,1,0,0
ORD-10525,2023-10-06,Patricia Kim,Mechanical Gaming Keyboard,-0.5760348509067311,0.7359016117178317,-1.180873133858159,0.055113682117392454,-0.4351149732233357,0.20680533938585363,0.7498381639908779,0.8921288939039786,-0.5924134715965967,1,2,1,1,0,2023,10,4,0,0,0,0,0,0,0,1,0,0,0,0,0,0,0,0,0,0,0,0,0,0,0,0,0,0,0,0,1,0,0,1,0,0,0,0,0,0
ORD-11453,2023-10-07,Patricia Martinez,Sticky Notes Multicolor 6-Pack,-0.2061890397306598,-0.7725889186574784,0.8853965666810519,-0.5529574527682151,0.9168874346410172,-0.6008189862671042,-1.0888906670290173,-0.7805670196331381,1.1712268108857187,0,2,0,0,1,2023,10,4,1,0,1,0,1,0,0,0,0,0,0,0,0,0,0,0,0,0,0,0,0,0,0,1,0,0,0,1,0,0,0,1,0,1,0,0,0,0
ORD-10489,2023-10-08,Richard Moreau,Desk Organizer Set,-0.5760348509067311,-0.2935949353479368,2.2629097003738594,-0.4371630140198981,-0.048281423097841045,-0.560394146056171,-0.6041479027764982,-0.4048923567921137,-0.16957551504412682,0,2,2,3,1,2023,10,4,1,1,0,0,1,0,0,0,0,0,0,0,0,0,0,0,0,0,0,0,0,0,0,1,0,0,1,0,0,0,1,0,0,0,1,0,0,0
ORD-10750,2023-10-08,Hanna Kumar,Tape Dispenser Heavy Duty,-0.2061890397306598,-0.6481110193613969,-0.4921165670117554,-0.4699483439341879,0.8326266613463548,-0.46369443835735635,0.17988950764670467,-0.6348157202984098,0.1849349965385059,0,2,3,1,2,2023,10,4,1,0,0,0,0,0,1,0,0,0,0,0,0,0,0,0,0,0,0,0,0,0,0,0,0,0,0,1,0,1,0,0,0,0,1,0,0,0
ORD-10844,2023-10-08,Jessica Müller,Cotton Formal Shirt,0.5335025826214829,-0.06191722409474348,0.19663999983464828,0.17153559129469095,-0.22637805756155885,0.332151426658603,0.738381909592,-0.07357678505296326,-0.6000054099265786,1,1,2,2,0,2023,10,4,1,0,1,1,0,0,0,0,0,0,0,0,0,0,0,0,0,0,0,0,0,0,0,0,1,0,0,0,0,0,1,0,0,0,1,0,0,0
ORD-11226,2023-10-08,Sarah Li,Floating Wall Shelves Set,0.5335025826214829,0.15866215368524286,-0.4921165670117554,0.4334522061921033,1.3113810550660265,0.37192190794525837,0.42906304082229796,0.20235880338509016,-0.5660067295792683,1,1,2,1,0,2023,10,4,1,0,0,0,1,0,0,0,0,0,0,0,0,0,0,0,0,0,0,1,0,0,0,0,0,0,1,0,0,0,0,1,0,0,1,0,0,0
ORD-11512,2023-10-08,Ingrid Moreau,Webcam HD 1080p,-0.9458806620828024,-0.38137266372693646,0.8853965666810519,-0.537662861061788,-1.0728158256579385,-0.5366191051407482,-0.16630417996938537,-0.4172908605162399,-0.06790955827741282,0,2,3,0,1,2023,10,4,1,0,0,0,0,1,0,0,0,0,0,0,0,0,0,0,0,0,0,0,0,0,0,0,0,1,0,0,1,0,1,0,0,0,1,0,0,0
ORD-10606,2023-10-09,Robert Taylor,Standing Desk Converter,-0.9458806620828024,1.403315029220226,-0.4921165670117554,-0.17493266390799497,-0.3182989011557359,-0.18951804908500275,0.3728557926778035,1.4940073691340612,-0.5141834983702616,1,2,1,1,2,2023,10,4,0,0,1,0,0,0,1,0,1,0,0,0,0,0,0,0,0,0,0,0,0,0,0,0,0,0,1,0,0,0,1,0,1,0,0,0,0,0
ORD-11091,2023-10-09,Layla Oliveira,Standing Desk Converter,2.7525774496779105,2.5164274296125417,0.19663999983464828,6.429036733516338,2.5197571448144775,5.779689471270402,0.4423093349710004,2.461090659615906,-0.6940794283633107,1,0,1,2,0,2023,10,4,0,0,1,1,0,0,0,0,0,0,0,0,0,0,0,1,0,0,0,0,0,0,0,0,0,0,1,0,0,0,1,0,1,0,0,0,0,0
ORD-10561,2023-10-10,Sophie Martinez,Polarized Sunglasses,1.2731942049736253,0.02005910269598903,2.2629097003738594,0.3949150640121486,0.9245475049405318,0.24679394031393492,0.3155745206834142,-0.14783004624523027,-0.5768995106614162,1,1,2,3,0,2023,10,4,0,1,0,1,0,0,0,0,0,0,0,0,0,1,0,0,0,0,0,0,0,0,0,0,0,0,0,0,0,0,0,1,0,0,0,0,1,0
ORD-11357,2023-10-10,Liam Davis,Mesh Back Task Chair,0.5335025826214829,1.8049990304948154,-1.180873133858159,2.1960689304038965,0.6372948687087289,2.4519108085826202,0.6617682082995043,2.0599301835641777,-0.6762548775016141,1,1,1,1,0,2023,10,4,0,0,0,1,0,0,0,0,0,0,0,0,0,0,0,0,0,0,0,0,0,0,0,0,1,0,1,0,0,0,0,0,0,0,0,0,1,0
ORD-11358,2023-10-10,Christopher Thompson,Bookshelf 5-Tier,-0.2061890397306598,0.11918739939985941,-0.4921165670117554,-0.016627103596173136,0.12790019379099812,-0.044250367895354796,0.39648431737548906,0.16144374109547366,-0.5359690605345574,1,2,2,1,0,2023,10,4,0,0,0,0,0,0,0,1,0,0,0,0,0,0,0,0,0,0,0,0,0,0,0,0,0,0,1,0,0,0,1,0,0,0,0,0,1,0
ORD-11575,2023-10-10,Olga Müller,Wireless Bluetooth Headphones,0.16365677144541152,1.7371478553972552,-0.4921165670117554,1.463549493770267,-0.9904700699381549,1.8216904579560596,0.7562823070902466,1.8404766676471436,-0.6940794283633107,1,1,1,1,0,2023,10,4,0,0,0,0,0,1,0,0,0,0,0,0,0,0,0,0,0,0,0,0,0,0,0,0,0,1,0,0,1,0,0,1,0,0,0,0,1,0
ORD-11946,2023-10-10,James Harris,Desk Organizer Set,-0.9458806620828024,-0.6732083871019442,-1.180873133858159,-0.5812720558760108,-1.1513315462279647,-0.5696278775432007,-0.5210900583846337,-0.6470764628700457,0.4143435678140457,0,2,3,1,1,2023,10,4,0,1,0,0,0,1,0,0,0,1,0,0,0,0,0,0,0,0,0,0,0,0,0,0,0,0,1,0,0,0,1,0,0,0,0,0,1,0
ORD-10791,2023-10-11,Maria Tanaka,Desk Organizer Set,0.16365677144541152,-0.4497283085278242,0.19663999983464828,-0.2788835983092838,0.5606941657135813,-0.36401376222572096,0.05888282055855741,-0.4548996551460895,-0.34055916960632776,1,1,3,2,2,2023,10,4,0,1,0,0,1,0,0,0,0,0,0,0,0,0,0,0,0,0,0,0,0,0,0,1,0,0,1,0,0,0,0,1,0,0,0,0,0,1
ORD-11272,2023-10-11,Isabella Li,Tape Dispenser Heavy Duty,-0.2061890397306598,-0.6211218902333712,-1.180873133858159,-0.4445619361616398,-0.8104584178995584,-0.35172635575872874,0.8228717857837241,-0.5901811068915556,-0.32966638852417984,0,2,3,1,2,2023,10,4,0,0,0,1,0,0,0,0,0,0,0,0,1,0,0,0,0,0,0,0,0,0,0,0,0,0,0,1,0,0,0,1,0,0,0,0,0,1
ORD-11885,2023-10-11,Kenji Romano,Tablet Stand Holder,-0.5760348509067311,-0.6800187280968667,0.8853965666810519,-0.5471533513001351,-1.0383455093101222,-0.5472342610234752,-0.264040350309812,-0.6946040604791963,0.02253353313193676,0,2,3,0,1,2023,10,4,0,1,0,0,0,1,0,0,0,1,0,0,0,0,0,0,0,0,0,0,0,0,0,0,0,0,0,0,1,0,1,0,0,0,0,0,0,1
ORD-11093,2023-10-13,Oscar Thompson,Canvas Messenger Bag,0.16365677144541152,-0.45376406615444487,0.19663999983464828,-0.28189022744815406,0.09917493016781775,-0.24063075172580475,0.5171329965136715,-0.4587569674158177,-0.39634341211793384,1,1,3,2,2,2023,10,4,0,0,0,1,0,0,0,0,0,0,0,0,0,1,0,0,0,0,0,0,0,0,0,0,0,0,0,0,0,0,1,0,0,0,0,0,0,0
ORD-10455,2023-10-14,Amir Park,Stapler Full-Size,-0.5760348509067311,-0.6911170615700735,0.8853965666810519,-0.5510750414812702,0.4189828651725584,-0.5795159679545081,-0.7473510827624713,-0.7049361469159682,0.8553361595034287,0,2,0,0,1,2023,10,4,1,0,0,0,1,0,0,0,0,0,0,0,0,0,0,0,0,0,0,0,0,0,0,1,0,0,0,1,0,0,0,1,0,1,0,0,0,0
ORD-10568,2023-10-14,Ethan Clark,Tape Dispenser Heavy Duty,-0.9458806620828024,-0.6657674589778624,-0.4921165670117554,-0.5824224183291438,-0.5768262737643586,-0.5747900423902803,-0.6467508488223253,-0.6531379535796186,0.9474296722888612,0,2,3,1,1,2023,10,4,1,0,0,0,0,0,0,0,0,0,0,0,0,0,0,0,0,0,0,0,0,1,0,0,0,0,0,1,0,0,0,0,0,1,0,0,0,0
ORD-11137,2023-10-15,Barbara Weber,Tablet Stand Holder,-0.5760348509067311,-0.4857978923157465,-1.180873133858159,-0.45141182167802246,-0.8008833300251649,-0.41316338809369,0.44624742242061466,-0.44236339026947297,-0.3121719219376998,0,2,3,1,2,2023,10,4,1,0,1,1,0,0,0,0,0,0,0,0,0,0,0,0,0,0,0,0,0,0,0,0,1,0,0,0,1,0,1,0,0,0,1,0,0,0
ORD-10417,2023-10-17,Susan Jackson,Canvas Messenger Bag,-0.9458806620828024,-0.13884885385220017,-0.4921165670117554,-0.47865449613630784,-0.6936423458319587,-0.44115540874334686,0.4179647943733851,-0.10636393934565253,-0.20819537524446954,0,2,2,1,2,2023,10,4,0,1,0,1,0,0,0,0,0,0,0,0,1,0,0,0,0,0,0,0,0,0,0,0,0,0,0,0,0,0,0,1,0,0,0,0,1,0
ORD-11216,2023-10-17,Maria Costa,Binder Clips Assorted 48pc,-0.2061890397306598,-0.8056316842254352,2.2629097003738594,-0.5778471131178194,0.3921726191242567,-0.624448614088243,-1.8027585192590936,-0.8242373049725603,1.5953851045390548,0,2,0,3,1,2023,10,4,0,1,0,0,1,0,0,0,0,0,0,0,0,0,0,0,0,0,0,0,1,0,0,0,0,0,0,1,0,0,0,1,0,0,0,0,1,0
ORD-11974,2023-10-17,Joseph Chen,Silk Tie Collection,-0.5760348509067311,-0.4932388204398284,-1.180873133858159,-0.45449688462051546,-0.630446765860962,-0.3986220786652968,0.5708341890084114,-0.45049129826640016,-0.26232919637999264,0,2,3,1,2,2023,10,4,0,1,0,1,0,0,0,0,0,0,0,0,0,0,0,1,0,0,0,0,0,0,0,0,0,0,0,0,0,0,0,0,0,0,0,0,1,0
ORD-11062,2023-10-18,Robert Clark,Mechanical Gaming Keyboard,0.16365677144541152,-0.09697786847601063,2.2629097003738594,-0.11859104830568681,1.2328653344960003,-0.33638527431177395,-0.11367701132454024,-0.243711808378473,-0.4016247605213995,1,1,2,3,2,2023,10,4,0,1,0,0,1,0,0,0,0,0,0,0,0,0,0,0,0,0,0,0,1,0,0,0,0,0,0,0,1,1,0,0,0,0,0,0,0,1
ORD-11417,2023-10-18,Jessica Weber,Cotton Formal Shirt,-0.2061890397306598,-0.440269501590432,-1.180873133858159,-0.33208786176668387,0.9954031552110434,-0.2901439103294836,0.5114048693142325,-0.3926316142204778,-0.20753520669403636,1,2,3,1,2,2023,10,4,0,0,1,0,1,0,0,0,0,0,0,0,0,0,0,0,0,0,0,1,0,0,0,0,0,0,0,0,0,0,1,0,0,0,0,0,0,1
ORD-11812,2023-10-18,Liam Jones,Smart LED Desk Lamp,-0.9458806620828024,-0.341897909441553,0.8853965666810519,-0.530708397140575,-0.45235013139724417,-0.5533416109834004,-0.4129716574952241,-0.3806463939538225,0.15984859162204393,0,2,3,0,1,2023,10,4,0,0,0,0,0,0,0,0,0,0,0,0,0,0,0,0,0,0,0,0,0,1,0,0,0,0,0,0,1,0,1,0,0,0,0,0,0,1
ORD-10007,2023-10-20,Li Sharma,Mechanical Gaming Keyboard,-0.2061890397306598,0.927221746704818,0.19663999983464828,0.40317675799374003,0.4151528300228011,0.43394059265735535,0.5396874973614624,0.8987414292235125,-0.6003354942017951,1,2,1,2,0,2023,10,4,0,0,0,0,1,0,0,0,0,0,0,0,0,0,0,0,0,0,1,0,0,0,0,0,0,0,0,0,1,0,0,1,0,0,0,0,0,0
ORD-10211,2023-10-20,Sarah Tanaka,Tablet Stand Holder,0.16365677144541152,-0.7313485204104483,0.19663999983464828,-0.48906004741691983,0.7426208353270567,-0.543453520572093,-0.41261364954525914,-0.7317995716515749,0.27735859359915505,0,1,0,2,1,2023,10,4,0,1,0,0,0,0,0,0,0,0,1,0,0,0,0,0,0,0,0,0,0,0,0,0,0,0,0,0,1,0,0,1,0,0,0,0,0,0
ORD-11210,2023-10-20,Susan Weber,Tape Dispenser Heavy Duty,-0.5760348509067311,-0.6457147882705909,2.2629097003738594,-0.5466304592759836,-0.8506737869720107,-0.5425083354592475,-0.19673485571640467,-0.6932264489542934,0.11528721446780246,0,2,3,3,1,2023,10,4,0,1,0,1,0,0,0,0,0,0,0,0,0,0,0,0,0,0,0,0,0,0,1,0,0,0,0,1,0,0,1,0,0,0,0,0,0,0
ORD-11245,2023-10-20,Nadia Tanaka,Noise Cancelling Earbuds,0.5335025826214829,-0.06532239459220462,1.5741531335274555,0.07927129363318496,-0.13828724911713944,-0.04672239049818156,0.24218289094060305,-0.17083615871110883,-0.5782198477622827,1,1,2,0,0,2023,10,4,0,1,0,1,0,0,0,0,0,0,0,0,0,0,0,1,0,0,0,0,0,0,0,0,0,0,0,0,1,0,1,0,0,0,0,0,0,0
ORD-11460,2023-10-20,Sakura Rodriguez,Folding Table Portable,-0.9458806620828024,0.7051289598148491,1.5741531335274555,-0.3631215034000666,-1.3294281806916826,-0.4329395689163047,-0.027755103332956402,0.5024025935089446,-0.5356389762593408,0,2,1,0,2,2023,10,4,0,1,0,0,0,1,0,0,0,0,0,0,0,0,0,0,0,0,0,0,0,0,0,0,0,1,1,0,0,0,1,0,0,0,0,0,0,0
ORD-11809,2023-10-20,Michael Sato,Travel Backpack 30L,-0.9458806620828024,0.11590834632823005,1.5741531335274555,-0.4608238781127468,-0.6247017131363257,-0.46762059190302246,0.10327580635420902,-0.012410833347273977,-0.2438444769678628,0,2,2,0,2,2023,10,4,0,1,0,0,0,0,0,0,0,0,0,0,0,0,0,0,1,0,0,0,0,0,0,0,0,0,0,0,0,1,0,0,0,0,0,0,0,0
ORD-10499,2023-10-21,Felix Müller,Folding Table Portable,0.5335025826214829,0.6892381641600301,1.5741531335274555,0.7049638897326931,0.055129525945607875,0.2570455634609522,0.08609142475589236,0.4884887171074251,-0.6406057757782208,1,1,1,0,0,2023,10,4,1,1,0,0,0,0,0,0,0,0,0,0,0,0,0,0,1,0,0,0,0,0,0,0,0,0,1,0,0,0,1,0,0,1,0,0,0,0
ORD-10579,2023-10-22,Barbara Davis,Laptop Stand Adjustable,2.012885827325768,-0.5025715099513888,0.19663999983464828,0.07558490486291786,-0.0655165812717492,0.09789093176718872,0.5099728375143727,-0.5068356096349294,-0.572938499358817,1,0,3,2,0,2023,10,4,1,0,1,1,0,0,0,0,0,0,0,0,1,0,0,0,0,0,0,0,0,0,0,0,0,0,0,0,1,1,0,0,0,0,1,0,0,0
ORD-11652,2023-10-22,Lucas Suzuki,Premium Notebook Set A5,-0.9458806620828024,-0.6658935764036942,-1.180873133858159,-0.5797556690059719,-1.2758076885950793,-0.5408360848749822,0.1641371578482477,-0.639086316025609,0.27735859359915505,0,2,3,1,1,2023,10,4,1,0,0,0,0,1,0,0,0,1,0,0,0,0,0,0,0,0,0,0,0,0,0,0,0,0,0,1,0,0,1,0,0,0,1,0,0,0
ORD-11261,2023-10-23,Nadia Tanaka,Filing Cabinet 3-Drawer,1.2731942049736253,0.9911632816015893,0.8853965666810519,1.729832257069343,2.042917768669685,1.184054039521018,0.24289890684053292,0.8569998000189543,-0.6396155229525711,1,1,1,0,0,2023,10,4,0,1,0,0,0,0,1,0,0,0,0,0,0,0,0,0,0,0,0,0,0,0,0,0,0,0,1,0,0,0,1,0,1,0,0,0,0,0
ORD-11550,2023-10-23,Linda Russo,Portable External SSD 1TB,-0.2061890397306598,0.44936282022776347,0.19663999983464828,0.13571748764032335,0.3845125488247421,0.1458772528808862,0.49422048771591576,0.42897589923161933,-0.5584147912492865,1,2,1,2,0,2023,10,4,0,0,0,0,0,0,0,0,0,0,0,0,0,0,0,0,1,0,0,0,0,0,0,0,0,0,0,0,1,0,0,1,1,0,0,0,0,0
ORD-11798,2023-10-23,Thomas Rodriguez,Binder Clips Assorted 48pc,1.2731942049736253,-0.7849484263890042,0.19663999983464828,-0.4507582066478332,1.7690702554620328,-0.4844885108399586,-0.06069183472973016,-0.7844243319028662,0.3202695493773136,0,1,0,2,1,2023,10,4,0,1,0,0,0,0,1,0,0,0,0,0,0,0,0,0,0,0,0,0,0,0,0,0,0,0,0,1,0,0,1,0,1,0,0,0,0,0
ORD-10347,2023-10-24,Ayumi Garcia,Wool Blend Scarf,0.16365677144541152,-0.49626563865979395,-0.4921165670117554,-0.29585144449299516,0.26003640645762743,-0.23655918508585472,0.5837224752071489,-0.4772169618495167,-0.36135447894497386,1,1,3,1,2,2023,10,4,0,0,0,0,0,1,0,0,0,0,0,0,0,0,0,0,0,1,0,0,0,0,0,0,0,0,0,0,0,0,1,0,0,0,0,0,1,0
ORD-10429,2023-10-24,Karen Robinson,Wireless Ergonomic Mouse,2.7525774496779105,-0.25765146898584634,-1.180873133858159,0.887923808983251,0.8843321358680792,1.1988861751379791,0.786712982837266,-0.1931534654145361,-0.6264121519439069,1,0,2,1,0,2023,10,4,0,0,1,0,0,0,0,0,0,0,1,0,0,0,0,0,0,0,0,0,0,0,0,0,0,0,0,0,1,0,0,0,0,0,0,0,1,0
ORD-10461,2023-10-24,Elizabeth Fischer,Tablet Stand Holder,-0.5760348509067311,-0.5061027978746817,-1.180873133858159,-0.4598303832668592,-0.7702430488271058,-0.4248691421835465,0.4158167466735954,-0.46454293582040984,-0.2844448428195051,0,2,3,1,2,2023,10,4,0,1,0,0,0,1,0,0,0,1,0,0,0,0,0,0,0,0,0,0,0,0,0,0,0,0,0,0,1,0,0,1,0,0,0,0,1,0
ORD-11069,2023-10-25,Fatima Williams,Tape Dispenser Heavy Duty,0.5335025826214829,-0.6882163607759398,0.8853965666810519,-0.42497962985717164,1.0222134012593445,-0.43737466829196464,0.14910082394972046,-0.7021809238661623,0.029465302911485358,0,1,3,0,2,2023,10,4,0,0,0,0,0,0,1,0,0,0,0,1,0,0,0,0,0,0,0,0,0,0,0,0,0,0,0,1,0,1,0,0,0,0,0,0,0,1
ORD-10382,2023-10-26,Layla Anderson,Filing Cabinet 3-Drawer,-0.5760348509067311,0.5122954157178797,0.8853965666810519,-0.1269573206921084,0.0972599125929391,-0.26077046528412934,0.08859748040564677,0.41244456093278437,-0.4973492003342147,1,2,1,0,2,2023,10,4,0,0,1,0,0,0,0,1,0,0,0,0,0,0,0,0,0,0,0,0,0,0,0,0,0,0,1,0,0,0,1,0,0,0,0,1,0,0
ORD-10530,2023-10-26,Ali Li,Portable External SSD 1TB,-0.5760348509067311,0.09913472869258788,-0.4921165670117554,-0.23012391705717022,-0.49256550046969644,-0.180429730692257,0.5511437517603399,0.14064180706943963,-0.50461105438898,1,2,2,1,2,2023,10,4,0,1,0,1,0,0,0,0,0,0,0,0,0,0,0,1,0,0,0,0,0,0,0,0,0,0,0,0,1,0,0,1,0,0,0,1,0,0
ORD-10316,2023-10-27,Fatima Kim,Highlighters Neon Pack 6,-0.9458806620828024,-0.755941418447668,0.8853965666810519,-0.6036779791108963,-0.9464246657159452,-0.5965292999857281,-1.5374746283350782,-0.7651377705542254,1.5831719863560407,0,2,0,0,1,2023,10,4,0,1,0,1,0,0,0,0,0,0,0,0,0,1,0,0,0,0,0,0,0,0,0,0,0,0,0,1,0,0,1,0,0,0,0,0,0,0
ORD-10717,2023-10-28,Elizabeth Johansson,Mesh Back Task Chair,0.5335025826214829,1.3933517525795063,2.2629097003738594,1.1686906813513194,1.483732636805108,0.27464054786930786,-0.1079488841251013,0.9772652861429788,-0.6267422362191235,1,1,1,3,0,2023,10,4,1,0,0,0,0,0,1,0,1,0,0,0,0,0,0,0,0,0,0,0,0,0,0,0,0,0,1,0,0,0,1,0,0,1,0,0,0,0
ORD-11406,2023-10-28,Sarah Suzuki,Smart LED Desk Lamp,1.6430400161496967,-0.18992641131411805,0.19663999983464828,0.4634400637771834,2.134838612263862,0.43379517956307134,0.47059196301823003,-0.19949047842908949,-0.5366292290849906,1,0,2,2,0,2023,10,4,1,0,1,0,0,1,0,0,0,1,0,0,0,0,0,0,0,0,0,0,0,0,0,0,0,0,0,0,1,0,0,1,0,1,0,0,0,0
ORD-10478,2023-10-29,Jamal Robinson,Highlighters Neon Pack 6,-0.9458806620828024,-0.8316118739468058,-0.4921165670117554,-0.6150770252373957,-0.6361918185855979,-0.6203770474482929,-3.720249099271274,-0.8252016330399925,3.778892585096891,0,2,0,1,1,2023,10,4,1,0,1,0,0,0,0,0,0,0,0,0,0,0,0,0,0,0,0,0,0,1,0,0,0,0,0,1,0,0,0,1,0,0,1,0,0,0
ORD-10696,2023-11-01,Susan Chen,USB-C Hub Multiport Adapter,-0.5760348509067311,-0.44480972892038023,-0.4921165670117554,-0.44437892395318673,-0.44469006109772924,-0.4331576885577306,0.26688543948818333,-0.4237656346832837,-0.24285422414221294,0,2,3,1,2,2023,11,4,0,1,0,0,0,0,0,0,0,0,1,0,0,0,0,0,0,0,0,0,0,0,0,0,0,0,0,0,1,0,1,0,0,0,0,0,0,1
ORD-11295,2023-11-01,Kenji Martin,Tablet Stand Holder,-0.9458806620828024,-0.7033504518757674,-1.180873133858159,-0.5875206155646194,0.0589595610953655,-0.616160067714059,-1.799178439759444,-0.6800013783152253,1.7574564836704076,0,2,0,1,1,2023,11,4,0,0,1,0,1,0,0,0,0,0,0,0,0,0,0,0,0,0,1,0,0,0,0,0,0,0,0,0,1,0,1,0,0,0,0,0,0,1
ORD-11300,2023-11-01,Zara Miller,Portable External SSD 1TB,-0.2061890397306598,0.9130965950116456,0.19663999983464828,0.3952810884290547,-0.5576760980155717,0.462368852589864,0.5847964990570438,0.8849653139744834,-0.6419261128790873,1,2,1,2,0,2023,11,4,0,0,0,1,0,0,0,0,0,0,0,0,0,0,0,0,0,0,0,0,0,0,0,0,1,0,0,0,1,0,0,0,0,0,0,0,0,1
ORD-10054,2023-11-02,Diego Jones,Canvas Messenger Bag,-0.9458806620828024,-0.5396500331459662,0.19663999983464828,-0.5615590265655047,-0.49256550046969644,-0.5638113537718434,-0.4702529294896134,-0.5432045538923662,0.5146891874798933,0,2,3,2,1,2023,11,4,0,1,0,0,0,0,0,0,0,0,1,0,0,0,0,0,0,0,0,0,0,0,0,0,0,0,0,0,0,0,0,1,0,0,0,1,0,0
ORD-10528,2023-11-02,Fatima Brown,Webcam HD 1080p,-0.2061890397306598,-0.41769448236652257,-1.180873133858159,-0.3180482109182201,-0.23786816301083108,-0.26767758726261615,0.5482796881606206,-0.36797236792471566,-0.4065760246496486,1,2,3,1,2,2023,11,4,0,0,0,1,0,0,0,0,0,0,0,0,1,0,0,0,0,0,0,0,0,0,0,0,0,0,0,0,1,0,0,0,0,0,0,1,0,0
ORD-11038,2023-11-02,Hanna Johnson,Ergonomic Office Chair,0.9033483937975542,2.8843119607641823,1.5741531335274555,3.156856880180799,0.17386061558808663,1.9571427552815421,0.14444672060017638,2.406675004382241,-0.6944095126385273,1,1,1,0,0,2023,11,4,0,0,1,0,0,0,0,1,0,0,0,0,0,0,0,0,0,0,0,0,0,0,0,0,0,0,1,0,0,1,0,0,0,0,0,1,0,0
ORD-11728,2023-11-02,Ahmed Pereira,Tablet Stand Holder,-0.5760348509067311,-0.48592400974157846,-0.4921165670117554,-0.4605624321006711,-0.5461859925662995,-0.44820794381611756,0.24683699429014716,-0.46647159195527393,-0.22403942045486655,0,2,3,1,2,2023,11,4,0,0,0,0,0,0,0,0,0,0,0,0,0,0,1,0,0,0,0,0,0,0,0,0,0,0,0,0,1,1,0,0,0,0,0,1,0,0
ORD-11949,2023-11-02,Fatima Yamamoto,Binder Clips Assorted 48pc,0.9033483937975542,-0.7360148651662285,-0.4921165670117554,-0.4103386531809337,1.7997105366600916,-0.41316338809369,0.2321586683415849,-0.7260136032469827,0.1367426923568817,0,1,0,1,2,2023,11,4,0,0,0,0,1,0,0,0,0,0,0,0,0,0,0,0,0,0,0,0,1,0,0,0,0,0,0,1,0,0,0,1,0,0,0,1,0,0
ORD-10811,2023-11-03,Joseph Romano,Webcam HD 1080p,-0.9458806620828024,0.12549327069145422,-1.180873133858159,-0.4156982964284851,-0.14786233699153267,-0.3932417941767913,0.3732138006277685,0.22536491585096882,-0.2448347297935126,0,2,2,1,2,2023,11,4,0,0,0,0,0,0,1,0,0,0,0,0,0,0,0,0,0,0,0,0,0,0,0,0,0,0,0,0,1,0,1,0,0,0,0,0,0,0
ORD-11576,2023-11-03,Sarah Sharma,Noise Cancelling Earbuds,1.2731942049736253,0.27910429535470366,-0.4921165670117554,1.0262548939724911,1.3860667404862954,1.2193894214320136,0.6771625501479964,0.32744592984627463,-0.6211308035404413,1,1,1,1,0,2023,11,4,0,0,0,1,0,0,0,0,0,0,0,0,1,0,0,0,0,0,0,0,0,0,0,0,0,0,0,0,1,1,0,0,0,0,0,0,0,0
ORD-10514,2023-11-05,Linda Laurent,Paper Clips Box 500pc,-0.5760348509067311,-0.8124420252203576,0.8853965666810519,-0.5938214644556432,-0.24169819816058838,-0.6103435439427017,-1.782352066111092,-0.8174870085005361,1.8102699677050642,0,2,0,0,1,2023,11,4,1,0,0,1,0,0,0,0,0,0,0,0,0,1,0,0,0,0,0,0,0,0,0,0,0,0,0,1,0,0,0,1,0,0,1,0,0,0
ORD-10757,2023-11-06,Ahmed Taylor,Leather Wallet Minimalist,-0.2061890397306598,-0.10820231937504939,-1.180873133858159,-0.12557165682810734,0.330892056728139,0.022276122739544088,0.8038973644355826,-0.029906499713540913,-0.4772140595460018,1,2,2,1,0,2023,11,4,0,0,0,0,0,0,1,0,0,0,0,1,0,0,0,0,0,0,0,0,0,0,0,0,0,0,0,0,0,0,1,0,1,0,0,0,0,0
ORD-11470,2023-11-06,Diego Robinson,Folding Table Portable,0.16365677144541152,0.6825539405909395,0.8853965666810519,0.499493468842419,-0.09041180974517228,0.2587178140452173,0.2335907001414446,0.5704566028391485,-0.6310333317969393,1,1,1,0,0,2023,11,4,0,1,0,0,0,0,0,0,0,0,1,0,0,0,0,0,0,0,0,0,0,0,0,0,0,0,1,0,0,0,1,0,1,0,0,0,0,0
ORD-10801,2023-11-07,Ethan Wang,Folding Table Portable,0.16365677144541152,-0.035180329818381435,0.8853965666810519,-0.0063784199228065904,-0.32021391873061456,-0.14633036008267494,0.1687912611977918,-0.09589409175639042,-0.5712880779827341,1,1,2,0,2,2023,11,4,0,1,0,1,0,0,0,0,0,0,0,0,0,1,0,0,0,0,0,0,0,0,0,0,0,0,1,0,0,0,0,0,0,0,0,0,1,0
ORD-11903,2023-11-07,Wei Smith,Whiteboard Markers Set 8,1.2731942049736253,-0.8079017978904094,-0.4921165670117554,-0.4722490688404538,1.2079701060225776,-0.4812894227657121,0.05243867745918863,-0.8005423867442303,0.30277508279083354,0,1,0,1,1,2023,11,4,0,0,1,0,0,0,0,0,0,0,0,0,0,0,0,0,1,0,0,0,0,0,0,0,0,0,0,1,0,0,1,0,0,0,0,0,1,0
ORD-10043,2023-11-09,Jennifer Kim,Wireless Ergonomic Mouse,-0.2061890397306598,-0.2504627757134283,-1.180873133858159,-0.21404498731451613,-0.42170985019918517,-0.13055303935286836,0.6556820731501004,-0.1853010797225895,-0.5056013072146298,1,2,2,1,0,2023,11,4,0,0,0,0,0,1,0,0,0,0,0,0,0,0,0,0,0,0,0,0,0,0,0,0,0,1,0,0,1,0,0,0,0,0,0,1,0,0
ORD-11109,2023-11-09,Jessica Park,Bookshelf 5-Tier,-0.9458806620828024,0.26560973079069083,0.8853965666810519,-0.4236723997967932,-0.3585142702281885,-0.4861607614242239,-0.15556394147043737,0.18334776434143002,-0.2719016403612741,0,2,1,0,1,2023,11,4,0,0,0,0,0,0,0,0,0,0,1,0,0,0,0,0,0,0,0,0,0,0,0,0,0,0,1,0,0,0,0,1,0,0,0,1,0,0
ORD-10753,2023-11-10,Emma Jackson,Noise Cancelling Earbuds,-0.9458806620828024,1.4373667341948382,-0.4921165670117554,-0.16821350139765012,-1.1340963880540564,-0.08358460989915835,0.6503119539006265,1.529411985324066,-0.596374482899196,1,2,1,1,0,2023,11,4,0,0,0,0,0,1,0,0,0,0,0,0,0,0,0,0,0,0,0,0,0,0,0,0,0,1,0,0,1,0,1,0,0,0,0,0,0,0
ORD-10180,2023-11-12,Zara Nilsson,Bookshelf 5-Tier,-0.5760348509067311,1.137837847844085,-1.180873133858159,0.22175937021442843,-1.3179380752424106,0.32997023024434396,0.6495959380006965,1.331173686890537,-0.6650320121442496,1,2,1,1,0,2023,11,4,1,0,0,0,0,1,0,0,0,1,0,0,0,0,0,0,0,0,0,0,0,0,0,0,0,0,1,0,0,0,1,0,0,0,1,0,0,0
ORD-11761,2023-11-12,Oscar Thomas,Sports Water Bottle 750ml,-0.9458806620828024,-0.6454625534189271,-1.180873133858159,-0.5755202436103459,-0.3853245162764899,-0.5762441733331196,-0.6875637551183277,-0.6167690093221817,0.8969267781807208,0,2,3,1,1,2023,11,4,1,0,0,0,0,0,0,0,0,0,0,0,0,0,1,0,0,0,0,0,0,0,0,0,0,0,0,0,0,0,0,0,0,0,1,0,0,0
ORD-10375,2023-11-13,Priya Leroy,Wireless Ergonomic Mouse,-0.9458806620828024,-0.44834101684367333,0.19663999983464828,-0.5445388911793783,-0.42936992049869976,-0.5589400151133317,-0.44698241274189265,-0.4535220436211866,0.30904668401994906,0,2,3,2,1,2023,11,4,0,1,0,0,0,0,0,0,0,0,0,0,0,0,0,0,0,0,0,0,0,1,0,0,0,0,0,0,1,0,1,0,1,0,0,0,0,0
ORD-10795,2023-11-13,Christopher Leroy,Monitor Riser Wood,1.6430400161496967,-0.11072466789168735,1.5741531335274555,0.44665522980192496,1.546928216776105,0.02082199179670475,-0.003410562735340851,-0.21051137062831277,-0.5580847069740698,1,0,2,0,0,2023,11,4,0,1,0,1,0,0,0,0,0,0,0,0,0,1,0,0,0,0,0,0,0,0,0,0,0,0,1,0,0,0,1,0,1,0,0,0,0,0
ORD-10362,2023-11-14,Jennifer Romano,Standing Desk Converter,-0.2061890397306598,1.120559760505115,0.8853965666810519,0.44780559225505795,-0.45426514897212283,0.23028955411270866,0.24540496249028745,0.9771275249904882,-0.6415960286038707,1,2,1,0,0,2023,11,4,0,1,0,1,0,0,0,0,0,0,0,0,0,0,0,0,0,0,0,0,0,0,1,0,0,0,1,0,0,1,0,0,0,0,0,0,1,0
ORD-10350,2023-11-15,Felix Laurent,Smart LED Desk Lamp,-0.9458806620828024,-0.4144154292948933,-0.4921165670117554,-0.5329045436420107,-1.1781417922762663,-0.5089179106796592,0.16234711809842303,-0.39221833076300694,-0.146139531503748,0,2,3,1,1,2023,11,4,0,1,0,0,0,1,0,0,0,1,0,0,0,0,0,0,0,0,0,0,0,0,0,0,0,0,0,0,1,0,1,0,0,0,0,0,0,1
ORD-12000,2023-11-15,Raj Anderson,Premium Notebook Set A5,-0.5760348509067311,-0.7902453582739438,0.8853965666810519,-0.5860042286945805,0.21407598466053887,-0.6173960790154723,-1.7981044159095494,-0.7969605967794827,1.825453844365028,0,2,0,0,1,2023,11,4,0,0,0,0,0,0,1,0,0,0,0,0,0,0,0,0,0,0,0,0,0,0,0,0,0,0,0,1,0,0,1,0,0,0,0,0,0,1
ORD-10559,2023-11-18,Fatima Patel,Highlighters Neon Pack 6,-0.2061890397306598,-0.7782642028199137,0.8853965666810519,-0.5559640819070854,-1.0479205971845156,-0.5302209289922551,0.06998106700747028,-0.7858019434277691,0.10208384345913823,0,2,0,0,1,2023,11,4,1,0,0,0,0,1,0,0,0,1,0,0,0,0,0,0,0,0,0,0,0,0,0,0,0,0,0,1,0,0,1,0,0,1,0,0,0,0
ORD-10725,2023-11-18,Giulia Rossi,Laptop Stand Adjustable,2.7525774496779105,-0.24781430977095845,-1.180873133858159,0.910355876819344,1.198395018148184,1.2150997351506374,0.7784787999880723,-0.18240809552029336,-0.618820213613925,1,0,2,1,0,2023,11,4,1,1,0,0,0,0,0,1,0,0,0,0,0,0,0,0,0,0,0,0,0,0,0,0,0,0,0,0,1,0,0,1,0,1,0,0,0,0
ORD-11713,2023-11-19,Kenji Moreau,Whiteboard Markers Set 8,1.2731942049736253,-0.8308551693918144,-0.4921165670117554,-0.5039101809028182,0.32897703915326004,-0.49430389470412395,0.11079397330347264,-0.8243750661250507,0.24831117738009395,0,1,0,1,1,2023,11,4,1,1,0,0,0,1,0,0,0,1,0,0,0,0,0,0,0,0,0,0,0,0,0,0,0,0,0,1,0,0,0,1,0,0,1,0,0,0
ORD-10932,2023-11-20,Karen Khan,Desk Calendar 2025,-0.2061890397306598,-0.7916326499580947,-0.4921165670117554,-0.5547352856503297,0.22365107253493247,-0.564683832337547,-0.5060537244861066,-0.7837355261404148,0.8170463835783027,0,2,0,1,1,2023,11,4,0,0,0,0,0,0,0,0,0,0,1,0,0,0,0,0,0,0,0,0,0,0,0,0,0,0,0,1,0,0,0,1,1,0,0,0,0,0
ORD-11566,2023-11-20,Olga Thompson,Tablet Stand Holder,-0.5760348509067311,-0.24857101432594986,-1.180873133858159,-0.35305583193515316,-0.2206330048369229,-0.31210128756635735,0.5024546705651091,-0.18323466243523515,-0.3639951531467066,0,2,2,1,2,2023,11,4,0,0,0,0,0,0,1,0,0,0,0,1,0,0,0,0,0,0,0,0,0,0,0,0,0,0,0,0,1,0,0,0,1,0,0,0,0,0
ORD-10360,2023-11-21,Wei Fischer,Premium Notebook Set A5,-0.2061890397306598,-0.6642540498678796,-1.180873133858159,-0.47138629700060414,0.2849316349310505,-0.4343209933120021,0.4211868659230695,-0.6372954210432352,0.04068816826884989,0,2,3,1,2,2023,11,4,0,0,0,0,0,0,1,0,0,0,0,0,0,0,0,0,0,0,0,0,0,0,0,0,0,0,0,1,0,0,1,0,0,0,0,0,1,0
ORD-11833,2023-11-21,Ali Romano,Desk Calendar 2025,-0.9458806620828024,-0.6913692964217372,0.19663999983464828,-0.5898736296733005,-0.3336190417547654,-0.5981288440228514,-1.3248179060559078,-0.6923998820393517,1.4854670408919257,0,2,0,2,1,2023,11,4,0,1,0,0,0,0,0,0,0,0,0,0,0,0,0,0,1,0,0,0,0,0,0,0,0,0,0,1,0,0,0,1,0,0,0,0,1,0
ORD-11177,2023-11-22,Omar Costa,Ergonomic Office Chair,-0.9458806620828024,1.7234010559815784,-0.4921165670117554,-0.1118980303965495,-1.093881018981604,-0.09550848363044077,0.4734560266179497,1.826149507788153,-0.6069371797061273,1,2,1,1,0,2023,11,4,0,1,0,0,0,1,0,0,0,0,0,0,0,0,0,0,0,0,0,0,0,0,0,0,0,1,1,0,0,0,0,1,0,0,0,0,0,1
ORD-10978,2023-11-23,Diego Hassan,Wool Blend Scarf,-0.9458806620828024,-0.7265560582288363,-0.4921165670117554,-0.5943966456822097,-0.8410986990976175,-0.5880226339701181,-1.0620400707816473,-0.716232561420172,1.1557128499505382,0,2,0,1,1,2023,11,4,0,0,0,1,0,0,0,0,0,0,0,0,1,0,0,0,0,0,0,0,0,0,0,0,0,0,0,0,0,0,0,1,0,0,0,1,0,0
ORD-10041,2023-11-25,Xiao Rodriguez,Wireless Ergonomic Mouse,-0.5760348509067311,-0.557937059891591,-0.4921165670117554,-0.48892932441088194,-0.5902313967885094,-0.4797625852757308,0.1548289511491594,-0.5411381366050119,-0.1392077617241993,0,2,3,1,2,2023,11,4,1,0,1,1,0,0,0,0,0,0,0,0,0,0,0,1,0,0,0,0,0,0,0,0,0,0,0,0,1,0,1,0,0,1,0,0,0,0
ORD-10365,2023-11-25,Ethan Khan,USB-C Hub Multiport Adapter,0.9033483937975542,-0.4175683649406907,0.19663999983464828,-0.06559594165794724,0.10491998289245369,-0.06126369992657475,0.45376558936987826,-0.42321459007332246,-0.5214453524250268,1,1,3,2,0,2023,11,4,1,1,0,0,0,1,0,0,0,0,0,0,0,0,0,0,0,1,0,0,0,0,0,0,0,0,0,0,1,0,0,0,0,1,0,0,0,0
ORD-10524,2023-11-25,Oscar Costa,Tape Dispenser Heavy Duty,-0.5760348509067311,-0.809667441852056,0.19663999983464828,-0.5904749555010745,-0.5193757465179981,-0.5919487875157843,-1.1479619787732311,-0.8086702947411575,1.321415156109274,0,2,0,2,1,2023,11,4,1,0,0,1,0,0,0,0,0,0,0,0,0,0,0,0,0,0,0,0,0,0,0,0,1,0,0,1,0,0,1,0,0,1,0,0,0,0
ORD-11789,2023-11-25,Jessica Hassan,Desk Calendar 2025,-0.9458806620828024,-0.7321052249654397,0.19663999983464828,-0.5974817086247027,-0.666832099783657,-0.5960930607028763,-1.3806671462504374,-0.7324883774140264,1.5356398507248499,0,2,0,2,1,2023,11,4,1,1,0,1,0,0,0,0,0,0,0,0,0,0,0,1,0,0,0,0,0,0,0,0,0,0,0,1,0,0,0,0,0,1,0,0,0,0
ORD-10992,2023-11-26,Linda Kumar,Folding Table Portable,0.9033483937975542,0.2190724006587212,1.5741531335274555,0.5048008228875553,-0.5059706234938472,0.13918825054382533,0.09396759965512085,0.0776849603813766,-0.6478676298329862,1,1,1,0,0,2023,11,4,1,0,0,0,0,1,0,0,0,0,0,0,0,0,0,0,0,1,0,0,0,0,0,0,0,0,1,0,0,0,0,1,0,0,1,0,0,0
ORD-11555,2023-11-26,Isabella Harris,Wireless Ergonomic Mouse,0.5335025826214829,-0.6162033106259271,-1.180873133858159,-0.31355133951051845,0.7866662395492666,-0.30090447930649455,0.39684232532545405,-0.5848084219444342,-0.26695037623302503,1,1,3,1,2,2023,11,4,1,0,0,0,0,0,1,0,0,0,0,1,0,0,0,0,0,0,0,0,0,0,0,0,0,0,0,0,1,0,1,0,0,0,1,0,0,0
ORD-11793,2023-11-27,Joseph Suzuki,Cotton Formal Shirt,-0.9458806620828024,-0.34870825043647535,0.19663999983464828,-0.5259500797207978,-1.3907087430878007,-0.485724522141372,0.3832380232267865,-0.3555738642005895,-0.2728918931869239,0,2,3,2,1,2023,11,4,0,0,0,0,0,1,0,0,0,0,0,0,0,0,0,0,0,0,0,0,0,0,0,0,0,1,0,0,0,0,0,0,1,0,0,0,0,0
ORD-11111,2023-11-28,Xiao Harris,Premium Notebook Set A5,-0.5760348509067311,-0.809541324426224,-1.180873133858159,-0.5856382042776745,-0.20339784666301478,-0.590567363120087,-1.0670521820811563,-0.7959962687120506,1.4121883317938395,0,2,0,1,1,2023,11,4,0,0,0,0,0,0,0,0,0,0,1,0,0,0,0,0,0,0,0,0,0,0,0,0,0,0,0,1,0,0,0,0,0,0,0,0,1,0
ORD-11488,2023-11-28,Pierre Leroy,Travel Backpack 30L,0.5335025826214829,-0.3740578530286865,0.8853965666810519,-0.14818673687265332,0.04172440292145701,-0.11732044777303055,0.5046027182648988,-0.41054056404421574,-0.4923979362059656,1,1,3,0,0,2023,11,4,0,1,0,0,0,0,1,0,0,0,0,1,0,0,0,0,0,0,0,0,0,0,0,0,0,0,0,0,0,0,0,1,0,0,0,0,1,0
ORD-11497,2023-11-29,Sarah Khan,Filing Cabinet 3-Drawer,0.16365677144541152,1.3755691955372091,0.19663999983464828,1.0833285584086112,-0.7338577149044109,0.9479031744039126,0.4272730010724733,1.3395771171924447,-0.6802158888042134,1,1,1,2,0,2023,11,4,0,0,0,1,0,0,0,0,0,0,0,0,0,0,0,0,0,0,0,0,0,0,1,0,0,0,1,0,0,0,0,1,0,0,0,0,0,1
ORD-11687,2023-11-29,Zara Nilsson,Whiteboard Markers Set 8,-0.2061890397306598,-0.8057578016512671,0.19663999983464828,-0.5667879468070183,0.6181446929599417,-0.6021277041156594,-1.191280940718988,-0.8048129824714293,1.3630057747865658,0,2,0,2,1,2023,11,4,0,1,0,0,0,0,0,0,0,0,0,0,0,0,1,0,0,0,0,0,0,0,0,0,0,0,0,1,0,0,1,0,0,0,0,0,0,1
ORD-11505,2023-11-30,Susan Leroy,Premium Notebook Set A5,-0.9458806620828024,-0.8138293169045084,0.19663999983464828,-0.6127240111287147,-0.18424767091422797,-0.6355727158009639,-4.32385050291215,-0.8128031293158662,4.2505830143814185,0,2,0,2,1,2023,11,4,0,0,0,0,0,0,1,0,1,0,0,0,0,0,0,0,0,0,0,0,0,0,0,0,0,0,0,1,0,0,0,0,0,0,0,1,0,0
ORD-10487,2023-12-01,Christopher Khan,Webcam HD 1080p,1.6430400161496967,-0.22902281332200589,-0.4921165670117554,0.4627864487469942,0.9073123467666236,0.5777541429041639,0.6402877313016083,-0.1999037618865604,-0.5868020389179144,1,0,2,1,0,2023,12,4,0,0,0,0,0,0,0,0,0,0,0,0,0,0,1,0,0,0,0,0,0,0,0,0,0,0,0,0,1,0,0,1,0,0,0,0,0,0
ORD-10677,2023-12-01,Ivan Jones,Standing Desk Converter,0.16365677144541152,3.3151290874059396,2.2629097003738594,2.0034355087065383,-0.91003933179325,0.8297550352982179,-0.029545143082780966,2.5515997368020273,-0.6990306924915598,1,1,1,3,0,2023,12,4,0,1,0,0,0,1,0,0,0,0,0,0,0,0,0,0,0,1,0,0,0,0,0,0,0,0,1,0,0,0,1,0,0,0,0,0,0,0
ORD-10044,2023-12-02,Fatima Ferrari,Cotton Formal Shirt,1.6430400161496967,-0.30772008704110915,0.19663999983464828,0.2876437652574988,2.801264728321645,0.3607250996853957,0.5948207216560619,-0.31520984652093414,-0.46797169983993697,1,0,2,2,0,2023,12,4,1,1,0,0,0,0,0,0,0,0,0,0,0,0,0,0,1,0,0,0,0,0,0,0,0,0,0,0,0,0,1,0,0,1,0,0,0,0
ORD-11910,2023-12-02,Amir Laurent,Bookshelf 5-Tier,0.9033483937975542,1.484786886307631,1.5741531335274555,1.7642646968597098,1.3286162132399346,0.9451403256125179,0.10112775865441948,1.183769253725925,-0.6544693153373182,1,1,1,0,0,2023,12,4,1,0,1,0,0,1,0,0,0,1,0,0,0,0,0,0,0,0,0,0,0,0,0,0,0,0,1,0,0,0,1,0,0,1,0,0,0,0
ORD-10288,2023-12-03,Zara Leroy,Mesh Back Task Chair,0.16365677144541152,0.4935039192689271,-0.4921165670117554,0.4838589973202937,1.0605137527569188,0.4331408206387936,0.44803746217043944,0.549930191118095,-0.5835011961657484,1,1,1,1,0,2023,12,4,1,1,0,0,0,0,0,0,0,0,0,0,0,0,0,0,1,0,0,0,0,0,0,0,0,0,1,0,0,0,1,0,0,0,1,0,0,0
ORD-11423,2023-12-03,Felix Laurent,Silk Tie Collection,-0.5760348509067311,-0.7152054899039656,-0.4921165670117554,-0.5508658846716096,-0.011896089175146096,-0.5621391031875782,-0.47633906463901715,-0.704385102306007,0.6163551442466073,0,2,0,1,1,2023,12,4,1,0,1,0,0,0,0,1,0,0,0,0,0,0,0,0,0,0,0,0,0,0,0,0,0,0,0,0,0,0,0,1,0,0,1,0,0,0
ORD-11442,2023-12-03,Chen Nilsson,Monitor Riser Wood,0.16365677144541152,-0.3949933457167813,-0.4921165670117554,-0.21605812160749888,-0.13254219639250317,-0.23866767495297173,0.3288208148321167,-0.37210520249942447,-0.4732530482434026,1,1,3,1,2,2023,12,4,1,0,1,1,0,0,0,0,0,0,0,0,0,0,0,0,0,0,0,0,0,0,0,0,1,0,1,0,0,0,0,1,0,0,1,0,0,0
ORD-11827,2023-12-03,Emma Sharma,Monitor Riser Wood,-0.5760348509067311,-0.3705265651053934,1.5741531335274555,-0.44958169959349276,-1.174311757126509,-0.49895711372120977,-0.16630417996938537,-0.4375417499323128,-0.40789636175051497,0,2,3,0,1,2023,12,4,1,0,0,0,0,1,0,0,0,0,0,0,0,0,0,0,0,1,0,0,0,0,0,0,0,0,1,0,0,0,1,0,0,0,1,0,0,0
ORD-11863,2023-12-03,Isabella Rossi,Ergonomic Office Chair,0.5335025826214829,2.022677707480668,-1.180873133858159,2.4216968388252047,-0.7587529433778339,2.75589688218318,0.6879027886469443,2.2977059327624203,-0.7003510295924262,1,1,1,1,0,2023,12,4,1,0,1,0,0,1,0,0,0,1,0,0,0,0,0,0,0,0,0,0,0,0,0,0,0,0,1,0,0,0,0,0,0,0,1,0,0,0
ORD-11904,2023-12-04,Hans Martin,Floating Wall Shelves Set,-0.5760348509067311,-0.21931177153294995,-1.180873133858159,-0.34092473697484177,-0.373834410827218,-0.3318047618418301,0.364979617778575,-0.15127407505748755,-0.40261501334704936,0,2,2,1,2,2023,12,4,0,0,0,0,0,0,0,0,0,0,0,0,0,0,0,0,1,0,0,0,0,0,0,0,0,0,1,0,0,0,0,0,1,0,0,0,0,0
ORD-11346,2023-12-05,Jennifer Santos,Corner L-Shaped Desk,-0.9458806620828024,2.3947241136847617,1.5741531335274555,-0.08290366765735702,-1.222187196498476,-0.24223029576292807,0.06747501135771575,1.9789266258998865,-0.6234413934669574,1,2,1,0,2,2023,12,4,0,0,0,0,0,1,0,0,0,0,0,0,0,0,0,0,0,0,0,0,0,0,0,0,0,1,1,0,0,0,0,1,0,0,0,0,1,0
ORD-11661,2023-12-05,Nadia Rossi,Monitor Riser Wood,-0.5760348509067311,-0.07352002727127795,-1.180873133858159,-0.2804784189829454,0.08959984229342417,-0.2821461901438673,0.3610415303289608,0.007977817221289187,-0.3989840863196667,1,2,2,1,2,2023,12,4,0,0,0,0,0,0,0,0,0,0,0,0,0,0,0,0,1,0,0,0,0,0,0,0,0,0,1,0,0,0,1,0,0,0,0,0,1,0
ORD-11944,2023-12-05,John Ferrari,Premium Notebook Set A5,-0.9458806620828024,-0.8129464949236851,-1.180873133858159,-0.6102402740139957,-1.040260526885001,-0.5963838868914442,-1.761945612963091,-0.7997158198292885,2.0542022470901347,0,2,0,1,1,2023,12,4,0,0,0,0,0,1,0,0,0,1,0,0,0,0,0,0,0,0,0,0,0,0,0,0,0,0,0,1,0,0,0,1,0,0,0,0,1,0
ORD-10109,2023-12-06,Thomas Ferrari,Premium Notebook Set A5,0.16365677144541152,-0.7358887477403966,-1.180873133858159,-0.47677208484936306,-0.4504351138223652,-0.4146175190365293,0.6223873338033616,-0.7155437556577205,-0.14448911012766497,0,1,0,1,2,2023,12,4,0,0,0,0,0,1,0,0,0,0,0,0,0,0,0,0,0,1,0,0,0,0,0,0,0,0,0,1,0,0,1,0,0,0,0,0,0,1
ORD-11117,2023-12-06,Amina Jones,Laptop Stand Adjustable,0.16365677144541152,-0.508246794113824,-1.180873133858159,-0.2880080641307249,-1.0919660014067254,-0.1976611823649029,0.6993590430458222,-0.4668848754127448,-0.5458715887910556,1,1,3,1,2,2023,12,4,0,0,0,0,0,1,0,0,0,0,0,0,0,0,0,0,0,1,0,0,0,0,0,0,0,0,0,0,1,0,1,0,0,0,0,0,0,1
ORD-11316,2023-12-06,Richard Yamamoto,Monitor Riser Wood,-0.2061890397306598,-0.08890635322276927,-1.180873133858159,-0.11357128487383379,0.6315498159840925,-0.11702962158446265,0.423692921572824,-0.008829043382526333,-0.45674883448257236,1,2,2,1,0,2023,12,4,0,0,0,0,1,0,0,0,0,0,0,0,0,0,0,0,0,0,0,0,0,0,0,1,0,0,1,0,0,0,0,1,0,0,0,0,0,1
ORD-11770,2023-12-06,Lucas Li,Corner L-Shaped Desk,-0.2061890397306598,1.8061340873273024,-1.180873133858159,1.0649750483608988,0.6679351499067878,1.192560705536628,0.625251397403081,2.06117003393659,-0.6425862814295205,1,2,1,1,0,2023,12,4,0,1,0,0,0,0,0,0,0,0,0,0,0,0,1,0,0,0,0,0,0,0,0,0,0,0,1,0,0,0,1,0,0,0,0,0,0,1
ORD-10189,2023-12-07,William Miller,Premium Notebook Set A5,0.16365677144541152,-0.7032243344499355,0.8853965666810519,-0.47724268767109923,1.1160492624284004,-0.5093541499625109,-0.1544899176205426,-0.7160948002676818,0.30904668401994906,0,1,0,0,1,2023,12,4,0,1,0,0,0,0,0,0,0,0,0,0,0,0,1,0,0,0,0,0,0,0,0,0,0,0,0,1,0,0,1,0,0,0,0,1,0,0
ORD-10779,2023-12-07,Wei Hassan,Travel Backpack 30L,-0.5760348509067311,-0.06544851201803659,2.2629097003738594,-0.3662065663425596,-0.373834410827218,-0.40945535418944967,0.09325158375519099,-0.21795047286278849,-0.3722472600271217,0,2,2,3,2,2023,12,4,0,1,0,0,0,0,0,0,0,0,0,0,0,0,1,0,0,0,0,0,0,0,0,0,0,0,0,0,0,0,1,0,0,0,0,1,0,0
ORD-11597,2023-12-07,Olivia Laurent,Highlighters Neon Pack 6,-0.9458806620828024,-0.8084062675937368,-1.180873133858159,-0.6092990683705233,-1.2375073370975056,-0.5874409815929824,-1.2439081093638333,-0.794756418339638,1.5772304694021415,0,2,0,1,1,2023,12,4,0,0,0,0,0,1,0,0,0,1,0,0,0,0,0,0,0,0,0,0,0,0,0,0,0,0,0,1,0,0,0,0,0,0,0,1,0,0
ORD-11641,2023-12-07,Raj Khan,Ballpoint Pen Pack 12,-0.9458806620828024,-0.8037399228379567,-0.4921165670117554,-0.6095866589838065,-1.4136889539863449,-0.5827877625758966,-0.9990306715878192,-0.7962717910170313,1.2722325991019996,0,2,0,1,1,2023,12,4,0,0,1,0,0,1,0,0,0,0,0,0,0,0,0,0,0,0,0,0,0,0,0,0,0,1,0,1,0,0,1,0,0,0,0,1,0,0
ORD-11708,2023-12-07,Ava Garcia,Travel Backpack 30L,-0.5760348509067311,-0.19623228260571288,-0.4921165670117554,-0.346467392430846,-0.5768262737643586,-0.27145832771399836,0.6567560969999953,-0.16587675722145837,-0.4283615868139445,0,2,2,1,2,2023,12,4,0,0,0,0,0,1,0,0,0,0,0,0,0,0,0,0,0,1,0,0,0,0,0,0,0,0,0,0,0,0,1,0,0,0,0,1,0,0
ORD-11825,2023-12-07,Wei Fischer,Premium Notebook Set A5,-0.5760348509067311,-0.6217524773625306,0.19663999983464828,-0.5203551350623783,-0.6974723809817159,-0.4876875989142051,0.30662432193429084,-0.6240703504041671,-0.019057085545355405,0,2,3,2,1,2023,12,4,0,0,0,0,0,1,0,0,0,0,0,0,0,0,0,0,0,1,0,0,0,0,0,0,0,0,0,1,0,1,0,0,0,0,0,1,0,0
ORD-11891,2023-12-07,Ayumi Kumar,Sports Water Bottle 750ml,-0.2061890397306598,-0.6559302997629745,0.8853965666810519,-0.49128233851956304,-1.1283513353294206,-0.4657302216773314,0.2962420913853078,-0.6722867537757691,-0.30028888802990206,0,2,3,0,2,2023,12,4,0,1,0,0,0,1,0,0,0,0,0,0,0,0,0,0,0,1,0,0,0,0,0,0,0,0,0,0,0,0,1,0,0,0,0,1,0,0
ORD-10220,2023-12-08,Elizabeth Weber,Monitor Riser Wood,1.2731942049736253,-0.07314167499378224,0.19663999983464828,0.4788653784896482,-0.1516923721412903,0.3654510252496233,0.37500384037759305,-0.08459767725218653,-0.6316935003473725,1,1,2,2,0,2023,12,4,0,0,0,1,0,0,0,0,0,0,0,0,0,0,0,1,0,0,0,0,0,0,0,0,0,0,1,0,0,0,0,0,0,0,0,0,0,0
ORD-11953,2023-12-08,Liam Costa,Paper Clips Box 500pc,-0.9458806620828024,-0.8090368547228963,-0.4921165670117554,-0.6106324430321092,-0.26276339148425415,-0.6280112348981993,-3.565947672836388,-0.8017822371166429,3.638606768129834,0,2,0,1,1,2023,12,4,0,0,0,0,0,0,1,0,0,0,0,1,0,0,0,0,0,0,0,0,0,0,0,0,0,0,0,1,0,0,0,1,0,0,0,0,0,0
ORD-10183,2023-12-09,Sarah Thompson,Mesh Back Task Chair,0.5335025826214829,1.0041533764622745,-0.4921165670117554,1.266000887045886,1.1562646315008531,1.230804349333302,0.5088988136644779,1.0797595835957554,-0.6396155229525711,1,1,1,1,0,2023,12,4,1,0,0,1,0,0,0,0,0,0,0,0,0,0,0,0,0,0,0,0,0,0,0,0,1,0,1,0,0,0,0,0,0,1,0,0,0,0
ORD-10488,2023-12-09,Elizabeth Dubois,Desk Organizer Set,0.16365677144541152,-0.26635357136824717,-0.4921165670117554,-0.11472164732696676,0.685170308080696,-0.1658884212638638,0.30519229013443117,-0.23861464573633218,-0.4514674860791067,1,1,2,1,2,2023,12,4,1,0,0,0,0,0,0,0,0,0,0,0,0,0,0,0,1,0,0,0,0,0,0,0,0,0,1,0,0,0,0,1,0,1,0,0,0,0
ORD-11110,2023-12-09,Robert Dubois,USB-C Hub Multiport Adapter,-0.9458806620828024,-0.1921965249790922,0.8853965666810519,-0.5043284945221393,-1.2777227061699579,-0.49612155838267313,0.09539963145498054,-0.24164539109111857,-0.3092011634607504,0,2,2,0,1,2023,12,4,1,1,0,0,0,1,0,0,0,0,0,0,0,0,0,0,0,0,0,0,0,0,0,0,0,1,0,0,1,0,0,0,0,1,0,0,0,0
ORD-11393,2023-12-09,Liam Rossi,Ballpoint Pen Pack 12,-0.2061890397306598,-0.7991996955080085,0.8853965666810519,-0.5670232482178864,0.40174770699865026,-0.5997283880599746,-1.1465299469733714,-0.8052262659289002,1.223710210645159,0,2,0,0,1,2023,12,4,1,1,0,0,0,0,0,1,0,0,0,0,0,0,0,0,0,0,0,0,0,0,0,0,0,0,0,1,0,0,0,0,0,1,0,0,0,0
ORD-10632,2023-12-10,David White,Premium Notebook Set A5,-0.9458806620828024,-0.7347536909079095,-0.4921165670117554,-0.5959914663558713,-1.2030370207496892,-0.5708638888446141,-0.4867212951880003,-0.7246359917220798,0.8002120855422558,0,2,0,1,1,2023,12,4,1,0,1,0,0,1,0,0,0,0,0,0,0,0,0,0,0,1,0,0,0,0,0,0,0,0,0,1,0,0,1,0,0,0,1,0,0,0
ORD-11262,2023-12-10,Oscar Martinez,Canvas Messenger Bag,2.3827316385018396,-0.4381255053512897,0.19663999983464828,0.2745976092549225,2.529332232688871,0.3549085759140383,0.6055609601550098,-0.44346547948939535,-0.47754414382121846,1,0,3,2,0,2023,12,4,1,1,0,0,0,1,0,0,0,0,0,0,0,0,0,0,0,1,0,0,0,0,0,0,0,0,0,0,0,0,1,0,0,0,1,0,0,0
ORD-10199,2023-12-11,Hans Robinson,Stapler Full-Size,0.5335025826214829,-0.71482713762647,-0.4921165670117554,-0.4266528843344559,-0.8181184881990731,-0.3376212856131874,0.7770467681882126,-0.7039718188485361,-0.3656455745227897,0,1,0,1,2,2023,12,4,0,0,0,0,0,1,0,0,0,1,0,0,0,0,0,0,0,0,0,0,0,0,0,0,0,0,0,1,0,0,1,0,1,0,0,0,0,0
ORD-10454,2023-12-11,Carlos Ali,Tape Dispenser Heavy Duty,-0.9458806620828024,-0.7884797143122972,0.19663999983464828,-0.6079918383101449,-1.3658135146143777,-0.584096480424452,-1.04771975278305,-0.7878683607151235,1.231632233250357,0,2,0,2,1,2023,12,4,0,0,0,0,0,1,0,0,0,1,0,0,0,0,0,0,0,0,0,0,0,0,0,0,0,0,0,1,0,0,0,0,1,0,0,0,0,0
ORD-10658,2023-12-11,Isabella Johansson,Cotton Formal Shirt,-0.2061890397306598,-0.36850868629208305,-1.180873133858159,-0.28745902750536595,0.11832510591660454,-0.1947529204792243,0.7079512338449806,-0.3142455184535021,-0.38842138951273536,1,2,3,1,2,2023,12,4,0,0,0,0,1,0,0,0,0,0,0,0,0,0,0,0,0,0,1,0,0,0,0,0,0,0,0,0,0,1,0,0,1,0,0,0,0,0
ORD-11649,2023-12-11,Ava Li,Paper Clips Box 500pc,-0.2061890397306598,-0.8475026696016248,-0.4921165670117554,-0.5877559169754876,0.6047395699357908,-0.6275022890682056,-2.124249658327603,-0.8417329713388274,2.308697223282137,0,2,0,1,1,2023,12,4,0,1,0,0,0,0,1,0,0,0,0,0,0,0,0,0,0,0,0,0,0,0,0,0,0,0,0,1,0,1,0,0,1,0,0,0,0,0
ORD-11811,2023-12-11,Noah Chen,Laptop Stand Adjustable,0.5335025826214829,-0.5430552036434274,-1.180873133858159,-0.2377319960085724,0.13173022894075542,-0.1811567961636766,0.572982236708201,-0.5049069535000653,-0.4293518396395942,1,1,3,1,2,2023,12,4,0,0,0,1,0,0,0,0,0,0,0,0,0,1,0,0,0,0,0,0,0,0,0,0,0,0,0,0,1,0,1,0,1,0,0,0,0,0
ORD-11847,2023-12-11,Giulia Williams,Polarized Sunglasses,-0.2061890397306598,-0.3778413758036434,0.8853965666810519,-0.3442973905306179,0.29259170523056505,-0.3513628230230189,0.29051396418586894,-0.4141223540089633,-0.2950075396264364,0,2,3,0,2,2023,12,4,0,1,0,1,0,0,0,0,0,0,0,0,0,0,0,0,0,0,0,0,0,0,0,0,1,0,0,0,0,0,0,0,1,0,0,0,0,0
ORD-11936,2023-12-11,Wei Santos,Business Casual Blazer,-0.2061890397306598,0.6651497358261378,-1.180873133858159,0.35538442698630635,0.6200597105348207,0.6799795481857681,0.9206079561241507,0.8148448873569251,-0.5848215332666148,1,2,1,1,0,2023,12,4,0,0,0,0,0,0,0,1,0,0,0,0,0,0,0,0,0,0,0,0,0,0,0,0,0,0,0,0,0,0,0,0,1,0,0,0,0,0
ORD-11986,2023-12-11,Sophie Miller,Whiteboard Markers Set 8,-0.5760348509067311,-0.6811537849293536,-1.180873133858159,-0.5324077962190669,-0.6572570119092633,-0.4919045786484391,0.37500384037759305,-0.6557554154769342,0.08326903977179191,0,2,3,1,1,2023,12,4,0,0,1,0,0,1,0,0,0,0,0,0,0,0,0,0,0,0,0,0,0,0,0,0,0,1,0,1,0,0,0,1,1,0,0,0,0,0
ORD-11964,2023-12-13,Linda Martin,Floating Wall Shelves Set,-0.2061890397306598,-0.33105181082000995,0.19663999983464828,-0.30108036473450867,-0.20722788181277205,-0.35536168311582705,0.1440887126502114,-0.33821595898681284,-0.4187891428326629,1,2,2,2,2,2023,12,4,0,0,0,0,0,1,0,0,0,0,0,0,0,0,0,0,0,0,0,0,0,0,0,0,0,1,1,0,0,0,0,0,0,0,0,0,0,1
ORD-11968,2023-12-13,Karen Smith,Filing Cabinet 3-Drawer,0.5335025826214829,0.4568037483518454,0.19663999983464828,0.6554460150455599,0.6602750796072733,0.49835859342513705,0.3581774667292412,0.43641500146609497,-0.6161795394121922,1,1,1,2,0,2023,12,4,0,0,0,1,0,0,0,0,0,0,0,0,0,0,0,0,0,0,0,0,0,0,1,0,0,0,1,0,0,0,1,0,0,0,0,0,0,1
ORD-10508,2023-12-14,William Chen,Webcam HD 1080p,0.16365677144541152,-0.5182100707545438,-0.4921165670117554,-0.31313302589119735,0.04172440292145701,-0.29792351087367397,0.40722455587443707,-0.4999475520104148,-0.3722472600271217,1,1,3,1,2,2023,12,4,0,0,0,1,0,0,0,0,0,0,0,0,1,0,0,0,0,0,0,0,0,0,0,0,0,0,0,0,1,0,0,1,0,0,0,1,0,0
ORD-11337,2023-12-14,Diego Anderson,Leather Wallet Minimalist,-0.9458806620828024,-0.5126609040179404,-0.4921165670117554,-0.5522515485356106,0.037894367771699716,-0.5658471370918184,-0.530756273033687,-0.4941615836058225,0.6668580383547478,0,2,3,1,1,2023,12,4,0,0,0,0,1,0,0,0,0,0,0,0,0,0,0,0,0,0,1,0,0,0,0,0,0,0,0,0,0,0,1,0,0,0,0,1,0,0
ORD-11463,2023-12-16,Ingrid Zhang,Mechanical Gaming Keyboard,1.6430400161496967,0.14983393387701008,0.8853965666810519,0.8814660924849816,0.16237051013881443,0.8093972020984674,0.46199977221907185,0.07589406539900288,-0.6475375455577695,1,0,2,0,0,2023,12,4,1,1,0,0,0,0,0,1,0,0,0,0,0,0,0,0,0,0,0,0,0,0,0,0,0,0,0,0,1,0,0,1,0,1,0,0,0,0
ORD-11449,2023-12-17,Giulia Johnson,Wireless Bluetooth Headphones,-0.2061890397306598,1.1766820150003088,-1.180873133858159,0.673511934479989,0.37110742580059125,0.9500843708181717,0.7881450146371256,1.3736041218575465,-0.6277324890447733,1,2,1,1,0,2023,12,4,1,1,0,0,0,0,0,0,0,0,0,0,0,0,0,0,0,0,0,0,0,1,0,0,0,0,0,0,1,0,0,0,0,0,1,0,0,0
ORD-10474,2023-12-18,Kenji Schmidt,Sticky Notes Multicolor 6-Pack,2.3827316385018396,-0.807145093335418,0.8853965666810519,-0.42610384770909704,-0.373834410827218,-0.3858984329154528,0.4734560266179497,-0.8126653681633759,-0.2699211347099745,0,0,0,0,2,2023,12,4,0,0,0,0,0,1,0,0,0,1,0,0,0,0,0,0,0,0,0,0,0,0,0,0,0,0,0,1,0,0,1,0,1,0,0,0,0,0
ORD-10495,2023-12-18,Mary Laurent,Sports Water Bottle 750ml,0.5335025826214829,-0.8226575367127412,1.5741531335274555,-0.5487220273725891,0.7273006947280268,-0.6106343701312695,-1.2192055608162529,-0.8326407352744681,0.9754868356822726,0,1,0,0,1,2023,12,4,0,0,0,0,0,1,0,0,0,1,0,0,0,0,0,0,0,0,0,0,0,0,0,0,0,0,0,0,0,1,0,0,1,0,0,0,0,0
ORD-11233,2023-12-18,Maria Miller,Whiteboard Markers Set 8,-0.2061890397306598,-0.7009542207849614,0.8853965666810519,-0.5151000702196572,-0.5289508343923913,-0.49641238457124104,0.16628520554803727,-0.7140283829803273,0.013621257701088348,0,2,0,0,1,2023,12,4,0,1,0,0,0,1,0,0,0,1,0,0,0,0,0,0,0,0,0,0,0,0,0,0,0,0,0,1,0,0,1,0,1,0,0,0,0,0
ORD-11248,2023-12-18,Amina Taylor,Folding Table Portable,0.16365677144541152,-0.16873868377435952,-0.4921165670117554,-0.037830375175510425,0.18343570346247987,-0.06809811535791964,0.38467005502664636,-0.13736019865596807,-0.5250762794524094,1,1,2,1,0,2023,12,4,0,0,1,1,0,0,0,0,0,0,0,0,0,1,0,0,0,0,0,0,0,0,0,0,0,0,1,0,0,0,0,1,1,0,0,0,0,0
ORD-11998,2023-12-18,Zara Smith,Paper Clips Box 500pc,0.16365677144541152,-0.8786536737821031,1.5741531335274555,-0.6028152072710464,0.1566254574141785,-0.6400805217237657,-3.345772783607954,-0.8815459444085215,3.1414998496536284,0,1,0,0,1,2023,12,4,0,1,0,0,0,1,0,0,0,0,0,0,0,0,0,0,0,0,0,0,0,0,0,0,0,1,0,1,0,0,1,0,1,0,0,0,0,0
ORD-10126,2023-12-20,Diego Thomas,Leather Wallet Minimalist,0.9033483937975542,-0.10681502769089854,1.5741531335274555,0.1805293341100942,2.4776267581671467,0.08342232888593742,0.3288208148321167,-0.2070673418160555,-0.45179757035432333,1,1,2,0,0,2023,12,4,0,0,0,0,1,0,0,0,0,0,0,0,0,0,0,0,0,0,1,0,0,0,0,0,0,0,0,0,0,0,0,1,0,0,0,0,0,1
ORD-11345,2023-12-20,Isabella Johnson,Floating Wall Shelves Set,0.16365677144541152,0.2693932535656477,0.19663999983464828,0.25778663067845653,0.3442971797522895,0.1416602731466522,0.322376671732748,0.2520905794340853,-0.5835011961657484,1,1,1,2,0,2023,12,4,0,0,0,0,1,0,0,0,0,0,0,0,0,0,0,0,0,0,0,1,0,0,0,0,0,0,1,0,0,0,1,0,0,0,0,0,0,1
ORD-11967,2023-12-20,Elizabeth Harris,Webcam HD 1080p,-0.9458806620828024,-0.470663801215919,-0.4921165670117554,-0.5439898545540194,-0.6132116076870539,-0.543380814024951,-0.2246594758136694,-0.4506290594188904,0.21002140145496787,0,2,3,1,1,2023,12,4,0,0,1,0,0,0,0,1,0,0,0,0,0,0,0,0,0,0,0,0,0,0,0,0,0,0,0,0,1,0,1,0,0,0,0,0,0,1
ORD-10197,2023-12-21,Sarah Rossi,Highlighters Neon Pack 6,-0.9458806620828024,-0.8379177452384006,0.8853965666810519,-0.6181097989774735,-1.180056809851145,-0.6064900969441774,-3.148152395227311,-0.8411819267288663,3.070861814757275,0,2,0,0,1,2023,12,4,0,0,0,0,0,1,0,0,0,0,0,0,0,0,0,0,0,1,0,0,0,0,0,0,0,0,0,1,0,1,0,0,0,0,0,1,0,0
ORD-11579,2023-12-21,Felix Davis,Portable External SSD 1TB,-0.9458806620828024,0.31593058369761734,-1.180873133858159,-0.37621994860505803,-1.2030370207496892,-0.3038127411921732,0.6535340254503109,0.43338425611130854,-0.5036208015633301,0,2,1,1,2,2023,12,4,0,0,1,0,0,1,0,0,0,0,0,0,0,0,0,0,0,1,0,0,0,0,0,0,0,0,0,0,1,0,0,1,0,0,0,1,0,0
ORD-10237,2023-12-22,Hans Rossi,Tablet Stand Holder,0.5335025826214829,-0.5752151472305609,-0.4921165670117554,-0.28918457118506546,0.8651819601192928,-0.30112259894792043,0.3173645604332389,-0.55918484758124,-0.2890660226725375,1,1,3,1,2,2023,12,4,0,0,1,0,0,0,0,0,0,0,0,0,0,0,1,0,0,0,0,0,0,0,0,0,0,0,0,0,1,0,0,0,0,0,0,0,0,0
ORD-10587,2023-12-22,James Ferrari,Corner L-Shaped Desk,-0.2061890397306598,3.761837009702517,0.8853965666810519,1.8440580197452061,0.47643339241891913,1.3369559081605724,0.2783416938870612,3.4295515616226537,-0.6722938661990149,1,2,1,0,0,2023,12,4,0,0,0,0,0,0,1,0,0,0,0,1,0,0,0,0,0,0,0,0,0,0,0,0,0,0,1,0,0,0,1,0,0,0,0,0,0,0
ORD-10724,2023-12-22,Joseph Martinez,Ergonomic Office Chair,-0.5760348509067311,2.7167019018335927,1.5741531335274555,0.5743977513021004,-0.20722788181277205,0.176195883039086,0.08680744065582222,2.2602348992850616,-0.6412659443286541,1,2,1,0,0,2023,12,4,0,0,0,0,0,0,0,0,0,0,0,0,0,0,0,0,0,0,0,0,0,1,0,0,0,0,1,0,0,0,0,0,0,0,0,0,0,0
ORD-10127,2023-12-23,David Leroy,Tape Dispenser Heavy Duty,3.1224232608539815,-0.7758679717291077,0.8853965666810519,-0.31849266913874874,1.8724812045054817,-0.33027792435184883,0.2940940436855183,-0.7835977649879244,-0.10421882855123932,1,0,0,0,2,2023,12,4,1,1,0,0,1,0,0,0,0,0,0,0,0,0,0,0,0,0,0,1,0,0,0,0,0,0,0,1,0,0,0,1,0,1,0,0,0,0
ORD-10230,2023-12-23,Ava Yamamoto,Smart LED Desk Lamp,-0.2061890397306598,-0.07061932647714428,0.19663999983464828,-0.15532421300231927,-0.35085419992867356,-0.1409500755941695,0.45913570861935243,-0.08211797650736129,-0.5260665322780592,1,2,2,2,2,2023,12,4,1,1,0,0,0,0,0,0,0,0,0,0,0,0,1,0,0,0,0,0,0,0,0,0,0,0,0,0,1,0,1,0,0,1,0,0,0,0
ORD-10318,2023-12-23,Priya Costa,Mesh Back Task Chair,0.16365677144541152,1.177690954406964,1.5741531335274555,0.7613055053350011,0.4266429354720733,0.28212932222493037,0.07678321805680405,0.9154105286748379,-0.6320235846225891,1,1,1,0,0,2023,12,4,1,1,0,0,0,0,0,0,0,0,0,0,0,0,0,0,0,0,0,0,0,1,0,0,0,0,1,0,0,0,1,0,0,1,0,0,0,0
ORD-10827,2023-12-24,Priya Martin,Tablet Stand Holder,-0.9458806620828024,-0.40470438750583726,0.19663999983464828,-0.5363817756026171,-1.3466633388655906,-0.5152433802810102,0.1100779574035428,-0.41054056404421574,-0.20390427966665367,0,2,3,2,1,2023,12,4,1,0,1,0,0,1,0,0,0,0,0,0,0,0,0,0,0,1,0,0,0,0,0,0,0,0,0,0,1,0,0,1,0,0,1,0,0,0
ORD-11663,2023-12-24,Olivia Patel,Portable External SSD 1TB,0.5335025826214829,0.09799967186010076,0.19663999983464828,0.32071668578507173,0.9475277158390762,0.3245172392086965,0.5006646308152846,0.08360868993845902,-0.5643563082031853,1,1,2,2,0,2023,12,4,1,0,1,1,0,0,0,0,0,0,0,0,1,0,0,0,0,0,0,0,0,0,0,0,0,0,0,0,1,0,1,0,0,0,1,0,0,0
ORD-10149,2023-12-25,Barbara Sharma,Bookshelf 5-Tier,-0.9458806620828024,1.4808772461068422,1.5741531335274555,-0.23446392085762643,-0.7319426973295322,-0.36619495863998,-0.03455725438229004,1.1803252249136678,-0.5293673750302254,1,2,1,0,2,2023,12,4,0,1,0,1,0,0,0,0,0,0,0,0,0,0,0,0,0,0,0,0,0,0,0,0,1,0,1,0,0,0,1,0,1,0,0,0,0,0
ORD-11020,2023-12-25,Liam Romano,Laptop Stand Adjustable,-0.9458806620828024,-0.05296288686067893,0.8853965666810519,-0.4798048585894409,-0.9713198941893681,-0.483688738821397,0.06998106700747028,-0.11242543005522541,-0.2857651799203715,0,2,2,0,1,2023,12,4,0,0,1,1,0,0,0,0,0,0,0,0,1,0,0,0,0,0,0,0,0,0,0,0,0,0,0,0,1,0,1,0,1,0,0,0,0,0
ORD-10218,2023-12-26,Olga Davis,USB-C Hub Multiport Adapter,-0.9458806620828024,-0.2744250866214885,1.5741531335274555,-0.5255579107026842,-0.4504351138223652,-0.5604668526033131,-0.5124978675854754,-0.35350744691323516,0.11825797294475189,0,2,2,0,1,2023,12,4,0,0,0,0,0,0,0,0,0,0,0,0,0,0,1,0,0,0,0,0,0,0,0,0,0,0,0,0,1,0,0,0,0,0,0,0,1,0
ORD-10409,2023-12-26,Noah Ali,Webcam HD 1080p,-0.2061890397306598,0.15147346041282486,-0.4921165670117554,0.00245845528535125,-0.41979483262430617,0.08916614611015278,0.6331275723023098,0.19491970115061436,-0.5805304376887989,1,2,2,1,0,2023,12,4,0,0,0,0,0,0,0,0,0,0,0,0,0,0,0,0,1,0,0,0,0,0,0,0,0,0,0,0,1,0,1,0,0,0,0,0,1,0
ORD-10439,2023-12-26,Ayumi Tanaka,Binder Clips Assorted 48pc,0.16365677144541152,-0.7770030285615948,-0.4921165670117554,-0.5169824815066021,0.2408862307088406,-0.5100812154339306,0.029526168661432903,-0.7684440382139924,0.3235703921294796,0,1,0,1,1,2023,12,4,0,1,0,0,0,0,1,0,0,0,0,1,0,0,0,0,0,0,0,0,0,0,0,0,0,0,0,1,0,0,0,0,0,0,0,0,1,0
ORD-10591,2023-12-26,Isabella Anderson,USB-C Hub Multiport Adapter,-0.9458806620828024,-0.2492016014551093,2.2629097003738594,-0.5283815276331014,-0.3240439538803718,-0.5811155119916313,-0.7602393689612089,-0.3683856513821866,0.1951676090702206,0,2,2,3,1,2023,12,4,0,1,0,0,0,0,0,0,0,0,0,0,0,0,0,0,0,0,0,0,0,1,0,0,0,0,0,0,1,1,0,0,0,0,0,0,1,0
ORD-10825,2023-12-26,Raj Singh,Paper Clips Box 500pc,-0.5760348509067311,-0.8121897903686937,-1.180873133858159,-0.5867362775283924,-0.5481010101411785,-0.5791524352187982,-0.7605973769111739,-0.7988892529143468,1.1299662764836431,0,2,0,1,1,2023,12,4,0,0,0,0,0,0,0,0,0,0,0,0,0,0,0,0,0,0,0,0,0,1,0,0,0,0,0,1,0,0,1,0,0,0,0,0,1,0
ORD-11187,2023-12-26,Ali Weber,Canvas Messenger Bag,0.5335025826214829,-0.198502396270687,-0.4921165670117554,0.08175503074790384,0.6296347984092142,0.24679394031393492,0.7673805535391596,-0.16821869681379334,-0.5303576278558751,1,1,2,1,0,2023,12,4,0,1,0,0,0,0,0,0,0,0,1,0,0,0,0,0,0,0,0,0,0,0,0,0,0,0,0,0,0,0,0,1,0,0,0,0,1,0
ORD-11830,2023-12-26,John Miller,Tablet Stand Holder,-0.2061890397306598,-0.5984207535836299,0.8853965666810519,-0.46090231191636954,-1.1321813704791777,-0.45904121934027053,0.16771723734789695,-0.618835426609536,-0.376208271329721,0,2,3,0,2,2023,12,4,0,0,1,0,0,1,0,0,0,1,0,0,0,0,0,0,0,0,0,0,0,0,0,0,0,0,0,0,1,0,1,0,0,0,0,0,1,0
ORD-11418,2023-12-27,Ahmed Jackson,Floating Wall Shelves Set,-0.5760348509067311,0.1576532142785877,0.8853965666810519,-0.25195465906548914,0.13364524651563406,-0.36445000150857276,0.0026755724140629412,0.08319540648098814,-0.4181289742822297,1,2,2,0,2,2023,12,4,0,0,0,0,0,0,1,0,0,0,0,0,0,0,0,0,0,0,0,0,0,0,0,0,0,0,1,0,0,0,0,1,0,0,0,0,0,1
ORD-11457,2023-12-27,Hanna Dubois,Bookshelf 5-Tier,-0.5760348509067311,0.8366694349575166,0.8853965666810519,-0.01265312421262283,0.17960566831272257,-0.17039622718666567,0.12762034695182445,0.713590440276561,-0.5333283863328245,1,2,1,0,2,2023,12,4,0,1,0,0,0,0,0,1,0,0,0,0,0,0,0,0,0,0,0,0,0,0,0,0,0,0,1,0,0,0,1,0,0,0,0,0,0,1
ORD-11996,2023-12-27,Priya Li,Highlighters Neon Pack 6,0.5335025826214829,-0.8134509646270127,-1.180873133858159,-0.5180021209536971,1.1696697545250039,-0.539236540837859,-0.28910090680735734,-0.8002668644392498,0.6955753702985925,0,1,0,1,1,2023,12,4,0,0,0,0,0,0,1,0,0,0,0,1,0,0,0,0,0,0,0,0,0,0,0,0,0,0,0,1,0,0,0,0,0,0,0,0,0,1
ORD-11147,2023-12-28,Priya Johansson,Filing Cabinet 3-Drawer,-0.9458806620828024,1.2532352924802697,-1.180873133858159,-0.18191327243041555,-0.30106374298182775,-0.15767258143682164,0.4806161856172482,1.4572251414191533,-0.5092322342420125,1,2,1,1,2,2023,12,4,0,0,0,0,0,0,0,0,0,0,0,0,0,0,1,0,0,0,0,0,0,0,0,0,0,0,1,0,0,0,0,0,0,0,0,1,0,0
ORD-11437,2023-12-31,Sarah Johnson,Bookshelf 5-Tier,-0.9458806620828024,1.1189202339693005,-0.4921165670117554,-0.23093439969460483,-0.6744921700831715,-0.23336009701160818,0.3843120470766814,1.1989229804998571,-0.5247461951771929,1,2,1,1,2,2023,12,4,1,0,0,1,0,0,0,0,0,0,0,0,0,1,0,0,0,0,0,0,0,0,0,0,0,0,1,0,0,0,0,1,0,0,1,0,0,0
ORD-10010,2024-01-01,James Li,Portable External SSD 1TB,-0.2061890397306598,0.7872314040314133,-1.180873133858159,0.4313083488930828,-0.7970532948754075,0.6913217695399149,0.8175016665342502,0.9481976829675272,-0.6547993996125349,1,2,1,1,0,2024,1,1,0,0,1,0,0,1,0,0,0,0,0,0,0,0,0,0,0,1,0,0,0,0,0,0,0,0,0,0,1,0,1,0,1,0,0,0,0,0
ORD-11510,2024-01-01,Olga Pereira,Cotton Formal Shirt,-0.5760348509067311,-0.28855023831466087,-1.180873133858159,-0.36963150910075093,-0.45235013139724417,-0.2873810615380889,0.6993590430458222,-0.2269049477746574,-0.38082945118275346,0,2,2,1,2,2024,1,1,0,0,0,1,0,0,0,0,0,0,0,0,0,0,0,1,0,0,0,0,0,0,0,0,0,0,0,0,0,0,0,1,1,0,0,0,0,0
ORD-10052,2024-01-03,Ali Miller,Desk Calendar 2025,2.7525774496779105,-0.8007131046179912,0.19663999983464828,-0.3787298303209845,2.4776267581671467,-0.41127301786799886,0.1240402674521752,-0.7998535809817788,0.14961597909032925,0,0,0,2,2,2024,1,1,0,0,1,0,0,1,0,0,0,1,0,0,0,0,0,0,0,0,0,0,0,0,0,0,0,0,0,1,0,0,1,0,0,0,0,0,0,1
ORD-10430,2024-01-04,Chen Johansson,Corner L-Shaped Desk,-0.9458806620828024,2.189783296707931,0.19663999983464828,-0.05234062884571048,-0.4580951841218801,-0.11535737100019745,0.3073403378342208,2.139969413161037,-0.569637656606651,1,2,1,2,0,2024,1,1,0,1,0,0,0,0,1,0,0,0,0,1,0,0,0,0,0,0,0,0,0,0,0,0,0,0,1,0,0,0,0,1,0,0,0,1,0,0
ORD-11467,2024-01-04,Jamal Patel,Stapler Full-Size,-0.5760348509067311,-0.7082690314832113,-0.4921165670117554,-0.5481468461460226,-0.5289508343923913,-0.5264401885408729,0.05494473310894317,-0.6972215223765118,0.3004644928643173,0,2,0,1,1,2024,1,1,0,0,0,1,0,0,0,0,0,0,0,0,0,0,0,0,0,0,0,0,0,0,0,0,1,0,0,1,0,0,0,0,0,0,0,1,0,0
ORD-11720,2024-01-04,Diego Nilsson,Stapler Full-Size,-0.9458806620828024,-0.7748590323224525,-1.180873133858159,-0.6023446044493103,-1.0287704214357287,-0.5847508393487296,-1.014783021386276,-0.7581119517772206,1.3646561961626487,0,2,0,1,1,2024,1,1,0,0,0,1,0,0,0,0,0,0,0,0,0,0,0,1,0,0,0,0,0,0,0,0,0,0,0,1,0,0,0,0,0,0,0,1,0,0
ORD-10673,2024-01-06,Jessica Kim,Premium Notebook Set A5,0.5335025826214829,-0.7049899784115821,-1.180873133858159,-0.40558033576115643,0.170030580438329,-0.32933273923900325,0.6857547409471548,-0.6817922732975992,-0.20357419539143706,0,1,0,1,2,2024,1,1,1,1,0,0,0,0,1,0,1,0,0,0,0,0,0,0,0,0,0,0,0,0,0,0,0,0,0,1,0,0,1,0,0,1,0,0,0,0
ORD-10709,2024-01-07,Olga Ahmed,Leather Belt Classic,-0.2061890397306598,-0.6404178563856513,0.19663999983464828,-0.47423605853222894,-0.09807188004468687,-0.47089238652441096,0.1458787524000361,-0.6422548225328857,-0.054046018718315395,0,2,3,2,2,2024,1,1,1,0,0,1,0,0,0,0,0,0,0,0,0,0,0,1,0,0,0,0,0,0,0,0,0,0,0,0,0,0,1,0,0,0,1,0,0,0
ORD-10323,2024-01-08,Hans Costa,Bookshelf 5-Tier,-0.5760348509067311,1.110596483864395,-0.4921165670117554,0.168267516143745,-0.8698239627207979,0.1830302984704308,0.5046027182648988,1.1902440278929687,-0.6356545116499718,1,2,1,1,0,2024,1,1,0,0,0,0,0,1,0,0,0,0,0,0,0,0,0,0,0,1,0,0,0,0,0,0,0,0,1,0,0,0,1,0,1,0,0,0,0,0
ORD-10650,2024-01-08,Carlos Ahmed,Tablet Stand Holder,-0.9458806620828024,-0.324872056954247,-1.180873133858159,-0.5090606673407091,-1.3466633388655906,-0.4645669169230599,0.4530495734699485,-0.26658015969186133,-0.3184435231668153,0,2,2,1,2,2024,1,1,0,0,0,0,0,1,0,0,0,1,0,0,0,0,0,0,0,0,0,0,0,0,0,0,0,0,0,0,1,0,0,0,1,0,0,0,0,0
ORD-10718,2024-01-08,Ivan Li,Corner L-Shaped Desk,0.16365677144541152,2.3524747760310767,-0.4921165670117554,1.9482704001585707,0.08576980714366689,1.9705207599556633,0.5540078153600596,2.478999609439644,-0.6812061416298631,1,1,1,1,0,2024,1,1,0,0,0,0,0,1,0,0,0,0,0,0,0,0,0,0,0,0,0,0,0,0,0,0,0,1,1,0,0,0,1,0,1,0,0,0,0,0
ORD-10962,2024-01-09,Ayumi Suzuki,Sports Water Bottle 750ml,0.9033483937975542,-0.7698143352891766,-0.4921165670117554,-0.4502876038260971,0.05704454352048652,-0.432285209992027,0.3044762742345013,-0.7610049359795167,-0.10388874427602265,0,1,0,1,2,2024,1,1,0,1,0,0,0,0,1,0,0,0,0,1,0,0,0,0,0,0,0,0,0,0,0,0,0,0,0,0,0,0,0,0,0,0,0,0,1,0
ORD-11993,2024-01-09,Hanna Taylor,Ergonomic Office Chair,-0.2061890397306598,1.5033261479049198,-1.180873133858159,0.8766554858627894,-0.538525922266785,1.0288982679200627,0.652818009550381,1.730405506807401,-0.6680027706211991,1,2,1,1,0,2024,1,1,0,0,1,0,0,1,0,0,0,0,0,0,0,0,0,0,0,1,0,0,0,0,0,0,0,0,1,0,0,0,1,0,0,0,0,0,1,0
ORD-10925,2024-01-10,Linda Müller,Sticky Notes Multicolor 6-Pack,0.16365677144541152,-0.8427102074200126,-0.4921165670117554,-0.5687487918975859,0.37110742580059125,-0.5907854827615128,-0.9800562502396777,-0.836773569849177,1.2540779639650865,0,1,0,1,1,2024,1,1,0,1,0,0,0,1,0,0,0,1,0,0,0,0,0,0,0,0,0,0,0,0,0,0,0,0,0,1,0,0,1,0,0,0,0,0,0,1
ORD-11362,2024-01-10,Priya Smith,Wireless Ergonomic Mouse,-0.9458806620828024,-0.5209846541228454,-0.4921165670117554,-0.5538986584116875,-0.8851441033198273,-0.5446168253263645,-0.1834885615677021,-0.5028405362127109,0.17272187835549152,0,2,3,1,1,2024,1,1,0,0,0,1,0,0,0,0,0,0,0,0,0,0,0,0,0,0,0,0,0,0,1,0,0,0,0,0,1,1,0,0,0,0,0,0,0,1
ORD-11372,2024-01-10,William Ahmed,Wireless Bluetooth Headphones,-0.5760348509067311,1.0409796648051886,0.8853965666810519,0.05934910751301842,-1.2394223546723844,0.055648427877706484,0.460209732469247,0.9032875472556923,-0.64555703990647,1,2,1,0,0,2024,1,1,0,0,1,0,0,1,0,0,0,0,0,0,0,0,0,0,0,1,0,0,0,0,0,0,0,0,0,0,1,0,0,1,0,0,0,0,0,1
ORD-11551,2024-01-11,Nadia Martin,Wireless Ergonomic Mouse,0.5335025826214829,-0.14162343722050186,-1.180873133858159,0.17835933220986613,-0.24169819816058838,0.353672564612625,0.7602203945398609,-0.06641320512346809,-0.6019859155778782,1,1,2,1,0,2024,1,1,0,0,1,0,0,0,0,0,0,0,1,0,0,0,0,0,0,0,0,0,0,0,0,0,0,0,0,0,1,0,0,0,0,0,0,1,0,0
ORD-10476,2024-01-13,Jennifer Khan,Whiteboard Markers Set 8,-0.9458806620828024,-0.6517684247105219,0.19663999983464828,-0.5825008521327665,-0.661087047059021,-0.575444401314558,-0.6632192145207122,-0.6535512370370894,0.8754713002916416,0,2,3,2,1,2024,1,1,1,1,0,1,0,0,0,0,0,0,0,0,1,0,0,0,0,0,0,0,0,0,0,0,0,0,0,1,0,0,0,1,0,1,0,0,0,0
ORD-11431,2024-01-13,Karen Wang,Polarized Sunglasses,-0.9458806620828024,-0.6531557163946727,0.8853965666810519,-0.5855597704740518,-0.07892170429590006,-0.6135426320169481,-1.6842578878207006,-0.6696692918784536,1.5257373224683513,0,2,3,0,1,2024,1,1,1,0,1,0,0,0,1,0,0,0,0,1,0,0,0,0,0,0,0,0,0,0,0,0,0,0,0,0,0,0,1,0,0,1,0,0,0,0
ORD-11861,2024-01-13,Maria Khan,Portable External SSD 1TB,-0.5760348509067311,0.02951790963338124,-1.180873133858159,-0.23775814060977993,-0.14786233699153267,-0.1706143468280916,0.6073509999048344,0.12052867880585717,-0.4610399300603883,1,2,2,1,2,2024,1,1,1,0,1,0,1,0,0,0,0,0,0,0,0,0,0,0,0,0,0,0,1,0,0,0,0,0,0,0,1,0,1,0,0,1,0,0,0,0
ORD-11992,2024-01-13,Olivia Miller,Cotton Formal Shirt,0.9033483937975542,-0.2756862608798075,1.5741531335274555,0.012497982149057221,0.972422944312499,-0.03465310367261524,0.3653376257285399,-0.35460953613315743,-0.48546616642641693,1,1,2,0,0,2024,1,1,1,0,0,0,0,1,0,0,0,0,0,0,0,0,0,0,0,1,0,0,0,0,0,0,0,0,0,0,0,0,0,0,0,1,0,0,0,0
ORD-10152,2024-01-14,Ivan Dubois,Filing Cabinet 3-Drawer,-0.5760348509067311,0.09875637641509218,-0.4921165670117554,-0.23028078466441565,-0.7338577149044109,-0.23045183512592954,0.391830214025945,0.14022852361196872,-0.5316779649567416,1,2,2,1,2,2024,1,1,1,0,0,1,0,0,0,0,0,0,0,0,0,0,0,0,0,0,0,0,0,0,0,0,1,0,1,0,0,0,1,0,0,0,1,0,0,0
ORD-10672,2024-01-14,Thomas Miller,Binder Clips Assorted 48pc,-0.2061890397306598,-0.7845700741115086,0.8853965666810519,-0.5592844462604465,0.10108994774269639,-0.5781345435588107,-0.7265866216645053,-0.7917256729848516,0.8375116086417321,0,2,0,0,1,2024,1,1,1,0,0,0,0,0,0,0,0,0,0,0,0,0,0,0,0,0,0,0,0,1,0,0,0,0,0,1,0,0,0,1,0,0,1,0,0,0
ORD-10880,2024-01-16,Barbara Davis,Premium Notebook Set A5,0.5335025826214829,-0.6595877051120994,-1.180873133858159,-0.3585200535875347,-0.3163838835808573,-0.23888579459439763,0.8694128192791652,-0.6321982584010943,-0.3725773443023384,0,1,3,1,2,2024,1,1,0,0,1,0,0,1,0,0,0,0,0,0,0,0,0,0,0,0,0,0,0,0,0,0,0,1,0,1,0,0,1,0,0,0,0,0,1,0
ORD-11107,2024-01-16,Ayumi Martinez,Floating Wall Shelves Set,1.2731942049736253,-0.487563536277393,0.19663999983464828,-0.06238015570941645,1.8418409233074227,-0.21191166560472824,0.10757190175378825,-0.4920951663184681,-0.3854506310357859,1,1,3,2,2,2024,1,1,0,0,0,0,1,0,0,0,0,0,0,0,0,0,0,0,0,0,0,0,1,0,0,0,0,0,1,0,0,0,0,0,0,0,0,0,1,0
ORD-11424,2024-01-17,Felix Taylor,Highlighters Neon Pack 6,-0.5760348509067311,-0.775489619451612,0.19663999983464828,-0.5777163901117816,-0.5806563089141161,-0.5718817805046017,-0.5855314893783217,-0.7750565735335264,0.8031828440192054,0,2,0,2,1,2024,1,1,0,0,1,0,0,1,0,0,0,0,0,0,0,0,0,0,0,1,0,0,0,0,0,0,0,0,0,1,0,0,1,0,0,0,0,0,0,1
ORD-11592,2024-01-17,Mia Clark,Smart LED Desk Lamp,0.16365677144541152,-0.5773591434697032,1.5741531335274555,-0.4029397310391921,0.2849316349310505,-0.4818710751428478,-0.18205652976784242,-0.6182843819995749,-0.18706998163060687,0,1,3,0,1,2024,1,1,0,0,0,0,0,0,0,0,0,0,0,0,0,0,0,0,1,0,0,0,0,0,0,0,0,0,0,0,1,0,0,0,0,0,0,0,0,1
ORD-10695,2024-01-18,William Kim,Paper Clips Box 500pc,-0.9458806620828024,-0.7991996955080085,0.8853965666810519,-0.6112860580622984,-0.5749112561894799,-0.6205224605425769,-3.2147418739207887,-0.8052262659289002,3.1322574899475635,0,2,0,0,1,2024,1,1,0,0,0,0,0,0,0,0,0,0,0,0,0,0,0,0,0,0,0,0,0,1,0,0,0,0,0,1,0,0,0,0,0,0,0,1,0,0
ORD-10116,2024-01-19,Ivan Smith,Webcam HD 1080p,-0.2061890397306598,-0.4952566992531387,0.19663999983464828,-0.3930047825803164,-0.09041180974517228,-0.40792851669946845,0.19170376999554753,-0.4996720297054342,-0.279493578691256,0,2,3,2,2,2024,1,1,0,1,0,0,0,1,0,0,0,1,0,0,0,0,0,0,0,0,0,0,0,0,0,0,0,0,0,0,1,0,0,1,0,0,0,0,0,0
ORD-10775,2024-01-19,Susan Zhang,Floating Wall Shelves Set,-0.5760348509067311,-0.1469203691054415,1.5741531335274555,-0.3754094659676234,-1.2566575128462925,-0.44428179027045145,-0.05174163598060683,-0.2421964357010797,-0.5138534140950449,0,2,2,0,2,2024,1,1,0,0,0,0,0,1,0,0,0,1,0,0,0,0,0,0,0,0,0,0,0,0,0,0,0,0,1,0,0,0,0,1,0,0,0,0,0,0
ORD-11033,2024-01-19,Yuki Chen,Sticky Notes Multicolor 6-Pack,0.16365677144541152,-0.8517906620799091,0.19663999983464828,-0.5789451863685372,0.556864130563824,-0.6167417200911947,-1.6423709576748036,-0.8501364016407351,1.7782517930090536,0,1,0,2,1,2024,1,1,0,0,0,0,0,0,0,0,0,0,1,0,0,0,0,0,0,0,0,0,0,0,0,0,0,0,0,1,0,0,0,1,0,0,0,0,0,0
ORD-10866,2024-01-20,Jamal Jones,Wireless Ergonomic Mouse,-0.9458806620828024,-0.4638534602209966,-0.4921165670117554,-0.5426564798924334,-1.3581534443148628,-0.513498423149603,0.19170376999554753,-0.4436032406418856,-0.1735365263467261,0,2,3,1,1,2024,1,1,1,0,1,0,0,1,0,0,0,0,0,0,0,0,0,0,0,1,0,0,0,0,0,0,0,0,0,0,1,0,1,0,0,1,0,0,0,0
ORD-11159,2024-01-20,James Kumar,Smart LED Desk Lamp,0.16365677144541152,-0.47646520280418625,-0.4921165670117554,-0.2802431175720773,-0.3221289363054932,-0.2455747969314585,0.4935044718159858,-0.4566905501284632,-0.4514674860791067,1,1,3,1,2,2024,1,1,1,1,0,0,0,1,0,0,0,0,0,0,0,0,0,0,0,1,0,0,0,0,0,0,0,0,0,0,1,0,1,0,0,1,0,0,0,0
ORD-10471,2024-01-21,Zara Müller,Standing Desk Converter,-0.9458806620828024,1.5681505047825142,2.2629097003738594,-0.24583682238291835,-0.6227866955614471,-0.4321397968977431,-0.23360967456279272,1.1203991235803912,-0.5108826556180954,1,2,1,3,2,2024,1,1,1,1,0,0,0,0,0,0,0,0,0,0,0,0,0,0,1,0,0,0,0,0,0,0,0,0,1,0,0,0,1,0,0,0,1,0,0,0
ORD-10549,2024-01-21,Thomas Rodriguez,USB-C Hub Multiport Adapter,-0.5760348509067311,-0.3038104468403203,0.19663999983464828,-0.4017109347824364,-0.7166225567305028,-0.3935326203653592,0.30590830603436103,-0.31135253425120596,-0.3844603782101361,0,2,2,2,2,2024,1,1,1,0,0,0,0,1,0,0,0,0,0,0,0,0,0,0,0,0,0,0,0,0,0,0,0,1,0,0,1,0,1,0,0,0,1,0,0,0
ORD-11273,2024-01-21,Richard Rodriguez,Canvas Messenger Bag,-0.2061890397306598,0.014257701107721706,1.5741531335274555,-0.166226511705875,-0.05402647582247733,-0.1821019812765222,0.3732138006277685,-0.1012667767035118,-0.4927280204811823,1,2,2,0,2,2024,1,1,1,1,0,1,0,0,0,0,0,0,0,0,0,0,0,0,0,0,0,0,0,0,0,0,1,0,0,0,0,0,0,1,0,0,1,0,0,0
ORD-10067,2024-01-22,Noah Leroy,Smart LED Desk Lamp,0.5335025826214829,-0.46221393368518193,-1.180873133858159,-0.15393854913831817,0.7751761340999941,-0.1007433550246623,0.5636740300091126,-0.41660205475378853,-0.42076964848396253,1,1,3,1,0,2024,1,1,0,1,0,1,0,0,0,0,0,0,0,0,1,0,0,0,0,0,0,0,0,0,0,0,0,0,0,0,1,0,0,0,1,0,0,0,0,0
ORD-10498,2024-01-22,Kenji White,Leather Wallet Minimalist,-0.5760348509067311,-0.1435151986079803,-1.180873133858159,-0.30949892632334547,-0.8047133651749225,-0.19039052765070633,0.8221557698837941,-0.06847962241082244,-0.4940483575820487,1,2,2,1,2,2024,1,1,0,1,0,0,0,1,0,0,0,1,0,0,0,0,0,0,0,0,0,0,0,0,0,0,0,0,0,0,0,0,0,1,1,0,0,0,0,0
ORD-10265,2024-01-24,Nadia Zhang,Tape Dispenser Heavy Duty,-0.2061890397306598,-0.6870813039434528,1.5741531335274555,-0.5151523594220723,-0.048281423097841045,-0.5256404165223113,-0.15162585402082313,-0.7141661441328176,0.19714811472152027,0,2,3,0,1,2024,1,1,0,0,0,0,0,0,0,0,0,0,0,0,0,0,0,0,0,0,0,0,0,1,0,0,0,0,0,1,0,0,1,0,0,0,0,0,0,1
ORD-10662,2024-01-24,Liam Tanaka,Wool Blend Scarf,0.5335025826214829,-0.2978829278262212,2.2629097003738594,-0.14606902417484036,-0.7932232597256503,-0.18951804908500275,0.30841436168411557,-0.408336385604371,-0.5706279094323008,1,1,2,3,2,2024,1,1,0,1,0,0,0,1,0,0,0,0,0,0,0,0,0,0,0,0,0,0,0,0,0,0,0,1,0,0,0,0,0,1,0,0,0,0,0,1
ORD-11015,2024-01-27,Clara Rodriguez,Travel Backpack 30L,-0.2061890397306598,-0.1798370172475664,1.5741531335274555,-0.2627785239654221,-0.3163838835808573,-0.2727670455625537,0.34206710898081927,-0.2708507554190604,-0.46368060426212104,1,2,2,0,2,2024,1,1,1,1,0,0,0,1,0,0,0,0,0,0,0,0,0,0,0,0,0,0,0,0,0,0,0,1,0,0,0,0,1,0,0,1,0,0,0,0
ORD-11782,2024-01-27,Oscar Pereira,Premium Notebook Set A5,-0.5760348509067311,-0.6522728944138495,0.8853965666810519,-0.5373752704485047,0.030234297472185135,-0.5467980217406234,-0.3044952486558494,-0.6688427249635117,0.44768207961092266,0,2,3,0,1,2024,1,1,1,1,0,0,0,0,0,0,0,0,1,0,0,0,0,0,0,0,0,0,0,0,0,0,0,0,0,1,0,0,0,0,0,1,0,0,0,0
ORD-10032,2024-01-28,Oscar Khan,Leather Belt Classic,-0.5760348509067311,-0.4251354104906045,-0.4921165670117554,-0.43661397739453917,-1.3217681103921677,-0.36190527235860404,0.6939889237963482,-0.40337698411472056,-0.4626903514364713,0,2,3,1,2,2024,1,1,1,0,0,0,0,1,0,0,0,0,0,0,0,0,0,0,0,0,0,0,0,0,0,0,0,1,0,0,0,0,1,0,0,0,1,0,0,0
ORD-10004,2024-01-29,Amir Garcia,Mechanical Gaming Keyboard,3.1224232608539815,0.9732546071334602,1.5741531335274555,3.14394144718426,4.767987777722055,2.430316964081456,0.30841436168411557,0.73673431389493,-0.6392854386773544,1,0,1,0,0,2024,1,1,0,1,0,0,1,0,0,0,0,0,0,0,0,0,0,0,0,0,0,0,1,0,0,0,0,0,0,0,1,0,1,0,1,0,0,0,0,0
ORD-10051,2024-01-30,Chen Thompson,Desk Calendar 2025,0.5335025826214829,-0.8153427260144911,-1.180873133858159,-0.5199629660442647,0.09534489501806045,-0.5014291363240366,0.14695277624993092,-0.8023332817266041,0.29353272308476863,0,1,0,1,1,2024,1,1,0,0,0,0,0,1,0,0,0,0,0,0,0,0,0,0,0,1,0,0,0,0,0,0,0,0,0,1,0,0,0,0,0,0,0,0,1,0
ORD-10878,2024-01-31,Clara Sato,Monitor Riser Wood,-0.5760348509067311,-0.5512528363225006,-0.4921165670117554,-0.4862887196889176,-0.404474692025277,-0.5052098767754188,-0.08360434352748589,-0.5342500789804973,-0.09299596319387467,0,2,3,1,1,2024,1,1,0,0,1,0,0,0,0,0,0,0,0,0,0,0,0,0,1,0,0,0,0,0,0,0,0,0,1,0,0,0,0,1,0,0,0,0,0,1
ORD-11208,2024-01-31,Thomas Suzuki,Mechanical Gaming Keyboard,-0.5760348509067311,0.29814802665532003,0.8853965666810519,-0.20243678437835613,-0.6955573634068373,-0.22194516911031956,0.34564718848046866,0.21351745673680378,-0.5402601561123732,1,2,1,0,2,2024,1,1,0,1,0,0,0,1,0,0,0,0,0,0,0,0,0,0,0,0,0,0,0,0,0,0,0,1,0,0,1,0,0,0,0,0,0,0,0,1
ORD-11547,2024-01-31,Mary Russo,Binder Clips Assorted 48pc,-0.9458806620828024,-0.7273127627838277,-1.180873133858159,-0.5924880897940573,-0.4083047271750343,-0.5932575053643396,-1.2102553620671295,-0.7061759972883808,1.5442220418804813,0,2,0,1,1,2024,1,1,0,0,1,0,0,0,1,0,0,0,0,0,0,0,0,0,0,0,0,0,0,0,0,0,0,0,0,1,0,0,1,0,0,0,0,0,0,1
ORD-10100,2024-02-02,Fatima Jones,Bookshelf 5-Tier,-0.9458806620828024,0.24908834800671242,-0.4921165670117554,-0.40223382680658776,-1.1877168801506597,-0.38938834717826715,0.33132687048187126,0.2963119093834689,-0.4755636381699188,0,2,1,1,2,2024,2,1,0,1,0,0,0,1,0,0,0,0,0,0,0,0,0,0,0,1,0,0,0,0,0,0,0,0,1,0,0,0,0,0,0,0,0,0,0,0
ORD-10110,2024-02-02,Ayumi White,Leather Wallet Minimalist,-0.5760348509067311,-0.4445574940687165,0.19663999983464828,-0.4542354386084398,-0.5346958871170276,-0.4295950677477743,0.3463632043803985,-0.44980249250394866,-0.2388932128396137,0,2,3,2,2,2024,2,1,0,1,0,1,0,0,0,0,0,0,0,0,0,0,0,1,0,0,0,0,0,0,0,0,0,0,0,0,0,1,0,0,0,0,0,0,0,0
ORD-10928,2024-02-03,Olga Pereira,Highlighters Neon Pack 6,-0.9458806620828024,-0.7492571948785776,-0.4921165670117554,-0.5988673724887038,-0.5481010101411785,-0.5999465077014005,-1.5507209224837806,-0.7397897184960118,1.7812225514860032,0,2,0,1,1,2024,2,1,1,0,1,0,0,0,0,1,0,0,0,0,0,0,0,0,0,0,0,0,0,0,0,0,0,0,0,1,0,0,0,1,0,1,0,0,0,0
ORD-11928,2024-02-03,Kenji Dubois,Mesh Back Task Chair,-0.5760348509067311,2.830964289637291,-1.180873133858159,0.9237419126376186,-0.23595314543595242,1.0697593474138476,0.6452998426011174,3.1806171590726975,-0.6610710008416503,1,2,1,1,0,2024,2,1,1,0,1,1,0,0,0,0,0,0,0,0,0,0,0,0,0,0,0,0,0,0,1,0,0,0,1,0,0,0,0,1,0,1,0,0,0,0
ORD-10440,2024-02-04,Marco Sharma,Desk Calendar 2025,-0.9458806620828024,-0.793776646197237,-1.180873133858159,-0.6062662946304453,-1.0077052281120633,-0.5915852547800745,-1.3817411701003324,-0.7787761246507643,1.701342156883585,0,2,0,1,1,2024,2,1,1,1,0,1,0,0,0,0,0,0,0,0,0,1,0,0,0,0,0,0,0,0,0,0,0,0,0,1,0,0,0,1,0,0,1,0,0,0
ORD-11047,2024-02-04,Yuki Ferrari,Filing Cabinet 3-Drawer,-0.5760348509067311,1.7793971930509402,1.5741531335274555,0.26351229834291384,-1.314108040092653,0.002136409181219549,0.11544807665301673,1.4412448477302795,-0.6676726863459823,1,2,1,0,0,2024,2,1,1,1,0,0,0,1,0,0,0,0,0,0,0,0,0,0,0,0,0,0,0,0,0,0,0,1,1,0,0,0,1,0,0,0,1,0,0,0
ORD-11456,2024-02-04,Ahmed Singh,Portable External SSD 1TB,0.16365677144541152,0.29335556447370803,-1.180873133858159,0.376692276970474,-0.7740730839768635,0.6221051366607632,0.8124895552347411,0.40872500981554655,-0.6501782197595024,1,1,1,1,0,2024,2,1,1,1,0,0,0,1,0,0,0,0,0,0,0,0,0,0,0,0,0,0,0,0,0,0,0,1,0,0,1,0,0,1,0,0,1,0,0,0
ORD-10297,2024-02-07,Hans Patel,Canvas Messenger Bag,3.1224232608539815,-0.2416345559051955,-1.180873133858159,1.0660731216116166,4.825438304968417,1.5085433594156121,0.8636846920797264,-0.17565779904826906,-0.5323381335071747,1,0,2,1,0,2024,2,1,0,1,0,0,0,0,0,0,0,0,0,0,0,0,0,0,0,0,0,0,0,1,0,0,0,0,0,0,0,0,0,0,0,0,0,0,0,1
ORD-11139,2024-02-07,Priya Laurent,Business Casual Blazer,0.16365677144541152,0.21074865055381609,-0.4921165670117554,0.26110699503181756,0.0781097368441523,0.5040297041022104,0.8400561673820408,0.25649893631377474,-0.5973647357248457,1,1,2,1,0,2024,2,1,0,0,0,1,0,0,0,0,0,0,0,0,0,0,0,0,0,0,0,0,0,0,1,0,0,0,0,0,0,0,0,0,0,0,0,0,0,1
ORD-11704,2024-02-07,Clara Miller,Webcam HD 1080p,-0.5760348509067311,-0.49941857430559133,0.8853965666810519,-0.4835173919609155,-0.35468423507843083,-0.5107355743582083,-0.14267565527169976,-0.5269487378985118,-0.08969512044170869,0,2,3,0,1,2024,2,1,0,0,0,1,0,0,0,0,0,0,0,0,0,0,0,1,0,0,0,0,0,0,0,0,0,0,0,0,1,0,1,0,0,0,0,0,0,1
ORD-10031,2024-02-08,Yuki Martin,Webcam HD 1080p,0.16365677144541152,-0.07490731895542879,-1.180873133858159,0.07132333486608435,0.6315498159840925,0.1865929192803871,0.6793105978477861,0.00646244454389599,-0.5273868693789256,1,1,2,1,0,2024,2,1,0,0,0,1,0,0,0,0,0,0,0,0,0,0,0,0,0,0,0,0,0,0,1,0,0,0,0,0,1,0,0,1,0,0,0,1,0,0
ORD-10923,2024-02-08,Hans Martinez,Ergonomic Office Chair,0.9033483937975542,4.674674937873781,0.8853965666810519,5.286622239150463,1.031788489133738,4.1316501672034605,0.3073403378342208,4.277058171742925,-0.6990306924915598,1,1,1,0,0,2024,2,1,0,0,0,0,0,0,0,0,0,0,0,0,0,0,0,0,1,0,0,0,0,0,0,0,0,0,1,0,0,0,1,0,0,0,0,1,0,0
ORD-10958,2024-02-10,John Zhang,Wireless Bluetooth Headphones,-0.9458806620828024,1.8024766819781775,-0.4921165670117554,-0.09631584807683918,-1.0306854390106075,-0.0033165818544278972,0.6596201605997146,1.9082551546723672,-0.6049566740548277,1,2,1,1,0,2024,2,1,1,0,1,1,0,0,0,0,0,0,0,0,0,0,0,0,0,0,0,0,0,0,0,0,1,0,0,0,1,0,0,1,0,1,0,0,0,0
ORD-11599,2024-02-10,Nadia Martin,Business Casual Blazer,-0.5760348509067311,0.20028090420976855,0.8853965666810519,-0.2369215133711378,0.13364524651563406,-0.22238140839317133,0.43658120777156156,0.12273285724570179,-0.42968192391481086,1,2,2,0,2,2024,2,1,1,0,0,0,0,0,0,0,0,0,0,0,0,0,0,0,0,0,0,0,0,1,0,0,0,0,0,0,0,0,1,0,0,1,0,0,0,0
ORD-11625,2024-02-11,Jennifer Ali,Corner L-Shaped Desk,1.6430400161496967,1.352489706609972,0.19663999983464828,2.7656290677107567,0.8958222413173511,2.445439925886985,0.4283470249223681,1.3168465270315464,-0.6812061416298631,1,0,1,2,0,2024,2,1,1,1,0,0,0,0,1,0,0,0,0,0,0,0,0,0,0,0,0,0,0,0,0,0,0,0,1,0,0,0,1,0,0,0,1,0,0,0
ORD-11705,2024-02-11,Jennifer Martinez,Wireless Ergonomic Mouse,-0.5760348509067311,-0.6471020799547418,-0.4921165670117554,-0.5240415238326452,0.053214508370729226,-0.5452711842506421,-0.3367159641526934,-0.6337136310784875,0.3139979481481981,0,2,3,1,1,2024,2,1,1,1,0,0,1,0,0,0,0,0,0,0,0,0,0,0,0,0,0,0,0,0,0,1,0,0,0,0,1,1,0,0,0,0,1,0,0,0
ORD-10346,2024-02-12,Marco Hassan,Tape Dispenser Heavy Duty,0.5335025826214829,-0.786461835498987,-0.4921165670117554,-0.49719101839247337,0.25429135373299144,-0.4815802489542799,0.19027173819568768,-0.7783628411932934,0.17569263683244096,0,1,0,1,1,2024,2,1,0,0,0,0,0,1,0,0,0,0,0,0,0,0,0,0,0,1,0,0,0,0,0,0,0,0,0,1,0,0,0,1,1,0,0,0,0,0
ORD-10338,2024-02-13,Maria Zhang,Portable External SSD 1TB,-0.9458806620828024,0.06659643282795868,-0.4921165670117554,-0.4381826534669932,-0.22254802241180158,-0.4343209933120021,0.22786257294200568,0.10689032470931842,-0.2068750381436031,0,2,2,1,2,2024,2,1,0,1,0,0,0,0,1,0,0,0,0,0,0,0,0,0,0,0,0,0,0,0,0,0,0,0,0,0,1,0,1,0,0,0,0,0,1,0
ORD-10935,2024-02-13,Patricia Khan,Highlighters Neon Pack 6,-0.9458806620828024,-0.7664091647917154,-1.180873133858159,-0.6005929161684033,-0.91003933179325,-0.5865685030272787,-1.0699162456808757,-0.748881954560371,1.416149343096439,0,2,0,1,1,2024,2,1,0,0,0,1,0,0,0,0,0,0,0,0,0,0,0,0,0,0,0,0,0,0,1,0,0,0,0,1,0,0,0,1,0,0,0,0,1,0
ORD-11263,2024-02-14,Susan Zhang,Business Casual Blazer,0.16365677144541152,0.44936282022776347,-1.180873133858159,0.5060557637455185,1.1505195787762168,0.8693801034905894,0.9181019004743961,0.5791355554460367,-0.5825109433400986,1,1,1,1,0,2024,2,1,0,0,0,0,1,0,0,0,0,0,0,0,0,0,0,0,0,0,0,1,0,0,0,0,0,0,0,0,0,1,0,0,0,0,0,0,0,1
ORD-11724,2024-02-14,Lucas Rodriguez,Desk Organizer Set,0.16365677144541152,-0.4130281376107424,-0.4921165670117554,-0.23028078466441565,0.18343570346247987,-0.2652782712069312,0.28048974158685086,-0.3908407192381041,-0.42902175536437764,1,1,3,1,2,2024,2,1,0,0,0,0,0,1,0,0,0,0,0,0,0,0,0,0,0,0,0,0,0,0,0,0,0,1,1,0,0,0,0,1,0,0,0,0,0,1
ORD-11580,2024-02-15,Chen Garcia,Smart LED Desk Lamp,-0.9458806620828024,-0.5662608099964963,-1.180873133858159,-0.5591014340519934,-0.304893778131585,-0.566792322204664,-0.5300402571337571,-0.5302550055582788,0.5873077280275463,0,2,3,1,1,2024,2,1,0,0,0,0,0,0,0,0,0,0,1,0,0,0,0,0,0,0,0,0,0,0,0,0,0,0,0,0,1,1,0,0,0,0,0,1,0,0
ORD-10292,2024-02-16,Omar Costa,Whiteboard Markers Set 8,-0.9458806620828024,-0.6632451104612245,0.8853965666810519,-0.5873376033561665,0.10491998289245369,-0.6149967629597876,-1.762303620913056,-0.6790370502477935,1.792445416843368,0,2,3,0,1,2024,2,1,0,1,0,0,1,0,0,0,0,0,0,0,0,0,0,0,0,0,0,1,0,0,0,0,0,0,0,1,0,0,1,0,0,0,0,0,0,0
ORD-11565,2024-02-17,Omar Williams,Leather Belt Classic,0.5335025826214829,-0.31516101516519096,2.2629097003738594,-0.15948120459432252,0.26578145918226337,-0.2420848826686441,0.19456783359526691,-0.42238802315838075,-0.46566110991342075,1,1,2,3,2,2024,2,1,1,0,0,0,0,0,0,0,0,0,0,0,0,0,0,0,0,0,0,0,0,1,0,0,0,0,0,0,0,0,1,0,0,1,0,0,0,0
ORD-10413,2024-02-18,Li Laurent,Ergonomic Office Chair,1.2731942049736253,4.4939486666566735,-1.180873133858159,7.229872013105341,0.06853464896975874,8.072999381222292,0.6997170509957873,4.997135715809678,-0.7112438106745741,1,1,1,1,0,2024,2,1,1,0,0,0,0,1,0,0,0,0,0,0,0,0,0,0,0,0,0,0,0,0,0,0,0,1,1,0,0,0,0,1,0,0,1,0,0,0
ORD-10503,2024-02-18,Elizabeth Singh,Floating Wall Shelves Set,-0.5760348509067311,-0.3154132500168548,1.5741531335274555,-0.43130662334940295,-0.1363722315422608,-0.5256404165223113,-0.3857630532978892,-0.3893253465607109,-0.20522461676752013,0,2,2,0,1,2024,2,1,1,1,0,0,0,0,0,1,0,0,0,0,0,0,0,0,0,0,0,0,0,0,0,0,0,0,1,0,0,1,0,0,0,0,1,0,0,0
ORD-10510,2024-02-18,Olivia Anderson,Cotton Formal Shirt,-0.2061890397306598,-0.142632376627157,-0.4921165670117554,-0.1712985643401431,-0.7874782070010143,-0.03269002689978218,0.8013913087858281,-0.1102212516153807,-0.5617156340014525,1,2,2,1,0,2024,2,1,1,1,0,1,0,0,0,0,0,0,0,0,0,0,0,1,0,0,0,0,0,0,0,0,0,0,0,0,0,1,0,0,0,0,1,0,0,0
ORD-10165,2024-02-21,Hanna Leroy,Wireless Ergonomic Mouse,-0.9458806620828024,-0.13834438414887257,0.8853965666810519,-0.49483800428379227,-0.9617448063149747,-0.49881170062692587,0.014847842712870653,-0.19163809273714288,-0.2349322015370145,0,2,2,0,1,2024,2,1,0,1,0,1,0,0,0,0,0,0,0,0,1,0,0,0,0,0,0,0,0,0,0,0,0,0,0,0,1,0,1,0,0,0,0,0,0,1
ORD-10529,2024-02-21,Chen Santos,Canvas Messenger Bag,-0.2061890397306598,-0.373427265899527,-1.180873133858159,-0.2905179458466514,-0.24169819816058838,-0.18537377589791068,0.7559242991402817,-0.31961820340062347,-0.43298276666697694,1,2,3,1,2,2024,2,1,0,1,0,0,0,1,0,0,0,0,0,0,0,0,0,0,0,1,0,0,0,0,0,0,0,0,0,0,0,0,0,1,0,0,0,0,0,1
ORD-10819,2024-02-21,Oscar Wang,Sports Water Bottle 750ml,0.5335025826214829,-0.7599771760742887,-1.180873133858159,-0.4625755663936538,0.06087457867024415,-0.4361386569905512,0.34886926003015306,-0.7418561357833662,-0.058007030020914674,0,1,0,1,2,2024,2,1,0,0,1,1,0,0,0,0,0,0,0,0,0,0,0,0,0,0,0,0,0,0,0,0,1,0,0,0,0,0,0,0,0,0,0,0,0,1
ORD-11638,2024-02-21,Maria Ferrari,Standing Desk Converter,-0.9458806620828024,2.1838557776938314,0.19663999983464828,-0.05343870209642829,-1.1475015110782072,-0.09012819914193522,0.3653376257285399,2.1341834447564447,-0.6231113091917408,1,2,1,2,0,2024,2,1,0,1,0,0,0,1,0,0,0,0,0,0,0,0,0,0,0,0,0,0,0,0,0,0,0,1,1,0,0,0,1,0,0,0,0,0,0,1
ORD-11671,2024-02-23,Jennifer Tanaka,Sports Water Bottle 750ml,1.2731942049736253,-0.6314635191515865,-0.4921165670117554,-0.22902584380645236,0.4477081287957388,-0.15563679811684658,0.626683429202941,-0.6174578150846332,-0.4006345076957497,1,1,3,1,2,2024,2,1,0,0,0,0,0,1,0,0,0,1,0,0,0,0,0,0,0,0,0,0,0,0,0,0,0,0,0,0,0,0,1,0,0,0,0,0,0,0
ORD-10156,2024-02-25,Karen Anderson,Floating Wall Shelves Set,-0.9458806620828024,-0.15322624039703633,-1.180873133858159,-0.4734778650972095,-0.8755690154454338,-0.46020452409454193,0.22786257294200568,-0.0790872311525749,-0.27619273593909,0,2,2,1,2,2024,2,1,1,0,0,1,0,0,0,0,0,0,0,0,0,0,0,0,0,0,0,0,0,0,0,0,1,0,1,0,0,0,0,1,0,0,1,0,0,0
ORD-10708,2024-02-27,Susan Li,Portable External SSD 1TB,0.16365677144541152,0.06331737975632933,1.5741531335274555,0.02206690619102696,-0.14211728426689674,-0.09630825564900239,0.22857858884193552,-0.05842305827903121,-0.5656766453040518,1,1,2,0,0,2024,2,1,0,1,0,1,0,0,0,0,0,0,0,0,1,0,0,0,0,0,0,0,0,0,0,0,0,0,0,0,1,0,0,1,0,0,0,0,1,0
ORD-11059,2024-02-27,Patricia Clark,Whiteboard Markers Set 8,-0.5760348509067311,-0.7566981230026595,0.8853965666810519,-0.5741868689487599,0.5319689020904009,-0.6140515778469419,-1.5095500082378133,-0.7658265763166769,1.5584156657147954,0,2,0,0,1,2024,2,1,0,0,0,0,1,0,0,0,0,0,0,0,0,0,0,0,0,0,0,0,1,0,0,0,0,0,0,1,0,0,0,1,0,0,0,0,1,0
ORD-11676,2024-02-27,Giulia Anderson,Sticky Notes Multicolor 6-Pack,-0.9458806620828024,-0.7394200356636896,0.8853965666810519,-0.6007759283768562,-1.0498356147593944,-0.5887496994415378,-1.1579862013722493,-0.7498462826278031,1.2352631602777397,0,2,0,0,1,2024,2,1,0,0,0,0,0,1,0,0,0,0,0,0,0,0,0,0,0,0,0,0,0,0,0,0,0,1,0,1,0,0,1,0,0,0,0,0,1,0
ORD-11280,2024-03-02,John Robinson,Highlighters Neon Pack 6,0.16365677144541152,-0.7922632370872542,-0.4921165670117554,-0.5290089980620831,0.05129949079585058,-0.5204782516752318,-0.01307677738439415,-0.7844243319028662,0.36252033660503885,0,1,0,1,1,2024,3,1,1,1,0,1,0,0,0,0,0,0,0,0,1,0,0,0,0,0,0,0,0,0,0,0,0,0,0,1,0,0,1,0,0,1,0,0,0,0
ORD-10947,2024-03-03,Kenji Davis,Mesh Back Task Chair,0.5335025826214829,0.7362799639953275,0.19663999983464828,0.9161599782874241,-0.41213476232479157,0.7807508225245329,0.41187865922398115,0.7111107395317359,-0.6660222649698995,1,1,1,2,0,2024,3,1,1,0,1,1,0,0,0,0,0,0,0,0,0,0,0,1,0,0,0,0,0,0,0,0,0,0,1,0,0,1,0,0,0,0,1,0,0,0
ORD-10869,2024-03-04,Priya Nilsson,Sticky Notes Multicolor 6-Pack,0.5335025826214829,-0.861753938720629,-1.180873133858159,-0.5680690322661891,0.04746945564609329,-0.573190498353157,-0.6306404910739033,-0.8530293858430312,1.0104757688552328,0,1,0,1,1,2024,3,1,0,1,0,0,0,0,0,1,0,0,0,0,0,0,0,0,0,0,0,0,0,0,0,0,0,0,0,1,0,1,0,0,1,0,0,0,0,0
ORD-10005,2024-03-05,Chen Patel,Ballpoint Pen Pack 12,-0.9458806620828024,-0.7618689374617672,0.19663999983464828,-0.603024364080707,-1.3543234091651055,-0.577625597728817,-0.7197844706151715,-0.7616937417419681,0.9289449528767315,0,2,0,2,1,2024,3,1,0,0,1,0,0,1,0,0,0,1,0,0,0,0,0,0,0,0,0,0,0,0,0,0,0,0,0,1,0,0,1,0,0,0,0,0,1,0
ORD-10951,2024-03-05,Sarah Chen,Whiteboard Markers Set 8,0.9033483937975542,-0.7245381794155259,-0.4921165670117554,-0.3967696051542061,-0.5366109046919063,-0.30461251321073485,0.7680965694390893,-0.7140283829803273,-0.35739346764237456,0,1,0,1,2,2024,3,1,0,0,0,0,0,1,0,0,0,0,0,0,0,0,0,0,0,1,0,0,0,0,0,0,0,0,0,1,0,0,0,1,0,0,0,0,1,0
ORD-11594,2024-03-05,Michael Garcia,Cotton Formal Shirt,0.5335025826214829,-0.5207324192711817,-0.4921165670117554,-0.2355358495071367,-0.8449287342473748,-0.11513925135877155,0.7795528238379672,-0.5025650139077303,-0.5415804932132395,1,1,3,1,0,2024,3,1,0,0,0,0,0,1,0,0,0,0,0,0,0,0,0,0,0,0,0,0,0,0,0,0,0,1,0,0,0,0,0,0,0,0,0,0,1,0
ORD-11835,2024-03-05,Noah Clark,Wireless Bluetooth Headphones,-0.2061890397306598,1.4405196698406357,0.8853965666810519,0.6169350174668128,0.48026342756867646,0.5376201288817987,0.4315690964720525,1.2742783309120465,-0.6194803821643583,1,2,1,0,0,2024,3,1,0,1,0,0,1,0,0,0,0,0,0,0,0,0,0,0,0,0,0,0,0,0,0,1,0,0,0,0,1,1,0,0,0,0,0,0,1,0
ORD-10706,2024-03-06,Priya Rodriguez,Webcam HD 1080p,2.7525774496779105,-0.0677186256830108,-0.4921165670117554,1.2233067532739281,4.293063419152142,1.339718756951967,0.6127211191543086,-0.03252396161085642,-0.5617156340014525,1,0,2,1,0,2024,3,1,0,0,0,0,0,0,0,0,0,0,1,0,0,0,0,0,0,0,0,0,0,0,0,0,0,0,0,0,1,1,0,0,0,0,0,0,0,1
ORD-11277,2024-03-06,Sakura Smith,Folding Table Portable,-0.9458806620828024,0.6777614784093274,-1.180873133858159,-0.30121108774054656,-0.40255967445039803,-0.2865085829723853,0.41116264332405134,0.8286210026059542,-0.4451958848499913,1,2,1,1,2,2024,3,1,0,1,0,0,0,0,1,0,1,0,0,0,0,0,0,0,0,0,0,0,0,0,0,0,0,0,1,0,0,0,1,0,0,0,0,0,0,1
ORD-10437,2024-03-07,Nadia Harris,Business Casual Blazer,0.5335025826214829,0.47067666519335405,-1.180873133858159,0.8130195265235698,0.053214508370729226,1.337828386726276,0.988271458667523,0.6024171902168961,-0.647207461282553,1,1,1,1,0,2024,3,1,0,1,0,0,0,0,0,0,0,0,1,0,0,0,0,0,0,0,0,0,0,0,0,0,0,0,0,0,0,0,1,0,0,0,0,1,0,0
ORD-10841,2024-03-07,Carlos Martinez,Tablet Stand Holder,-0.5760348509067311,-0.5771069086180394,-1.180873133858159,-0.4892692042265803,-0.14403230184177537,-0.48550640249994614,0.1054238540539987,-0.5421024646724438,0.0014081395180740816,0,2,3,1,1,2024,3,1,0,0,0,0,0,0,1,0,0,0,0,1,0,0,0,0,0,0,0,0,0,0,0,0,0,0,0,0,1,0,0,1,0,0,0,1,0,0
ORD-10883,2024-03-07,Fatima Williams,Monitor Riser Wood,0.16365677144541152,-0.4656191041826432,0.19663999983464828,-0.2907271026563119,0.9073123467666236,-0.38807962932971174,-0.004842594535200679,-0.4704666653774924,-0.2814740843425556,1,1,3,2,2,2024,3,1,0,0,1,0,0,0,0,0,0,0,1,0,0,0,0,0,0,0,0,0,0,0,0,0,0,0,1,0,0,0,0,0,0,0,0,1,0,0
ORD-10273,2024-03-08,Clara Johnson,Desk Calendar 2025,0.16365677144541152,-0.8274499988943532,0.8853965666810519,-0.5648009571152431,0.2102459495107816,-0.5895494714600994,-0.9417493995934298,-0.8315386460545457,1.0345719209460447,0,1,0,0,1,2024,3,1,0,0,0,0,0,0,0,0,0,0,1,0,0,0,0,0,0,0,0,0,0,0,0,0,0,0,0,1,0,0,0,1,0,0,0,0,0,0
ORD-10893,2024-03-08,Elizabeth Sharma,Smart LED Desk Lamp,-0.5760348509067311,-0.19711510458653614,-1.180873133858159,-0.3317218373497779,-0.6419368713102339,-0.2694225443940233,0.5980427932057463,-0.12702811221919622,-0.45245773890475655,1,2,2,1,2,2024,3,1,0,0,0,1,0,0,0,0,0,0,0,0,0,0,0,0,0,0,0,0,0,0,0,0,1,0,0,0,1,0,0,0,0,0,0,0,0,0
ORD-11361,2024-03-08,Olivia Sato,Wireless Ergonomic Mouse,-0.2061890397306598,-0.0471614852724116,1.5741531335274555,-0.19676340591631392,-0.5232057816677554,-0.2719672735439921,0.1841856030462839,-0.15499362617472537,-0.5247461951771929,1,2,2,0,2,2024,3,1,0,0,0,0,0,1,0,0,0,0,0,0,0,0,0,0,0,0,0,0,0,0,0,0,0,1,0,0,1,1,0,0,0,0,0,0,0,0
ORD-10309,2024-03-09,William Clark,Tape Dispenser Heavy Duty,-0.9458806620828024,-0.7933982939197413,0.19663999983464828,-0.6089068993524097,-0.5538460628658145,-0.6162327742612008,-2.7471834912665862,-0.7926900010522836,2.7968918663274938,0,2,0,2,1,2024,3,1,1,0,0,0,0,0,0,0,0,0,0,0,0,0,1,0,0,0,0,0,0,0,0,0,0,0,0,1,0,0,1,0,0,1,0,0,0,0
ORD-10531,2024-03-10,William Smith,Stapler Full-Size,-0.9458806620828024,-0.7945333507522283,-1.180873133858159,-0.6064231622376908,-0.1402022666920181,-0.6247394402768108,-2.9659263486951604,-0.779602691565706,3.162955327542708,0,2,0,1,1,2024,3,1,1,0,0,0,1,0,0,0,0,0,0,0,0,0,0,0,0,0,1,0,0,0,0,0,0,0,0,1,0,0,1,0,0,0,1,0,0,0
ORD-10537,2024-03-10,Maria Costa,Sports Water Bottle 750ml,-0.9458806620828024,-0.6111586135926512,1.5741531335274555,-0.5814027788820486,-0.9406796129913091,-0.5814063381801992,-0.8117925137561592,-0.6477652686324973,0.5995208462105606,0,2,3,0,1,2024,3,1,1,0,0,1,0,0,0,0,0,0,0,0,1,0,0,0,0,0,0,0,0,0,0,0,0,0,0,0,0,0,0,1,0,0,1,0,0,0
ORD-11284,2024-03-10,Emma Moreau,Laptop Stand Adjustable,0.5335025826214829,0.006564538131976047,-1.180873133858159,0.33195886430432586,1.244355439945272,0.4894883946738172,0.706519202045121,0.09545614905262406,-0.5524732742953876,1,1,2,1,0,2024,3,1,1,0,0,1,0,0,0,0,0,0,0,0,0,1,0,0,0,0,0,0,0,0,0,0,0,0,0,0,1,1,0,0,0,0,1,0,0,0
ORD-11143,2024-03-13,Layla Park,Ballpoint Pen Pack 12,1.6430400161496967,-0.7215113611955604,0.19663999983464828,-0.3299962936700785,1.4760725665055934,-0.3054849917764384,0.4376552316214564,-0.7220185298247643,-0.13953784599941585,1,0,0,2,2,2024,3,1,0,1,0,0,0,1,0,0,0,0,0,0,0,0,0,0,0,1,0,0,0,0,0,0,0,0,0,1,0,0,1,0,0,0,0,0,0,1
ORD-11742,2024-03-13,James Wang,Smart LED Desk Lamp,0.16365677144541152,0.016527814772695923,-1.180873133858159,0.1471426783680304,-0.1670125127403198,0.31179359345885244,0.7501961719408426,0.10633928009935716,-0.5927435558718133,1,1,2,1,0,2024,3,1,0,0,1,0,0,0,0,0,0,0,1,0,0,0,0,0,0,0,0,0,0,0,0,0,0,0,0,0,1,0,0,1,0,0,0,0,0,1
ORD-11961,2024-03-13,Nadia Johansson,Mesh Back Task Chair,0.16365677144541152,0.5843084658678924,0.19663999983464828,0.49282659553448926,1.1390294733269448,0.32946128441435024,0.32022862403295843,0.5617776502322601,-0.5811906062392321,1,1,1,2,0,2024,3,1,0,0,1,0,1,0,0,0,0,0,0,0,0,0,0,0,0,0,1,0,0,0,0,0,0,0,1,0,0,0,0,1,0,0,0,0,0,1
ORD-11956,2024-03-16,Hanna Müller,Noise Cancelling Earbuds,-0.2061890397306598,1.4356010902331915,-1.180873133858159,0.834536533317398,0.49941360331746326,1.1467555808371894,0.7956631815863893,1.6564277679201145,-0.634664258824322,1,2,1,1,0,2024,3,1,1,0,0,0,1,0,0,0,0,0,0,0,0,0,0,0,0,0,0,1,0,0,0,0,0,0,0,0,1,1,0,0,0,1,0,0,0,0
ORD-10573,2024-03-17,Hanna Brown,Premium Notebook Set A5,-0.5760348509067311,-0.7976862863980257,0.8853965666810519,-0.5886186888153372,-0.6189566604116897,-0.5891859387243895,-1.0505838163827694,-0.8038486544039972,1.1365679619879754,0,2,0,0,1,2024,3,1,1,0,1,1,0,0,0,0,0,0,0,0,1,0,0,0,0,0,0,0,0,0,0,0,0,0,0,1,0,0,0,1,0,0,1,0,0,0
ORD-11179,2024-03-17,Noah Müller,Folding Table Portable,-0.5760348509067311,0.5293212682051857,-0.4921165670117554,-0.060680756630924544,0.10108994774269639,-0.08838324201052808,0.38288001527682164,0.5871257022904738,-0.5234258580763265,1,2,1,1,0,2024,3,1,1,0,0,0,0,0,1,0,0,0,0,1,0,0,0,0,0,0,0,0,0,0,0,0,0,0,1,0,0,1,0,0,0,0,1,0,0,0
ORD-11997,2024-03-17,Barbara Sato,Mesh Back Task Chair,-0.2061890397306598,1.4094947830859892,-1.180873133858159,0.8183007359674984,-0.6764071876580505,0.9692061927165087,0.6549660572501707,1.6279112093546242,-0.6699832762724985,1,2,1,1,0,2024,3,1,1,0,0,0,0,1,0,0,0,0,0,0,0,0,0,0,0,0,0,0,0,0,0,0,0,1,1,0,0,0,1,0,0,0,1,0,0,0
ORD-10084,2024-03-18,Wei Jones,USB-C Hub Multiport Adapter,-0.2061890397306598,-0.2249870556953852,-0.4921165670117554,-0.2199536671874264,0.6698501674816661,-0.21263873107614792,0.41975483412320963,-0.19563316615936133,-0.3834701253844863,1,2,2,1,2,2024,3,1,0,0,1,0,0,0,0,0,0,0,0,0,0,0,0,0,0,0,0,0,0,1,0,0,0,0,0,0,1,1,0,0,1,0,0,0,0,0
ORD-11941,2024-03-18,Ivan Patel,Monitor Riser Wood,-0.9458806620828024,-0.2504627757134283,-1.180873133858159,-0.49363535262824415,-0.7798181367014995,-0.48623346797136574,0.12439827540214006,-0.1853010797225895,-0.18079838040149135,0,2,2,1,1,2024,3,1,0,0,0,1,0,0,0,0,0,0,0,0,0,0,0,1,0,0,0,0,0,0,0,0,0,0,1,0,0,0,0,1,1,0,0,0,0,0
ORD-11174,2024-03-19,Fatima Singh,Cotton Formal Shirt,-0.2061890397306598,-0.6165816629034229,2.2629097003738594,-0.48966137324469383,-0.1402022666920181,-0.532765658142224,-0.31559349510476237,-0.669393769573473,0.004708982270240052,0,2,3,3,1,2024,3,1,0,1,0,0,0,0,0,1,0,0,0,0,0,0,0,0,0,0,0,0,0,0,0,0,0,0,0,0,0,0,0,1,0,0,0,0,1,0
ORD-11802,2024-03-19,Giulia Nilsson,Sports Water Bottle 750ml,2.7525774496779105,-0.7342492212045819,0.19663999983464828,-0.24233344582110428,1.7154497633654293,-0.25306357128708096,0.3513753156799075,-0.7345547947013807,-0.2435143926926462,1,0,0,2,2,2024,3,1,0,0,0,0,0,0,0,0,0,0,0,0,0,0,0,0,1,0,0,0,0,0,0,0,0,0,0,0,0,0,1,0,0,0,0,0,1,0
ORD-11979,2024-03-19,Nadia Romano,Sticky Notes Multicolor 6-Pack,-0.5760348509067311,-0.8739873290263229,-0.4921165670117554,-0.6134037707601113,-0.4159647974745489,-0.6262662777667922,-3.848057937408755,-0.8691474406843953,3.8980530084500855,0,2,0,1,1,2024,3,1,0,1,0,1,0,0,0,0,0,0,0,0,0,0,0,0,0,0,0,0,0,0,0,0,1,0,0,1,0,1,0,0,0,0,0,0,1,0
ORD-10425,2024-03-21,Amir Khan,Business Casual Blazer,0.16365677144541152,0.6299629740190389,-0.4921165670117554,0.591339452884604,0.0819397719939096,0.9388875625583087,0.877288994178394,0.6915486558781145,-0.6316935003473725,1,1,1,1,0,2024,3,1,0,0,0,0,0,0,0,0,0,0,0,0,0,0,0,0,1,0,0,0,0,0,0,0,0,0,0,0,0,0,0,1,0,0,0,1,0,0
ORD-10040,2024-03-27,Ava Clark,Wireless Ergonomic Mouse,-0.5760348509067311,-0.6542907732271598,0.8853965666810519,-0.5381073192823166,0.13747528166539136,-0.5830785887644645,-0.7910280526581931,-0.6707713810983759,0.507427333425128,0,2,3,0,1,2024,3,1,0,1,0,0,1,0,0,0,0,0,0,0,0,0,0,0,0,0,1,0,0,0,0,0,0,0,0,0,1,0,1,0,0,0,0,0,0,1
ORD-10705,2024-03-27,Chen Dubois,Laptop Stand Adjustable,-0.9458806620828024,-0.4908425893490224,-0.4921165670117554,-0.5479638339375696,-1.0191953335613353,-0.53262024504794,-0.039927373631764115,-0.47156875459741476,0.03969791544320016,0,2,3,1,1,2024,3,1,0,1,0,1,0,0,0,0,0,0,0,0,1,0,0,0,0,0,0,0,0,0,0,0,0,0,0,0,1,0,1,0,0,0,0,0,0,1
ORD-11101,2024-03-27,Hans Harris,Portable External SSD 1TB,0.9033483937975542,0.3258938603383372,0.8853965666810519,0.6888849599900387,0.08576980714366689,0.6232684414150346,0.4526915655199834,0.23941655340497847,-0.6386252701269213,1,1,1,0,0,2024,3,1,0,0,0,0,0,1,0,0,0,0,0,0,0,0,0,0,0,0,0,0,0,0,0,0,0,1,0,0,1,0,1,0,0,0,0,0,0,1
ORD-11914,2024-03-27,Xiao Ali,Filing Cabinet 3-Drawer,1.2731942049736253,0.8520557609090078,0.8853965666810519,1.5582713839452844,0.5951644820613979,1.0986965531763502,0.2679594633380782,0.7279176001355514,-0.6627214222177333,1,1,1,0,0,2024,3,1,0,1,0,0,1,0,0,0,0,0,0,0,0,0,0,0,0,0,0,1,0,0,0,0,0,0,1,0,0,0,0,1,0,0,0,0,0,1
ORD-10154,2024-03-28,Jessica Patel,USB-C Hub Multiport Adapter,3.1224232608539815,-0.4144154292948933,-0.4921165670117554,0.5727767860272311,2.862545290717763,0.6323567598077804,0.5747722764580256,-0.39221833076300694,-0.5263966165532759,1,0,3,1,0,2024,3,1,0,0,1,0,0,1,0,0,0,0,0,0,0,0,0,0,0,1,0,0,0,0,0,0,0,0,0,0,1,1,0,0,0,0,0,1,0,0
ORD-11326,2024-03-28,Patricia Rossi,Folding Table Portable,-0.9458806620828024,-0.38755241759269937,0.8853965666810519,-0.5387609343125058,-0.3182989011557359,-0.581842577463051,-0.7749176949097711,-0.4230768289208322,0.2988140714882343,0,2,3,0,1,2024,3,1,0,0,0,0,0,0,1,0,0,0,0,0,0,0,0,0,0,0,0,0,0,0,0,0,0,0,1,0,0,0,0,0,0,0,0,1,0,0
ORD-10379,2024-03-30,Felix Müller,Desk Calendar 2025,-0.9458806620828024,-0.8258104723585387,0.19663999983464828,-0.6149724468325655,-0.6323617834358406,-0.6216857652968483,-3.79471475286398,-0.8246505884300313,3.762718455611277,0,2,0,2,1,2024,3,1,1,1,0,0,0,0,0,0,0,0,0,0,0,0,0,0,1,0,0,0,0,0,0,0,0,0,0,1,0,0,1,0,0,1,0,0,0,0
ORD-10754,2024-03-30,Chen Patel,Filing Cabinet 3-Drawer,0.9033483937975542,1.6412986117650141,0.19663999983464828,2.2391813777951755,0.043639420496336,1.9898607014954268,0.43407515212180703,1.600772262314037,-0.6861574057581122,1,1,1,2,0,2024,3,1,1,1,0,1,0,0,0,0,0,0,0,0,0,1,0,0,0,0,0,0,0,0,0,0,0,0,1,0,0,0,1,0,0,1,0,0,0,0
ORD-10394,2024-03-31,Oscar Kim,Silk Tie Collection,1.6430400161496967,-0.7418162667544957,1.5741531335274555,-0.39065176847163535,2.86637532586752,-0.5270218409180086,-0.4487724524917174,-0.7619692640469488,0.2648153911409241,0,0,0,0,1,2024,3,1,1,0,1,0,0,0,1,0,0,0,0,0,0,0,0,0,0,0,0,0,0,0,0,0,0,0,0,0,0,0,0,1,0,0,1,0,0,0
ORD-10464,2024-03-31,Ivan Zhang,Desk Calendar 2025,1.2731942049736253,-0.6878380084984441,-0.4921165670117554,-0.30675374319655085,-0.7242826270300177,-0.16574300816957985,0.9062876381255534,-0.676006304893007,-0.4848059978759837,1,1,3,1,2,2024,3,1,1,0,1,0,0,1,0,0,0,1,0,0,0,0,0,0,0,0,0,0,0,0,0,0,0,0,0,1,0,1,0,0,0,0,1,0,0,0
ORD-11428,2024-03-31,Mary Weber,Tape Dispenser Heavy Duty,-0.9458806620828024,-0.6883424782017717,-1.180873133858159,-0.5844094080209189,-0.7051324512812306,-0.5696278775432007,-0.5085597801358612,-0.6636078011688807,0.8972568624559375,0,2,0,1,1,2024,3,1,1,0,0,1,0,0,0,0,0,0,0,0,1,0,0,0,0,0,0,0,0,0,0,0,0,0,0,1,0,0,0,1,0,0,1,0,0,0
ORD-11969,2024-03-31,Nadia Laurent,Noise Cancelling Earbuds,0.16365677144541152,0.7203891683405083,-1.180873133858159,0.7307947557257696,1.0739188757810696,0.9950897234990486,0.7673805535391596,0.8751842721476726,-0.6085876010822102,1,1,1,1,0,2024,3,1,1,0,0,0,0,0,0,1,0,0,0,0,0,0,0,0,0,0,0,0,0,0,0,0,0,0,0,0,1,0,0,1,0,0,1,0,0,0
ORD-11981,2024-04-01,Fatima Fischer,Wireless Bluetooth Headphones,-0.9458806620828024,1.9898871767643753,0.19663999983464828,-0.08962283016770187,-0.7721580664019848,-0.05392033866523625,0.5228611237131103,1.9435220097098818,-0.5851516175418313,1,2,1,2,0,2024,4,2,0,0,1,1,0,0,0,0,0,0,0,0,0,0,0,0,0,0,0,0,0,0,1,0,0,0,0,0,1,0,0,1,1,0,0,0,0,0
ORD-10660,2024-04-03,Sarah Moreau,Travel Backpack 30L,-0.5760348509067311,-0.48125766498579825,2.2629097003738594,-0.49549161931398145,-0.37000437567746036,-0.5294211569736935,-0.2672624218594964,-0.5584960418187885,-0.03952231060878489,0,2,3,3,1,2024,4,2,0,1,0,1,0,0,0,0,0,0,0,0,1,0,0,0,0,0,0,0,0,0,0,0,0,0,0,0,0,0,0,0,0,0,0,0,0,1
ORD-10768,2024-04-03,Jessica Costa,Wireless Bluetooth Headphones,3.492269072030053,0.0013937236728683476,0.8853965666810519,1.4882299973102109,4.103476679239152,1.2552337491730028,0.39541029352559426,-0.062004848243778755,-0.5861418703674812,1,0,2,0,0,2024,4,2,0,0,0,0,0,0,0,0,0,0,0,0,0,0,0,0,1,0,0,0,0,0,0,0,0,0,0,0,1,0,1,0,0,0,0,0,0,1
ORD-11299,2024-04-03,Isabella Yamamoto,Sticky Notes Multicolor 6-Pack,-0.5760348509067311,-0.8100457941295516,-1.180873133858159,-0.5858473610873352,-0.6208716779865684,-0.5750081620317062,-0.64782487267222,-0.7965473133220118,1.0263198140656296,0,2,0,1,1,2024,4,2,0,1,0,1,0,0,0,0,0,0,0,0,0,0,0,1,0,0,0,0,0,0,0,0,0,0,0,1,0,0,0,1,0,0,0,0,0,1
ORD-10295,2024-04-04,Ayumi Miller,Tape Dispenser Heavy Duty,-0.2061890397306598,-0.7405550924961768,0.8853965666810519,-0.5360157511857112,0.34046714460253225,-0.5567588186990727,-0.4416122934924187,-0.7508106106952351,0.5747645255693152,0,2,0,0,1,2024,4,2,0,1,0,0,0,0,0,0,0,0,0,0,0,0,0,0,0,0,0,0,0,1,0,0,0,0,0,1,0,0,0,1,0,0,0,1,0,0
ORD-10832,2024-04-04,Karen Tanaka,Stapler Full-Size,0.5335025826214829,-0.7332402817979268,0.19663999983464828,-0.454706041430176,-0.036791317648568835,-0.4214519344678741,0.40794057177436693,-0.7335904666339487,-0.11214085115643777,0,1,0,2,2,2024,4,2,0,1,0,0,0,0,0,0,0,0,0,0,0,0,0,0,1,0,0,0,0,0,0,0,0,0,0,1,0,1,0,0,0,0,0,1,0,0
ORD-11250,2024-04-04,Emma Kim,Portable External SSD 1TB,-0.9458806620828024,0.5448337115825089,0.19663999983464828,-0.35922595782013905,-0.4561801665470015,-0.3574701729829441,0.31664854453330904,0.5229290052299979,-0.3946929907418509,0,2,1,2,2,2024,4,2,0,0,0,0,0,0,0,0,0,0,0,0,0,0,1,0,0,0,0,0,0,0,0,0,0,0,0,0,1,0,0,1,0,0,0,1,0,0
ORD-11581,2024-04-04,Mia Smith,Canvas Messenger Bag,0.5335025826214829,-0.3537529474697512,2.2629097003738594,-0.1894952067806101,-0.06743159884662785,-0.25728055102131503,0.21211022314354872,-0.4540730882311477,-0.4818352393990343,1,1,3,3,2,2024,4,2,0,0,0,1,0,0,0,0,0,0,0,0,1,0,0,0,0,0,0,0,0,0,0,0,0,0,0,0,0,0,1,0,0,0,0,1,0,0
ORD-10064,2024-04-05,Ahmed Clark,Cotton Formal Shirt,-0.9458806620828024,-0.38162489857860027,1.5741531335274555,-0.5433362395238301,-0.46001020169675877,-0.5598852002261773,-0.46416679434020947,-0.44718503060663317,0.27999926780088785,0,2,3,0,1,2024,4,2,0,1,0,0,0,0,0,0,0,0,0,0,0,0,0,0,1,0,0,0,0,0,0,0,0,0,0,0,0,0,0,0,0,0,0,0,0,0
ORD-10665,2024-04-05,Noah Martinez,Premium Notebook Set A5,0.5335025826214829,-0.6260404698408151,0.8853965666810519,-0.37020669032731746,0.3577023027764404,-0.340456840951724,0.44302535087093037,-0.6444590009727302,-0.24153388704134654,0,1,3,0,2,2024,4,2,0,0,1,0,0,1,0,0,0,0,0,0,0,0,0,0,0,1,0,0,0,0,0,0,0,0,0,1,0,0,1,0,0,0,0,0,0,0
ORD-10687,2024-04-05,Jennifer Ferrari,Webcam HD 1080p,-0.2061890397306598,0.08866698234854052,1.5741531335274555,-0.1292057563959592,-0.7396027676290472,-0.20507725017338346,0.23430671604137446,-0.03624351272809422,-0.5709579937075173,1,2,2,0,2,2024,4,2,0,0,0,0,0,1,0,0,0,0,0,0,0,0,0,0,0,1,0,0,0,0,0,0,0,0,0,0,1,0,1,0,0,0,0,0,0,0
ORD-10806,2024-04-06,Sakura Thomas,USB-C Hub Multiport Adapter,-0.2061890397306598,-0.4262704673230915,0.8853965666810519,-0.3698929551128267,-0.7434328027788045,-0.3844443019726134,0.22678854909211096,-0.4590324897207982,-0.4303420924652441,0,2,3,0,2,2024,4,2,1,0,0,1,0,0,0,0,0,0,0,0,1,0,0,0,0,0,0,0,0,0,0,0,0,0,0,0,1,0,1,0,0,1,0,0,0,0
ORD-10813,2024-04-06,Raj Li,Binder Clips Assorted 48pc,0.5335025826214829,-0.7955422901588834,0.8853965666810519,-0.5195446524249436,-0.5978914670880243,-0.4996114726454875,0.16449516579821258,-0.8019199982691332,0.015271679077171392,0,1,0,0,1,2024,4,2,1,0,0,0,0,1,0,0,0,0,0,0,0,0,0,0,0,1,0,0,0,0,0,0,0,0,0,1,0,1,0,0,0,1,0,0,0,0
ORD-10956,2024-04-06,Sakura Rodriguez,Ballpoint Pen Pack 12,-0.5760348509067311,-0.7442124978453017,0.19663999983464828,-0.5660297533719989,-1.130266352904299,-0.534728734915057,0.10148576660438446,-0.7443358365281915,0.1704112884289753,0,2,0,2,1,2024,4,2,1,0,0,0,0,1,0,0,0,0,0,0,0,0,0,0,0,0,0,0,0,0,0,0,0,1,0,1,0,0,1,0,0,1,0,0,0,0
ORD-11558,2024-04-06,Chen Martin,Paper Clips Box 500pc,1.6430400161496967,-0.8113069683878705,-1.180873133858159,-0.44518940659062134,0.7407058177521777,-0.41156384405656676,0.41868081027331494,-0.7979249248469148,0.04299875819536613,0,0,0,1,2,2024,4,2,1,0,0,1,0,0,0,0,0,0,0,0,0,1,0,0,0,0,0,0,0,0,0,0,0,0,0,1,0,0,1,0,0,1,0,0,0,0
ORD-10078,2024-04-07,Olivia Nilsson,Polarized Sunglasses,0.5335025826214829,0.058524917574717325,-0.4921165670117554,0.3348609150383659,1.4377722150080199,0.5496167091602231,0.7820588794877217,0.09848689440741046,-0.5438910831397559,1,1,2,1,0,2024,4,2,1,0,0,0,0,0,1,0,1,0,0,0,0,0,0,0,0,0,0,0,0,0,0,0,0,0,0,0,0,0,1,0,0,0,1,0,0,0
ORD-11634,2024-04-07,Olivia Robinson,Travel Backpack 30L,-0.2061890397306598,-0.03770267833501939,0.19663999983464828,-0.13689226915098415,0.3385521270276536,-0.0704974314136045,0.5980427932057463,-0.049744105672142824,-0.4709424583168864,1,2,2,2,0,2024,4,2,1,0,0,0,0,0,0,0,0,0,0,0,0,0,0,0,1,0,0,0,0,0,0,0,0,0,0,0,0,0,1,0,0,0,1,0,0,0
ORD-10092,2024-04-08,Susan Hassan,Sports Water Bottle 750ml,0.9033483937975542,-0.5535229499874748,0.19663999983464828,-0.2177836652871983,0.9207174697907745,-0.19257172406496528,0.47596208226770426,-0.556842907988905,-0.3580536361928078,1,1,3,2,2,2024,4,2,0,0,1,1,0,0,0,0,0,0,0,0,1,0,0,0,0,0,0,0,0,0,0,0,0,0,0,0,0,0,1,0,1,0,0,0,0,0
ORD-10964,2024-04-08,Richard Kumar,Leather Belt Classic,2.012885827325768,-0.46284452081434135,-0.4921165670117554,0.1853922299347018,0.8115614680226894,0.3764297138680603,0.7831329033376165,-0.44250115142196333,-0.5452114202406223,1,0,3,1,0,2024,4,2,0,0,0,0,0,0,0,0,0,0,0,0,0,0,0,0,0,0,0,0,0,1,0,0,0,0,0,0,0,0,1,0,1,0,0,0,0,0
ORD-11344,2024-04-08,Amir Wang,Desk Calendar 2025,-0.9458806620828024,-0.7570764752801552,0.8853965666810519,-0.6038871359205568,-1.3600684618897416,-0.5810428054444894,-0.8687157778005836,-0.7662398597741478,0.9685550659027239,0,2,0,0,1,2024,4,2,0,0,0,0,0,1,0,0,0,0,0,0,0,0,0,0,0,0,0,0,0,0,0,0,0,1,0,1,0,0,1,0,1,0,0,0,0,0
ORD-10991,2024-04-09,Marco Weber,Standing Desk Converter,0.5335025826214829,1.407476904272679,-0.4921165670117554,1.6631635239900457,-0.996215122662791,1.7194650526744553,0.5711921969583763,1.4982779648612603,-0.6967201025650436,1,1,1,1,0,2024,4,2,0,0,0,0,0,1,0,0,0,0,0,0,0,0,0,0,0,0,0,0,0,0,0,0,0,1,1,0,0,0,0,1,0,0,0,0,1,0
ORD-11785,2024-04-09,Michael Sharma,Wool Blend Scarf,-0.9458806620828024,-0.2527328893784024,0.19663999983464828,-0.5080410278936138,-1.247082424971899,-0.4690020162987198,0.3979163491753488,-0.26120747474473993,-0.2860952641955881,0,2,2,2,2,2024,4,2,0,0,1,0,0,1,0,0,0,0,0,0,0,0,0,0,0,0,0,0,0,0,0,0,0,1,0,0,0,0,1,0,0,0,0,0,1,0
ORD-10250,2024-04-10,Richard Garcia,Binder Clips Assorted 48pc,-0.5760348509067311,-0.7482482554719224,0.19663999983464828,-0.5675461402420378,0.49175353301794866,-0.5984196702114193,-1.1243334540755456,-0.7483309099504099,1.3006198467706276,0,2,0,2,1,2024,4,2,0,1,0,0,1,0,0,0,0,0,0,0,0,0,0,0,0,0,1,0,0,0,0,0,0,0,0,1,0,0,0,1,0,0,0,0,0,1
ORD-11053,2024-04-10,Wei Müller,Noise Cancelling Earbuds,0.16365677144541152,-0.3714093870862167,0.19663999983464828,-0.22042427000916262,0.3691924082257126,-0.23874038150011367,0.33956105333106473,-0.37789117090401664,-0.4158183843557135,1,1,3,2,2,2024,4,2,0,0,0,0,0,0,0,0,0,0,0,0,0,0,1,0,0,0,0,0,0,0,0,0,0,0,0,0,1,0,1,0,0,0,0,0,0,1
ORD-11489,2024-04-10,Olga Anderson,Noise Cancelling Earbuds,-0.9458806620828024,1.583284595882342,0.8853965666810519,-0.1914821964723853,-0.4178798150494275,-0.22172704946889366,0.31987061608299344,1.4068045596077066,-0.5164940882967778,1,2,1,0,2,2024,4,2,0,0,1,0,0,0,0,0,0,0,1,0,0,0,0,0,0,0,0,0,0,0,0,0,0,0,0,0,1,0,1,0,0,0,0,0,0,1
ORD-11767,2024-04-10,Robert Schmidt,Wireless Ergonomic Mouse,-0.2061890397306598,-0.25323735908173,-0.4921165670117554,-0.23666006735906214,-0.3144688660059786,-0.19482562702636624,0.5253671793628648,-0.2249762916397933,-0.4808449865733845,1,2,2,1,2,2024,4,2,0,0,0,1,0,0,0,0,0,0,0,0,0,0,0,0,0,0,0,0,0,0,0,0,1,0,0,0,1,0,0,1,0,0,0,0,0,1
ORD-10305,2024-04-11,Michael Taylor,Polarized Sunglasses,0.16365677144541152,-0.39436275858762176,0.19663999983464828,-0.23754898380011943,-0.3374490769045227,-0.16923292243239424,0.6112890873544489,-0.4004839999124244,-0.4828254922246841,1,1,3,2,2,2024,4,2,0,1,0,0,0,0,0,0,0,0,0,0,0,0,0,0,0,0,0,0,0,1,0,0,0,0,0,0,0,0,0,1,0,0,0,1,0,0
ORD-11106,2024-04-13,Sakura Oliveira,USB-C Hub Multiport Adapter,0.16365677144541152,-0.6201129508267159,-1.180873133858159,-0.3807691092151747,-0.6266167307112044,-0.3313685225589783,0.5378974576116375,-0.5890790176716332,-0.39700358066836705,0,1,3,1,2,2024,4,2,1,0,0,1,0,0,0,0,0,0,0,0,0,0,0,0,0,0,0,0,0,0,0,0,1,0,0,0,1,1,0,0,0,1,0,0,0,0
ORD-10006,2024-04-14,Hans Kumar,Wool Blend Scarf,-0.9458806620828024,-0.5079945592621603,1.5741531335274555,-0.5643042096922994,-0.4351149732233357,-0.5827150560287545,-0.8128665376060541,-0.5576694749038468,0.6011712675866437,0,2,3,0,1,2024,4,2,1,0,0,0,0,0,0,0,0,0,0,0,0,0,0,0,1,0,0,0,0,0,0,0,0,0,0,0,0,0,0,0,0,0,1,0,0,0
ORD-11141,2024-04-14,Hans Müller,Stapler Full-Size,-0.5760348509067311,-0.794911703029724,-0.4921165670117554,-0.5822655507218983,-0.14211728426689674,-0.5910763089500807,-1.0566699515321734,-0.787179554952672,1.325376167411873,0,2,0,1,1,2024,4,2,1,0,0,0,1,0,0,0,0,0,0,0,0,0,0,0,0,0,0,0,0,0,0,1,0,0,0,1,0,1,0,0,0,0,1,0,0,0
ORD-11434,2024-04-14,Clara Singh,Highlighters Neon Pack 6,-0.5760348509067311,-0.7915065325322628,-0.4921165670117554,-0.5809321760603123,-0.34319412962915896,-0.5814790447273412,-0.8128665376060541,-0.7835977649879244,1.1005887759893653,0,2,0,1,1,2024,4,2,1,0,0,0,0,0,0,1,0,0,0,0,0,0,0,0,0,0,0,0,0,0,0,0,0,0,0,1,0,0,0,1,0,0,1,0,0,0
ORD-10463,2024-04-15,Ahmed Johansson,Noise Cancelling Earbuds,3.8621148832061243,0.5667781436772589,0.19663999983464828,3.2626379366666174,5.273552417490029,3.341911652147426,0.5787103639076399,0.5444197450184833,-0.6363146802004049,1,0,1,2,0,2024,4,2,0,1,0,0,0,0,1,0,1,0,0,0,0,0,0,0,0,0,0,0,0,0,0,0,0,0,0,0,1,0,1,0,1,0,0,0,0,0
ORD-11290,2024-04-15,Wei Johnson,Smart LED Desk Lamp,2.012885827325768,-0.435350921982988,-0.4921165670117554,0.2341257665856078,1.575653480399285,0.2846740513748992,0.5629580141091829,-0.413984592856473,-0.5155038354711279,1,0,3,1,0,2024,4,2,0,0,1,0,0,0,0,1,0,0,0,0,0,0,0,0,0,0,0,0,0,0,0,0,0,0,0,0,1,0,1,0,1,0,0,0,0,0
ORD-10075,2024-04-16,Michael Ferrari,Whiteboard Markers Set 8,-0.9458806620828024,-0.8050010970962757,-0.4921165670117554,-0.6098219603946746,0.020659209597791564,-0.6376084991209389,-3.991261117394728,-0.7975116413894439,4.030086718536727,0,2,0,1,1,2024,4,2,0,1,0,0,1,0,0,0,0,0,0,0,0,0,0,0,0,0,0,0,1,0,0,0,0,0,0,1,0,0,0,0,0,0,0,0,1,0
ORD-10460,2024-04-16,Kenji Romano,Whiteboard Markers Set 8,-0.9458806620828024,-0.8032354531346292,0.19663999983464828,-0.6107370214369394,-0.9579147711652173,-0.6034364219642149,-2.1847530018716768,-0.8023332817266041,2.278329469962209,0,2,0,2,1,2024,4,2,0,1,0,1,0,0,0,0,0,0,0,0,1,0,0,0,0,0,0,0,0,0,0,0,0,0,0,1,0,1,0,0,0,0,0,0,1,0
ORD-11887,2024-04-16,Zara Chen,Tape Dispenser Heavy Duty,-0.5760348509067311,-0.7951639378813878,0.19663999983464828,-0.585063023051108,-0.2953186902571918,-0.5928939726286299,-1.1250494699754756,-0.7944808960346574,1.3012800153210606,0,2,0,2,1,2024,4,2,0,1,0,1,0,0,0,0,0,0,0,0,0,1,0,0,0,0,0,0,0,0,0,0,0,0,0,1,0,1,0,0,0,0,0,0,1,0
ORD-10171,2024-04-18,Michael Kim,USB-C Hub Multiport Adapter,-0.2061890397306598,-0.667406985513677,-0.4921165670117554,-0.4813473900606874,-0.5155457113682406,-0.47372794186294764,0.16234711809842303,-0.6547910874095021,-0.14646961577896456,0,2,3,1,2,2024,4,2,0,0,0,0,0,1,0,0,0,0,0,0,0,0,0,0,0,1,0,0,0,0,0,0,0,0,0,0,1,0,0,1,0,0,0,1,0,0
ORD-10354,2024-04-18,Amina Clark,Tape Dispenser Heavy Duty,-0.5760348509067311,-0.743834145567806,0.19663999983464828,-0.565899030365961,-0.6361918185855979,-0.5533416109834004,-0.2550901515606887,-0.7439225530707205,0.49851505799427986,0,2,0,2,1,2024,4,2,0,0,0,1,0,0,0,0,0,0,0,0,1,0,0,0,0,0,0,0,0,0,0,0,0,0,0,1,0,0,1,0,0,0,0,1,0,0
ORD-11171,2024-04-18,Robert Chen,Ergonomic Office Chair,-0.5760348509067311,1.8717151487598886,2.2629097003738594,0.23616504547979816,-0.5002255707692114,-0.1687239766024005,-0.11117095567478569,1.369058003825367,-0.6237714777421741,1,2,1,3,2,2024,4,2,0,0,0,0,0,0,0,0,0,0,1,0,0,0,0,0,0,0,0,0,0,0,0,0,0,0,1,0,0,0,0,1,0,0,0,1,0,0
ORD-10332,2024-04-19,Ali Thomas,Premium Notebook Set A5,0.16365677144541152,-0.7467348463619397,2.2629097003738594,-0.5226820045698518,-0.23212311028619514,-0.5393819539321428,-0.27299054905893533,-0.7760209016009584,0.18526508081372256,0,1,0,3,1,2024,4,2,0,0,0,0,0,0,0,0,0,0,0,0,0,0,0,0,0,0,0,0,0,1,0,0,0,0,0,1,0,0,1,0,0,0,0,0,0,0
ORD-10420,2024-04-19,Layla Kumar,Leather Belt Classic,0.16365677144541152,-0.3012880983236825,2.2629097003738594,-0.2456538101744654,0.2370561955590833,-0.3208987797705352,0.13549652185105307,-0.4110916086541769,-0.41119720450268105,1,1,2,3,2,2024,4,2,0,1,0,0,0,0,0,1,0,0,0,0,0,0,0,0,0,0,0,0,0,0,0,0,0,0,0,0,0,0,0,1,0,0,0,0,0,0
ORD-11259,2024-04-20,Karen Nilsson,Mechanical Gaming Keyboard,1.2731942049736253,-0.0791953114337133,0.8853965666810519,0.4096083298908016,2.1405836649884975,0.27115063360649355,0.33096886253190644,-0.1368091540460069,-0.5263966165532759,1,1,2,0,0,2024,4,2,1,0,0,0,0,0,0,0,0,0,0,0,0,0,0,0,0,0,0,0,0,1,0,0,0,0,0,0,1,0,0,0,0,1,0,0,0,0
ORD-11678,2024-04-20,Mia Martin,Tape Dispenser Heavy Duty,-0.5760348509067311,-0.6647585195712071,0.8853965666810519,-0.5417937080525838,-0.3163838835808573,-0.5394546604792849,-0.18134051386791256,-0.6805524229251867,0.3338030046611944,0,2,3,0,1,2024,4,2,1,0,1,1,0,0,0,0,0,0,0,0,1,0,0,0,0,0,0,0,0,0,0,0,0,0,0,1,0,0,0,1,0,1,0,0,0,0
ORD-10236,2024-04-21,Priya Brown,Cotton Formal Shirt,-0.9458806620828024,-0.5163183093670654,0.19663999983464828,-0.5572190227650485,-0.7319426973295322,-0.5494154574377341,-0.24112784151205635,-0.5203362025789778,0.3024449985156169,0,2,3,2,1,2024,4,2,1,0,1,1,0,0,0,0,0,0,0,0,1,0,0,0,0,0,0,0,0,0,0,0,0,0,0,0,0,0,0,0,0,0,1,0,0,0
ORD-10407,2024-04-21,Isabella Laurent,Sticky Notes Multicolor 6-Pack,-0.9458806620828024,-0.8741134464521548,0.8853965666810519,-0.62448908167212,-0.9885550523632762,-0.6221220045797001,-7.133496894236944,-0.8747956479364972,6.744699797918079,0,2,0,0,1,2024,4,2,1,1,0,1,0,0,0,0,0,0,0,0,0,1,0,0,0,0,0,0,0,0,0,0,0,0,0,1,0,0,0,0,0,0,1,0,0,0
ORD-10575,2024-04-21,Barbara Nilsson,Wool Blend Scarf,2.3827316385018396,-0.4286666984138975,1.5741531335274555,0.18939235391945974,3.029151819732208,0.07171657479608091,0.2991061549850274,-0.4883756152012303,-0.4244005755113452,1,0,3,0,0,2024,4,2,1,1,0,0,0,0,0,1,0,0,0,0,0,0,0,0,0,0,0,0,0,0,0,0,0,0,0,0,0,0,0,1,0,0,1,0,0,0
ORD-11315,2024-04-21,Ahmed Santos,Smart LED Desk Lamp,-0.5760348509067311,-0.045521958736597014,1.5741531335274555,-0.3417875088146915,-0.5212907640928768,-0.39811313283530303,0.07535118625694436,-0.15347825349733216,-0.4244005755113452,0,2,2,0,2,2024,4,2,1,0,1,0,0,0,0,0,0,0,0,0,0,0,0,0,1,0,0,0,0,0,0,0,0,0,0,0,1,0,1,0,0,0,1,0,0,0
ORD-11548,2024-04-21,Fatima Williams,Travel Backpack 30L,0.16365677144541152,-0.5112736123337895,-0.4921165670117554,-0.30766880423881576,-0.9253594723922796,-0.20711303349335847,0.7473321083411233,-0.4927839720809196,-0.5118729084437452,1,1,3,1,2,2024,4,2,1,0,1,0,0,1,0,0,0,0,0,0,0,0,0,0,0,0,0,0,0,0,0,0,0,1,0,0,0,0,1,0,0,0,1,0,0,0
ORD-11607,2024-04-21,Sophie White,Standing Desk Converter,-0.5760348509067311,0.6310980308515259,1.5741531335274555,-0.11736225204893114,0.30982686340447324,-0.3243159874862076,-0.08467836737738071,0.437792612990998,-0.4828254922246841,1,2,1,0,2,2024,4,2,1,1,0,0,0,0,1,0,0,0,0,0,0,0,0,0,0,0,0,0,0,0,0,0,0,0,1,0,0,0,1,0,0,0,1,0,0,0
ORD-11675,2024-04-22,Karen Sato,Corner L-Shaped Desk,1.6430400161496967,3.658168485668698,0.19663999983464828,6.207069069264088,2.7304090780511334,5.566004929220164,0.43980327932124585,3.5835685301067994,-0.691438754161578,1,0,1,2,0,2024,4,2,0,1,0,0,0,0,1,0,1,0,0,0,0,0,0,0,0,0,0,0,0,0,0,0,0,0,1,0,0,0,1,0,1,0,0,0,0,0
ORD-10057,2024-04-23,Ali Wang,Travel Backpack 30L,1.6430400161496967,0.12057469108401025,-0.4921165670117554,1.013574762386821,2.0697280147179864,1.4196232522609877,0.8443522627816201,0.1628213526203765,-0.6016558313026615,1,0,2,1,0,2024,4,2,0,0,0,0,1,0,0,0,0,0,0,0,0,0,0,0,0,0,0,0,0,0,0,1,0,0,0,0,0,0,0,1,0,0,0,0,1,0
ORD-10438,2024-04-23,Omar Fischer,Mesh Back Task Chair,-0.9458806620828024,1.4671304466911657,1.5741531335274555,-0.23673850116268483,-0.6476819240348701,-0.37099359075134974,-0.04637151673113289,1.1683400046470125,-0.518804678223294,1,2,1,0,2,2024,4,2,0,1,0,0,0,0,0,0,0,0,0,0,0,0,0,0,0,0,0,0,0,1,0,0,0,0,1,0,0,1,0,0,0,0,0,0,1,0
ORD-10616,2024-04-23,Felix White,Floating Wall Shelves Set,0.16365677144541152,0.1223403350456568,-0.4921165670117554,0.19145777741485748,0.849861819520263,0.1415148600523683,0.4057925240745774,0.1647500087552406,-0.5442211674149725,1,1,2,1,0,2024,4,2,0,0,0,0,0,0,0,1,0,0,0,0,0,0,0,0,0,0,0,0,0,0,0,0,0,0,1,0,0,0,1,0,0,0,0,0,1,0
ORD-11373,2024-04-23,Layla Li,Laptop Stand Adjustable,-0.2061890397306598,0.08185664135361805,-0.4921165670117554,-0.03866700241415257,0.17769065073784393,0.018349969193877883,0.5733402446581659,0.12273285724570179,-0.5250762794524094,1,2,2,1,0,2024,4,2,0,0,0,0,0,0,1,0,1,0,0,0,0,0,0,0,0,0,0,0,0,0,0,0,0,0,0,0,1,0,0,1,0,0,0,0,1,0
ORD-11546,2024-04-24,Kenji Sharma,Portable External SSD 1TB,-0.5760348509067311,0.6956701528774569,1.5741531335274555,-0.0959498236599332,-0.29148865510743416,-0.193226082989243,0.20387604029435524,0.49413692435952716,-0.5429008303141061,1,2,1,0,2,2024,4,2,0,1,0,0,0,0,1,0,1,0,0,0,0,0,0,0,0,0,0,0,0,0,0,0,0,0,0,0,1,0,0,0,0,0,0,0,0,1
ORD-11871,2024-04-24,Ethan Li,Smart LED Desk Lamp,-0.2061890397306598,-0.19913298339984653,1.5741531335274555,-0.2723735926085995,-0.6112965901121749,-0.3343494909917989,0.15053285574958017,-0.28779537717536613,-0.49371827330683205,1,2,2,0,2,2024,4,2,0,0,1,0,0,1,0,0,0,0,0,0,0,0,0,0,0,1,0,0,0,0,0,0,0,0,0,0,1,0,1,0,0,0,0,0,0,1
ORD-11999,2024-04-25,Linda Sato,Monitor Riser Wood,-0.9458806620828024,0.01602334506936826,0.19663999983464828,-0.4578956827774992,-1.1685667044018728,-0.46427609073449205,0.11437405280312203,0.003018415731638709,-0.39139214798968475,0,2,2,2,2,2024,4,2,0,1,0,0,0,1,0,0,0,0,0,0,0,0,0,0,0,1,0,0,0,0,0,0,0,0,1,0,0,0,1,0,0,0,0,1,0,0
ORD-10034,2024-04-26,Ali Dubois,Sticky Notes Multicolor 6-Pack,-0.9458806620828024,-0.7624995245909267,-1.180873133858159,-0.5997824335309686,-0.274253496933526,-0.609471065376998,-1.9377275163958732,-0.7446113588331721,2.2159435419462707,0,2,0,1,1,2024,4,2,0,1,0,0,0,0,0,0,0,0,0,0,0,0,0,0,1,0,0,0,0,0,0,0,0,0,0,1,0,0,0,1,0,0,0,0,0,0
ORD-11583,2024-04-26,Wei Li,Mesh Back Task Chair,4.231960694382195,0.43031908892714726,-0.4921165670117554,3.3697262232128145,2.010362469896747,3.3537628193315663,0.5475636722606908,0.4843558825327164,-0.6752646246759643,1,0,1,1,0,2024,4,2,0,0,0,0,1,0,0,0,0,0,0,0,0,0,0,0,0,0,0,0,1,0,0,0,0,0,1,0,0,0,1,0,0,0,0,0,0,0
ORD-11734,2024-04-26,Clara Romano,Webcam HD 1080p,-0.2061890397306598,-0.006551674154541054,0.19663999983464828,-0.1194538201455365,-0.19956781151325748,-0.10794130319171691,0.4598517245192822,-0.019161129819298177,-0.5267267008284924,1,2,2,2,0,2024,4,2,0,0,0,1,0,0,0,0,0,0,0,0,0,0,0,0,0,0,0,0,0,0,0,0,1,0,0,0,1,0,1,0,0,0,0,0,0,0
ORD-10082,2024-04-28,Priya Williams,Cotton Formal Shirt,-0.5760348509067311,-0.05397182626733408,2.2629097003738594,-0.36265090057833044,-0.8276935760734666,-0.38895210789541534,0.18024751559666966,-0.20858271449344867,-0.45245773890475655,0,2,2,3,2,2024,4,2,1,1,0,0,0,1,0,0,0,1,0,0,0,0,0,0,0,0,0,0,0,0,0,0,0,0,0,0,0,0,1,0,0,0,1,0,0,0
ORD-10361,2024-04-28,Lucas Brown,Whiteboard Markers Set 8,0.5335025826214829,-0.8461153779174739,0.19663999983464828,-0.5600164950942582,-0.2761685145084047,-0.5587946020190478,-0.38755309304771385,-0.8444881943886332,0.6213064083748565,0,1,0,2,1,2024,4,2,1,0,1,0,0,1,0,0,0,0,0,0,0,0,0,0,0,0,0,0,0,0,0,0,0,1,0,1,0,0,1,0,0,0,1,0,0,0
ORD-10515,2024-04-28,Oscar Thompson,Standing Desk Converter,-0.9458806620828024,0.8091758361261634,0.8853965666810519,-0.32787858097226547,-0.532780869542149,-0.4011668078152656,0.026662105061713504,0.6881046270658573,-0.4399145364465256,1,2,1,0,2,2024,4,2,1,0,1,0,0,0,0,0,0,0,0,0,0,0,1,0,0,0,0,0,0,0,0,0,0,0,1,0,0,0,0,1,0,0,1,0,0,0
ORD-10640,2024-04-28,Wei Rodriguez,Mesh Back Task Chair,-0.5760348509067311,2.1303819891411075,0.19663999983464828,0.5066048003708775,-0.3680893581025817,0.3994049827649215,0.3868181027264359,2.0815586845051532,-0.6425862814295205,1,2,1,2,0,2024,4,2,1,0,0,0,0,0,0,0,0,0,1,0,0,0,0,0,0,0,0,0,0,0,0,0,0,0,1,0,0,0,1,0,0,0,1,0,0,0
ORD-11108,2024-04-28,Carlos Robinson,Mechanical Gaming Keyboard,-0.9458806620828024,0.6937783914899783,0.8853965666810519,-0.3482190807117531,-0.35659925265330983,-0.3779007127298365,0.18454361099624889,0.5809264504284106,-0.39172223226490144,0,2,1,0,2,2024,4,2,1,1,0,0,0,0,1,0,1,0,0,0,0,0,0,0,0,0,0,0,0,0,0,0,0,0,0,0,1,0,0,0,0,0,1,0,0,0
ORD-11297,2024-04-28,Jessica Martin,Floating Wall Shelves Set,0.16365677144541152,-0.486428479444906,0.8853965666810519,-0.32445363821407414,0.9494427334139546,-0.45467882651175257,-0.20461103061563315,-0.5149635176318564,-0.227010178931816,1,1,3,0,2,2024,4,2,1,0,0,0,0,0,0,0,0,0,0,0,0,0,1,0,0,0,0,0,0,0,0,0,0,0,1,0,0,0,0,1,0,0,1,0,0,0
ORD-10804,2024-04-29,Jamal Khan,USB-C Hub Multiport Adapter,-0.5760348509067311,-0.25929099552166096,2.951666267220263,-0.4402742215635987,0.34238216217741085,-0.5692643448074909,-0.6614291747708875,-0.41302026478904097,-0.06955997965349586,0,2,2,3,1,2024,4,2,0,1,0,0,0,0,1,0,0,0,0,1,0,0,0,0,0,0,0,0,0,0,0,0,0,0,0,0,1,0,1,0,1,0,0,0,0,0
ORD-10342,2024-04-30,Lucas Russo,Tablet Stand Holder,-0.9458806620828024,-0.5626034046473712,-0.4921165670117554,-0.5621080631908637,-1.2566575128462925,-0.5401817259507045,-0.04207542133155366,-0.5460975380946623,0.041348336819283085,0,2,3,1,1,2024,4,2,0,0,1,0,0,1,0,0,0,1,0,0,0,0,0,0,0,0,0,0,0,0,0,0,0,0,0,0,1,0,0,0,0,0,0,0,1,0
ORD-10366,2024-05-04,Amir Li,Standing Desk Converter,-0.2061890397306598,2.4118760835978996,-0.4921165670117554,1.3379246849679047,-0.6247017131363257,1.3720731704301419,0.5565138710098141,2.5405788446028037,-0.6835167315563794,1,2,1,1,0,2024,5,2,1,0,0,0,0,1,0,0,0,1,0,0,0,0,0,0,0,0,0,0,0,0,0,0,0,0,1,0,0,0,0,1,0,1,0,0,0,0
ORD-10456,2024-05-04,Wei Martinez,Travel Backpack 30L,-0.2061890397306598,0.1513473429869929,0.8853965666810519,-0.06455015760964453,-0.1402022666920181,-0.014658803208574602,0.5572298869097438,0.07727167692390571,-0.541250408938023,1,2,2,0,0,2024,5,2,1,1,0,1,0,0,0,0,0,0,0,0,0,0,0,1,0,0,0,0,0,0,0,0,0,0,0,0,0,0,1,0,0,1,0,0,0,0
ORD-10732,2024-05-04,Lucas Russo,Tablet Stand Holder,2.3827316385018396,-0.4294234029688889,0.19663999983464828,0.29083340660482193,3.6362123909687525,0.1901555400903435,0.35280734747976733,-0.4349242880349972,-0.42803150253872785,1,0,3,2,0,2024,5,2,1,0,1,1,0,0,0,0,0,0,0,0,0,0,0,1,0,0,0,0,0,0,0,0,0,0,0,0,1,0,1,0,0,1,0,0,0,0
ORD-11025,2024-05-04,Patricia Weber,Paper Clips Box 500pc,-0.5760348509067311,-0.8473765521757928,-1.180873133858159,-0.6013249650022151,-0.7472628379285617,-0.5939118642886173,-1.3724329634012442,-0.8373246144591381,1.6934201342783866,0,2,0,1,1,2024,5,2,1,0,0,0,0,1,0,0,0,0,0,0,0,0,0,0,0,1,0,0,0,0,0,0,0,0,0,1,0,0,0,0,0,1,0,0,0,0
ORD-11198,2024-05-04,Olivia Williams,Mechanical Gaming Keyboard,0.5335025826214829,0.04830940608233371,-0.4921165670117554,0.3247952435734523,1.319041125365541,0.40056828751919293,0.5976847852557814,0.08787928566565809,-0.5475220101671384,1,1,2,1,0,2024,5,2,1,0,0,0,0,0,0,0,0,0,0,0,0,0,1,0,0,0,0,0,0,0,0,0,0,0,0,0,1,0,1,0,0,1,0,0,0,0
ORD-10167,2024-05-05,Amina Harris,Paper Clips Box 500pc,-0.2061890397306598,-0.8534301886157238,0.19663999983464828,-0.5934815846399448,-0.1593524424408049,-0.6097618915655659,-1.7544274460138274,-0.8517895354706186,1.8815681711518506,0,2,0,2,1,2024,5,2,1,1,0,0,0,0,0,1,0,0,0,0,0,0,0,0,0,0,0,0,0,0,0,0,0,0,0,1,0,0,0,1,0,0,1,0,0,0
ORD-10355,2024-05-05,Nadia Costa,Folding Table Portable,0.16365677144541152,0.496278502637229,-1.180873133858159,0.5449589303423792,0.007254086573640704,0.6391911752391252,0.6127211191543086,0.6303827041724253,-0.6310333317969393,1,1,1,1,0,2024,5,2,1,0,0,0,0,1,0,0,0,1,0,0,0,0,0,0,0,0,0,0,0,0,0,0,0,0,1,0,0,0,0,0,0,0,1,0,0,0
ORD-11414,2024-05-05,Amir Yamamoto,Portable External SSD 1TB,-0.5760348509067311,-0.012983662871967823,0.19663999983464828,-0.2931846951698233,-0.1823326533393493,-0.29646937993083466,0.3470792202803284,-0.025498142833851687,-0.4227501541352622,1,2,2,2,2,2024,5,2,1,0,0,1,0,0,0,0,0,0,0,0,0,0,0,0,0,0,0,0,0,0,0,0,1,0,0,0,1,0,1,0,0,0,1,0,0,0
ORD-10056,2024-05-06,Wei Patel,Laptop Stand Adjustable,-0.5760348509067311,-0.5009319834155741,0.19663999983464828,-0.4752556979793241,-0.19573777636349984,-0.49284976376128464,-0.027039087433026424,-0.5051824758050458,-0.07748200225869431,0,2,3,2,1,2024,5,2,0,0,0,0,0,0,0,0,0,0,1,0,0,0,0,0,0,0,0,0,0,0,0,0,0,0,0,0,1,0,1,0,1,0,0,0,0,0
ORD-10373,2024-05-07,Oscar Kim,Sticky Notes Multicolor 6-Pack,-0.2061890397306598,-0.8222791844352455,0.8853965666810519,-0.5792327769818205,0.3366371094527749,-0.6132518058283802,-1.564683232532413,-0.8267170057173857,1.608588475547719,0,2,0,0,1,2024,5,2,0,1,0,0,1,0,0,0,0,0,0,0,0,0,0,0,0,0,0,0,1,0,0,0,0,0,0,1,0,0,0,1,0,0,0,0,1,0
ORD-10728,2024-05-07,Layla Thomas,Tablet Stand Holder,-0.2061890397306598,-0.45073724793447933,0.8853965666810519,-0.3828345327105726,-0.4083047271750343,-0.40989159347230153,0.14480472855014123,-0.48176307988169625,-0.35475279344064176,0,2,3,0,2,2024,5,2,0,1,0,0,0,0,0,0,0,0,0,0,0,0,0,0,1,0,0,0,0,0,0,0,0,0,0,0,1,0,1,0,0,0,0,0,1,0
ORD-10072,2024-05-08,Maria Anderson,Folding Table Portable,-0.2061890397306598,-0.2579037038375101,-1.180873133858159,-0.21867258172825563,-0.1670125127403198,-0.20362311923054413,0.4440993747208252,-0.1934289877195166,-0.4755636381699188,1,2,2,1,2,2024,5,2,0,0,0,0,0,0,0,1,0,0,0,0,0,0,0,0,0,0,0,0,0,0,0,0,0,0,1,0,0,0,1,0,0,0,0,0,0,1
ORD-10049,2024-05-09,Priya Leroy,Highlighters Neon Pack 6,-0.9458806620828024,-0.8043705099671162,-0.4921165670117554,-0.6097173819898444,-0.18807770606398527,-0.6295380723881807,-3.5387390686390527,-0.7969605967794827,3.6122000261125056,0,2,0,1,1,2024,5,2,0,0,0,0,0,0,1,0,1,0,0,0,0,0,0,0,0,0,0,0,0,0,0,0,0,0,0,1,0,0,0,1,0,0,0,1,0,0
ORD-11626,2024-05-09,Kenji Anderson,Business Casual Blazer,2.3827316385018396,0.32866844370663895,-1.180873133858159,1.9650813787350365,1.7326849215393374,2.8760080980617078,0.9943575938169269,0.4472981325128281,-0.6528188939612352,1,0,1,1,0,2024,5,2,0,1,0,0,0,0,0,1,0,0,0,0,0,0,0,0,0,0,0,0,0,0,0,0,0,0,0,0,0,1,0,0,0,0,0,1,0,0
ORD-10147,2024-05-11,Raj Rodriguez,Noise Cancelling Earbuds,-0.9458806620828024,0.03506707636998464,-1.180873133858159,-0.43444397549431113,-0.5251207992426341,-0.402402819116679,0.4165327625735253,0.12659016951542995,-0.2851050113699383,0,2,2,1,2,2024,5,2,1,0,0,0,0,0,0,0,0,0,1,0,0,0,0,0,0,0,0,0,0,0,0,0,0,0,0,0,1,0,0,1,0,1,0,0,0,0
ORD-10721,2024-05-11,Sarah Robinson,Mechanical Gaming Keyboard,-0.9458806620828024,-0.20266427132313963,1.5741531335274555,-0.513662117153241,0.0015090338490047661,-0.5673012680346579,-0.6062959504762879,-0.29082612253015255,0.20440996877628553,0,2,2,0,1,2024,5,2,1,0,0,0,1,0,0,0,0,0,0,0,0,0,0,0,0,0,1,0,0,0,0,0,0,0,0,0,1,0,1,0,0,1,0,0,0,0
ORD-11448,2024-05-11,Jessica Yamamoto,Canvas Messenger Bag,-0.5760348509067311,-0.38339054254024685,-0.4921165670117554,-0.4201690232349792,0.11832510591660454,-0.3949140447610565,0.38610208682650604,-0.3601199822327691,-0.17881787475019176,0,2,3,1,2,2024,5,2,1,1,0,0,0,0,0,0,0,0,1,0,0,0,0,0,0,0,0,0,0,0,0,0,0,0,0,0,0,1,0,0,0,1,0,0,0,0
ORD-11817,2024-05-11,Ava Harris,Tablet Stand Holder,0.16365677144541152,-0.45805205863272935,-1.180873133858159,-0.24638585900827728,-0.02338619462441831,-0.1861008413693303,0.5855125149569735,-0.41205593672160895,-0.44090478927217536,1,1,3,1,2,2024,5,2,1,0,0,1,0,0,0,0,0,0,0,0,0,0,0,1,0,0,0,0,0,0,0,0,0,0,0,0,1,0,1,0,0,1,0,0,0,0
ORD-11735,2024-05-12,James Ahmed,Leather Wallet Minimalist,0.5335025826214829,-0.20115086221315684,-1.180873133858159,0.11665807336000651,-0.5270358168175128,0.3916253822207312,0.9467425364715909,-0.13143646909888554,-0.6089176853574269,1,1,2,1,0,2024,5,2,1,1,0,0,0,1,0,0,0,0,0,0,0,0,0,0,0,0,0,0,0,0,0,0,0,1,0,0,0,1,0,0,0,0,1,0,0,0
ORD-10900,2024-05-14,Olga Thompson,Sports Water Bottle 750ml,-0.9458806620828024,-0.6660196938295262,-0.4921165670117554,-0.5824747075315588,-1.0191953335613353,-0.5655563109032505,-0.413329665445189,-0.6534134758845993,0.5579302275332685,0,2,3,1,1,2024,5,2,0,0,0,1,0,0,0,0,0,0,0,0,0,0,0,0,0,0,0,0,0,0,1,0,0,0,0,0,0,0,0,1,0,0,0,0,1,0
ORD-11104,2024-05-14,Zara White,Ballpoint Pen Pack 12,0.5335025826214829,-0.787596892331474,-0.4921165670117554,-0.4983152362443987,0.7751761340999941,-0.5030286803611599,-0.006632634285025369,-0.7794649304132156,0.35690890392635655,0,1,0,1,1,2024,5,2,0,0,0,0,1,0,0,0,0,0,0,0,0,0,0,0,0,0,0,0,0,0,0,1,0,0,0,1,0,0,1,0,0,0,0,0,1,0
ORD-11572,2024-05-15,Priya Kumar,Cotton Formal Shirt,-0.2061890397306598,-0.0863840047061313,-1.180873133858159,-0.11200260880137974,-0.7376877500541682,0.08167737175453028,0.9109417414750977,-0.006073820332720468,-0.5759092578357665,1,2,2,1,0,2024,5,2,0,0,0,1,0,0,0,0,0,0,0,0,0,0,0,0,0,0,0,0,0,0,0,0,1,0,0,0,0,0,0,1,0,0,0,0,0,1
ORD-11924,2024-05-15,Ethan Kumar,Tablet Stand Holder,1.6430400161496967,-0.5173272487737205,0.8853965666810519,-0.05900750215364017,1.1486045612013378,-0.15112899219404471,0.23896081939091868,-0.543617837349837,-0.4418950420978252,1,0,3,0,2,2024,5,2,0,1,0,0,0,1,0,0,0,0,0,0,0,0,0,0,0,1,0,0,0,0,0,0,0,0,0,0,1,0,1,0,0,0,0,0,0,1
ORD-10835,2024-05-16,Ingrid Müller,Binder Clips Assorted 48pc,0.16365677144541152,-0.768174808753362,0.8853965666810519,-0.5230218843855502,0.08959984229342417,-0.5302936355393971,-0.16558816406945548,-0.7764341850584293,0.31927929655166376,0,1,0,0,1,2024,5,2,0,1,0,0,0,1,0,0,0,0,0,0,0,0,0,0,0,0,0,0,0,0,0,0,0,1,0,1,0,0,1,0,0,0,0,1,0,0
ORD-11432,2024-05-16,Mia Sharma,Laptop Stand Adjustable,-0.5760348509067311,-0.24075173392437224,0.19663999983464828,-0.37818079369562557,-0.561506133165329,-0.37397455918417033,0.31020440143394024,-0.24936001563057492,-0.38875147378795194,0,2,2,2,2,2024,5,2,0,0,0,1,0,0,0,0,0,0,0,0,0,0,0,1,0,0,0,0,0,0,0,0,0,0,0,0,1,0,1,0,0,0,0,1,0,0
ORD-11877,2024-05-16,Karen Ferrari,Desk Organizer Set,-0.9458806620828024,-0.29700010584539793,0.8853965666810519,-0.5228127275758896,-1.2011220031748104,-0.5353103872921928,-0.22501748376363434,-0.3390425259017545,-0.20852545951968615,0,2,2,0,1,2024,5,2,0,0,0,0,0,1,0,0,0,0,0,0,0,0,0,0,0,0,0,0,0,0,0,0,0,1,1,0,0,0,0,1,0,0,0,1,0,0
ORD-10224,2024-05-17,Sophie Schmidt,Smart LED Desk Lamp,-0.2061890397306598,-0.5943849959570091,0.19663999983464828,-0.44848362634277494,0.5281388669406436,-0.4913956328184454,-0.11689908287422462,-0.5970691645160701,0.005039066545456708,0,2,3,2,1,2024,5,2,0,0,0,0,0,0,1,0,1,0,0,0,0,0,0,0,0,0,0,0,0,0,0,0,0,0,0,0,1,0,1,0,0,0,0,0,0,0
ORD-11144,2024-05-17,Sakura Smith,Business Casual Blazer,1.6430400161496967,-0.282370484448898,0.8853965666810519,0.27219230594382626,-0.23020809271131648,0.37439393054808523,0.6367076518019589,-0.32540417180521575,-0.6141990337608926,1,0,2,0,0,2024,5,2,0,1,0,0,0,1,0,0,0,0,0,0,0,0,0,0,0,1,0,0,0,0,0,0,0,0,0,0,0,0,1,0,0,0,0,0,0,0
ORD-10169,2024-05-18,Hanna Robinson,Desk Organizer Set,0.9033483937975542,-0.5895925337753971,1.5741531335274555,-0.2998777130789606,0.9188024522158955,-0.4743823007872253,-0.31845755870448184,-0.6290297518938176,-0.2679406290586749,1,1,3,0,2,2024,5,2,1,0,0,1,0,0,0,0,0,0,0,0,0,0,0,1,0,0,0,0,0,0,0,0,0,0,1,0,0,0,0,1,0,1,0,0,0,0
ORD-10396,2024-05-18,John Laurent,Mesh Back Task Chair,-0.9458806620828024,2.8158301985374634,-0.4921165670117554,0.10324589294052434,-0.7415177852039259,0.11155976262987828,0.48777634461654695,2.95978603163076,-0.6201405507147915,1,2,1,1,0,2024,5,2,1,0,0,1,0,0,0,0,0,0,0,0,0,0,0,0,0,0,0,0,0,0,0,0,1,0,1,0,0,1,0,0,0,1,0,0,0,0
ORD-11152,2024-05-18,Jessica Russo,Mesh Back Task Chair,0.9033483937975542,0.9873797588266326,-1.180873133858159,1.7449961257697324,0.5166487614913714,1.9547434392258571,0.6542500413502407,1.1668246319696194,-0.6693231077220654,1,1,1,1,0,2024,5,2,1,0,1,0,0,0,0,0,0,0,0,0,0,0,1,0,0,0,0,0,0,0,0,0,0,0,1,0,0,1,0,0,0,1,0,0,0,0
ORD-11650,2024-05-18,Mary Garcia,Cotton Formal Shirt,-0.2061890397306598,-0.49134705905235,0.19663999983464828,-0.3908086360788808,-0.32021391873061456,-0.3592878366614933,0.4415933190710707,-0.495814717435706,-0.3263655457720138,0,2,3,2,2,2024,5,2,1,0,1,0,0,1,0,0,0,0,0,0,0,0,0,0,0,0,0,0,0,0,0,0,0,1,0,0,0,0,0,1,0,1,0,0,0,0
ORD-10582,2024-05-19,Robert Thompson,Desk Calendar 2025,-0.5760348509067311,-0.7954161727330517,-1.180873133858159,-0.5797818136071794,-0.06934661642150683,-0.5866412095744208,-0.9345892405941313,-0.7805670196331381,1.2913774870645627,0,2,0,1,1,2024,5,2,1,1,0,0,0,0,0,0,0,0,0,0,0,0,0,0,1,0,0,0,0,0,0,0,0,0,0,1,0,0,1,0,0,0,1,0,0,0
ORD-11696,2024-05-20,Sophie Martin,Mechanical Gaming Keyboard,0.5335025826214829,0.6946612134708016,2.951666267220263,0.541586276786603,0.11258005319196861,0.02453002570094505,-0.05675374728011592,0.3164250376470514,-0.6267422362191235,1,1,1,3,0,2024,5,2,0,1,0,0,0,1,0,0,0,1,0,0,0,0,0,0,0,0,0,0,0,0,0,0,0,0,0,0,1,0,1,0,1,0,0,0,0,0
ORD-10796,2024-05-21,David Smith,Wireless Ergonomic Mouse,-0.2061890397306598,-0.6570653565954615,-0.4921165670117554,-0.47522955337811656,0.9877430849115282,-0.5236046332023363,-0.27764465240847946,-0.6440457175152594,0.25953404273745845,0,2,3,1,1,2024,5,2,0,0,0,0,1,0,0,0,0,0,0,0,0,0,0,0,0,0,0,0,0,0,0,1,0,0,0,0,1,0,1,0,0,0,0,0,1,0
ORD-11791,2024-05-21,Mia Jones,Binder Clips Assorted 48pc,-0.2061890397306598,-0.8584748856489997,-0.4921165670117554,-0.5942397780749643,-0.12488212609298859,-0.6092529457355722,-1.7580075255134768,-0.8530293858430312,1.9716811782859835,0,2,0,1,1,2024,5,2,0,1,0,0,0,0,0,0,0,0,0,0,0,0,1,0,0,0,0,0,0,0,0,0,0,0,0,1,0,0,1,0,0,0,0,0,1,0
ORD-10104,2024-05-22,Olivia Wang,Highlighters Neon Pack 6,0.16365677144541152,-0.8082801501679051,-0.4921165670117554,-0.5416368404453383,1.0413635770081315,-0.5765349995216875,-0.7022420810668899,-0.8009556702017011,0.998592734947435,0,1,0,1,1,2024,5,2,0,0,0,0,0,0,0,0,0,0,0,0,0,0,0,0,1,0,0,0,0,0,0,0,0,0,0,1,0,0,1,0,0,0,0,0,0,1
ORD-10291,2024-05-23,Emma Dubois,Webcam HD 1080p,-0.5760348509067311,0.18792139647824285,-1.180873133858159,-0.17208290237637008,-0.6227866955614471,-0.07035201831932049,0.6986430271458924,0.29355668633366305,-0.5452114202406223,1,2,2,1,0,2024,5,2,0,0,1,1,0,0,0,0,0,0,0,0,0,0,0,0,0,0,0,0,0,0,1,0,0,0,0,0,1,0,0,0,0,0,0,1,0,0
ORD-10016,2024-05-24,Richard Brown,Noise Cancelling Earbuds,-0.5760348509067311,0.4849279343123583,-1.180873133858159,-0.048941830688726665,-0.7472628379285617,0.08843908063873306,0.7501961719408426,0.6179842004482989,-0.5927435558718133,1,2,1,1,0,2024,5,2,0,0,0,1,0,0,0,0,0,0,0,0,0,0,0,0,0,0,0,0,0,0,0,0,1,0,0,0,1,1,0,0,0,0,0,0,0,0
ORD-10359,2024-05-24,Marco Santos,Corner L-Shaped Desk,3.492269072030053,1.617210183431122,-1.180873133858159,6.217187029931418,3.3930051589591588,6.820265573966219,0.6735824706483471,1.8548038275061343,-0.6871476585837621,1,0,1,1,0,2024,5,2,0,0,0,0,0,1,0,0,0,0,0,0,0,0,0,0,0,1,0,0,0,0,0,0,0,0,1,0,0,0,1,0,0,0,0,0,0,0
ORD-10989,2024-05-24,David Laurent,Leather Belt Classic,-0.9458806620828024,-0.3140259583327039,1.5741531335274555,-0.5321463502069912,-1.1379264232038138,-0.5225140349952069,-0.01701486483400839,-0.3882232573407885,-0.13260607621986725,0,2,2,0,1,2024,5,2,0,0,0,0,0,1,0,0,0,0,0,0,0,0,0,0,0,0,0,0,0,0,0,0,0,1,0,0,0,0,1,0,0,0,0,0,0,0
ORD-11568,2024-05-24,James Brown,Binder Clips Assorted 48pc,-0.2061890397306598,-0.7988213432305128,0.19663999983464828,-0.5629185458282983,-0.8391836815227388,-0.5414904437992599,-0.058185779079975616,-0.798062685999405,0.31696870662514753,0,2,0,2,1,2024,5,2,0,0,0,1,0,0,0,0,0,0,0,0,0,0,0,1,0,0,0,0,0,0,0,0,0,0,0,1,0,0,0,1,0,0,0,0,0,0
ORD-11021,2024-05-25,Oscar Anderson,Leather Belt Classic,-0.9458806620828024,-0.2769474351381265,-1.180873133858159,-0.4991257188818333,-0.3144688660059786,-0.4727100502029601,0.28836591648607934,-0.21423092174555067,-0.0022227875093085445,0,2,2,1,2,2024,5,2,1,1,0,0,0,0,0,0,0,0,0,0,0,0,1,0,0,0,0,0,0,0,0,0,0,0,0,0,0,0,0,1,0,1,0,0,0,0
ORD-11160,2024-05-25,Clara Romano,Ballpoint Pen Pack 12,-0.5760348509067311,-0.7458520243811164,0.19663999983464828,-0.5666572238009805,-0.5538460628658145,-0.5574858841704924,-0.3295558051533947,-0.745988970358075,0.5678327557897666,0,2,0,2,1,2024,5,2,1,0,0,0,0,0,0,0,0,0,0,0,0,0,1,0,0,0,0,0,0,0,0,0,0,0,0,1,0,0,1,0,0,1,0,0,0,0
ORD-11462,2024-05-25,Amina Russo,Business Casual Blazer,0.16365677144541152,-0.1795847823959026,-0.4921165670117554,-0.046379659770385065,-0.24361321573546701,0.11119622989416847,0.7938731418365644,-0.1485188520076817,-0.5547838642219038,1,1,2,1,0,2024,5,2,1,1,0,0,0,0,0,0,0,0,0,0,0,0,1,0,0,0,0,0,0,0,0,0,0,0,0,0,0,1,0,0,0,1,0,0,0,0
ORD-10631,2024-05-26,Michael Ferrari,Filing Cabinet 3-Drawer,-0.9458806620828024,0.5129260028470393,-1.180873133858159,-0.3353820815188374,-0.6457669064599915,-0.3153003756406038,0.4161747546235604,0.6485671763011436,-0.44981706470302374,1,2,1,1,2,2024,5,2,1,0,0,0,0,0,0,0,0,0,1,0,0,0,0,0,0,0,0,0,0,0,0,0,0,0,1,0,0,0,0,0,0,0,1,0,0,0
ORD-10936,2024-05-26,Jamal Williams,Tablet Stand Holder,-0.9458806620828024,-0.44001726673876823,-1.180873133858159,-0.5329306882432183,-0.9023792614937355,-0.5113172267353441,0.13191644235140368,-0.39235609191549725,-0.022357928297521493,0,2,3,1,1,2024,5,2,1,1,0,1,0,0,0,0,0,0,0,0,0,0,0,1,0,0,0,0,0,0,0,0,0,0,0,0,1,0,0,1,0,0,1,0,0,0
ORD-11287,2024-05-26,James White,Wireless Bluetooth Headphones,1.6430400161496967,1.235704970289636,0.19663999983464828,2.5913230114599037,1.9222716614523279,2.743173236433336,0.6091410396546593,1.202091487007134,-0.6643718435938164,1,0,1,2,0,2024,5,2,1,1,0,0,1,0,0,0,0,0,0,0,0,0,0,0,0,0,0,0,0,0,0,1,0,0,0,0,1,1,0,0,0,0,1,0,0,0
ORD-10059,2024-05-27,William Ferrari,Mechanical Gaming Keyboard,0.9033483937975542,1.2828728875507653,0.19663999983464828,1.8379401830626352,1.6292739724958885,1.939475064326044,0.5944627137060968,1.2483792342438718,-0.6511684725851522,1,1,1,2,0,2024,5,2,0,0,0,1,0,0,0,0,0,0,0,0,1,0,0,0,0,0,0,0,0,0,0,0,0,0,0,0,1,1,0,0,1,0,0,0,0,0
ORD-10335,2024-05-27,Olivia Davis,Binder Clips Assorted 48pc,0.5335025826214829,-0.7836872521306852,0.8853965666810519,-0.5090868119419166,1.7633252027373965,-0.5755898144088419,-0.696155945917486,-0.7908991060699099,0.8087942766978876,0,1,0,0,1,2024,5,2,0,0,1,0,0,0,1,0,0,0,0,1,0,0,0,0,0,0,0,0,0,0,0,0,0,0,0,1,0,0,0,1,1,0,0,0,0,0
ORD-10595,2024-05-27,Richard Johnson,Wireless Ergonomic Mouse,-0.5760348509067311,-0.5222458283811645,-1.180873133858159,-0.4665234011759965,0.0819397719939096,-0.4655848085830474,0.14695277624993092,-0.48217636333916714,-0.03655155213183545,0,2,3,1,2,2024,5,2,0,0,0,0,1,0,0,0,0,0,0,0,0,0,0,0,0,0,0,0,1,0,0,0,0,0,0,0,1,0,0,0,1,0,0,0,0,0
ORD-10614,2024-05-27,Lucas Williams,Monitor Riser Wood,-0.2061890397306598,-0.4772219073591775,-1.180873133858159,-0.35506896622813583,0.13939029924027033,-0.3669947306585416,0.2572192248391302,-0.4329956319001331,-0.3032596465068515,0,2,3,1,2,2024,5,2,0,1,0,1,0,0,0,0,0,0,0,0,1,0,0,0,0,0,0,0,0,0,0,0,0,0,1,0,0,0,0,0,1,0,0,0,0,0
ORD-10790,2024-05-27,Emma Nilsson,Noise Cancelling Earbuds,-0.5760348509067311,-0.017776125053579818,-0.4921165670117554,-0.27616455978369675,0.15471043983929983,-0.25888009505843823,0.4315690964720525,0.019274231725492978,-0.3946929907418509,1,2,2,1,2,2024,5,2,0,1,0,0,0,0,0,0,0,0,1,0,0,0,0,0,0,0,0,0,0,0,0,0,0,0,0,0,1,0,0,1,1,0,0,0,0,0
ORD-11173,2024-05-27,Barbara Ali,Tape Dispenser Heavy Duty,2.012885827325768,-0.6638756975903839,-1.180873133858159,-0.14659191619899167,1.7556651324378818,0.006644215104021368,0.8282419050331981,-0.6368821375857643,-0.33461765265242893,1,0,3,1,0,2024,5,2,0,0,1,0,0,0,0,0,0,0,0,0,0,0,0,0,1,0,0,0,0,0,0,0,0,0,0,1,0,0,1,0,1,0,0,0,0,0
ORD-11324,2024-05-27,Omar Nilsson,Portable External SSD 1TB,4.231960694382195,0.8767747763720596,0.19663999983464828,4.408503518391891,1.8801412748049962,4.710030749717799,0.6334855802522746,0.8492851754794979,-0.6868175743085454,1,0,1,2,0,2024,5,2,0,0,0,1,0,0,0,0,0,0,0,0,0,0,0,0,0,0,0,0,0,0,1,0,0,0,0,0,1,1,0,0,1,0,0,0,0,0
ORD-10364,2024-05-28,Yuki Johnson,Leather Wallet Minimalist,-0.2061890397306598,-0.2900636474246437,0.19663999983464828,-0.27815154947547194,-0.2799985496581623,-0.22165434292175165,0.572982236708201,-0.2978519413071575,-0.4478365590517241,1,2,2,2,2,2024,5,2,0,1,0,1,0,0,0,0,0,0,0,0,0,1,0,0,0,0,0,0,0,0,0,0,0,0,0,0,0,0,0,1,0,0,0,0,1,0
ORD-10445,2024-05-28,Giulia Miller,Premium Notebook Set A5,-0.9458806620828024,-0.6317157540032504,0.19663999983464828,-0.5787360295588767,-1.0594107026337878,-0.5550865681148075,-0.18778465696728133,-0.6337136310784875,0.4371193828039913,0,2,3,2,1,2024,5,2,0,0,0,0,0,1,0,0,0,0,0,0,0,0,0,0,0,1,0,0,0,0,0,0,0,0,0,1,0,0,0,1,0,0,0,0,1,0
ORD-10584,2024-05-28,Fatima Smith,Polarized Sunglasses,0.9033483937975542,0.08349616788943282,-1.180873133858159,0.6207259846419101,1.9509969250755077,0.9984342246675789,0.9012755268260443,0.17949045207170186,-0.5669969824049182,1,1,2,1,0,2024,5,2,0,0,0,0,0,0,1,0,0,0,0,0,0,0,0,0,0,0,0,0,0,0,0,0,0,0,0,0,0,0,1,0,0,0,0,0,1,0
ORD-11658,2024-05-29,Hanna Kim,Desk Calendar 2025,-0.9458806620828024,-0.7390416833861939,-1.180873133858159,-0.5949195377063611,-0.10381693276932313,-0.6085258802641526,-1.751921390364073,-0.7189877844699778,2.0439696345584197,0,2,0,1,1,2024,5,2,0,0,0,0,1,0,0,0,0,0,0,0,0,0,0,0,0,0,0,1,0,0,0,0,0,0,0,1,0,0,1,0,0,0,0,0,0,1
ORD-11765,2024-05-29,Emma Weber,Whiteboard Markers Set 8,0.16365677144541152,-0.7312224029846164,0.19663999983464828,-0.4889554690120896,0.04172440292145701,-0.47205569127868235,0.22356647754242656,-0.7315240493465943,0.057852550580113286,0,1,0,2,2,2024,5,2,0,1,0,0,0,0,1,0,0,0,0,1,0,0,0,0,0,0,0,0,0,0,0,0,0,0,0,1,0,1,0,0,0,0,0,0,0,1
ORD-10441,2024-05-30,Susan Kumar,Wireless Bluetooth Headphones,-0.9458806620828024,1.244154837820373,0.19663999983464828,-0.22876439779437668,-1.074730843232817,-0.19293525680067514,0.5071087739146534,1.2103571561565514,-0.5702978251570842,1,2,1,2,2,2024,5,2,0,0,0,0,0,1,0,0,0,1,0,0,0,0,0,0,0,0,0,0,0,0,0,0,0,0,0,0,1,0,1,0,0,0,0,1,0,0
ORD-10898,2024-05-31,Diego Schmidt,Monitor Riser Wood,-0.9458806620828024,-0.07755578489789854,-1.180873133858159,-0.45779110437266896,-0.1555224072910476,-0.4700926145058493,0.07105509085736512,0.00356946034159996,-0.1316158233942174,0,2,2,1,2,2024,5,2,0,0,0,0,1,0,0,0,0,0,0,0,0,0,0,0,0,0,0,0,1,0,0,0,0,0,1,0,0,0,0,1,0,0,0,0,0,0
ORD-11164,2024-05-31,Sophie Weber,Wireless Ergonomic Mouse,0.5335025826214829,-0.5725666812880911,0.8853965666810519,-0.3230941189512806,0.397917671848893,-0.38189957282264464,0.09504162350501569,-0.5948649860762255,-0.3092011634607504,1,1,3,0,2,2024,5,2,0,0,0,0,0,1,0,0,0,0,0,0,0,0,0,0,0,0,0,0,0,0,0,0,0,1,0,0,1,0,0,1,0,0,0,0,0,0
ORD-11588,2024-06-01,Joseph Martinez,Whiteboard Markers Set 8,-0.5760348509067311,-0.8160994305694825,0.8853965666810519,-0.5951286945160216,-0.5423559574165422,-0.6006735731728202,-1.4937976584393564,-0.8210687984652837,1.5432317890548313,0,2,0,0,1,2024,6,2,1,0,0,0,0,0,0,1,0,0,0,0,0,0,0,0,0,0,0,0,0,0,0,0,0,0,0,1,0,0,1,0,0,1,0,0,0,0
ORD-11686,2024-06-02,Li Khan,Floating Wall Shelves Set,1.2731942049736253,0.05423692509643281,0.8853965666810519,0.5741885944924396,-0.24169819816058838,0.325535130868684,0.2461209783902173,-0.012824116804744866,-0.6425862814295205,1,1,2,0,0,2024,6,2,1,0,1,1,0,0,0,0,0,0,0,0,0,1,0,0,0,0,0,0,0,0,0,0,0,0,1,0,0,0,1,0,0,0,1,0,0,0
ORD-10117,2024-06-03,Nadia Pereira,Whiteboard Markers Set 8,-0.5760348509067311,-0.6899820047375863,0.19663999983464828,-0.5457938320373414,-0.07509166914614276,-0.5466526086463395,-0.2626083185099523,-0.6910222705144486,0.5061069963242617,0,2,0,2,1,2024,6,2,0,0,0,0,0,0,0,0,0,0,0,0,0,0,1,0,0,0,0,0,0,0,0,0,0,0,0,1,0,0,0,0,1,0,0,0,0,0
ORD-11074,2024-06-03,Wei Taylor,Standing Desk Converter,-0.5760348509067311,1.6666482143572252,-0.4921165670117554,0.387280840459539,-0.021471177049539665,0.37519370256664675,0.4849122810168276,1.7671877345223088,-0.6174998765130586,1,2,1,1,0,2024,6,2,0,0,1,0,0,0,0,0,0,0,0,0,0,0,0,0,1,0,0,0,0,0,0,0,0,0,1,0,0,0,1,0,1,0,0,0,0,0
ORD-10345,2024-06-04,Michael Yamamoto,Standing Desk Converter,-0.5760348509067311,1.754678177587889,-0.4921165670117554,0.4219485816607736,-0.892804173619342,0.4438286830686626,0.529305266812479,1.858661139775862,-0.6584303266399175,1,2,1,1,0,2024,6,2,0,0,0,0,0,1,0,0,0,0,0,0,0,0,0,0,0,0,0,0,0,0,0,0,0,1,1,0,0,1,0,0,0,0,0,0,1,0
ORD-11815,2024-06-04,Joseph Johansson,Mesh Back Task Chair,-0.5760348509067311,2.009309260342487,-1.180873133858159,0.5830777589030127,-1.180056809851145,0.7266571514509101,0.6635582480493288,2.283103250598449,-0.6779052988776971,1,2,1,1,0,2024,6,2,0,0,0,0,0,1,0,0,0,0,0,0,0,0,0,0,0,1,0,0,0,0,0,0,0,0,1,0,0,0,1,0,0,0,0,0,1,0
ORD-10157,2024-06-05,Xiao Kumar,Silk Tie Collection,-0.9458806620828024,-0.49626563865979395,-0.4921165670117554,-0.5490357625870799,-0.6266167307112044,-0.5364009854993222,-0.08897446277695982,-0.4772169618495167,0.2588738741870252,0,2,3,1,1,2024,6,2,0,0,1,0,0,0,0,1,0,0,0,0,0,0,0,0,0,0,0,0,0,0,0,0,0,0,0,0,0,1,0,0,0,0,0,0,0,1
ORD-11803,2024-06-07,Wei Costa,Polarized Sunglasses,-0.9458806620828024,-0.32159300388261775,1.5741531335274555,-0.5334012910649545,-0.371919393252339,-0.5529780782476905,-0.40044137924645146,-0.39483579266032254,0.2199239297114659,0,2,2,0,1,2024,6,2,0,0,1,0,0,0,1,0,0,0,0,0,0,0,0,0,0,0,0,0,0,0,0,0,0,0,0,0,0,0,1,0,0,0,0,0,0,0
ORD-10734,2024-06-08,Elizabeth Taylor,Highlighters Neon Pack 6,-0.9458806620828024,-0.7923893545130861,-1.180873133858159,-0.6059787040171621,-0.8162034706241944,-0.5984196702114193,-1.6949981263196485,-0.7772607519733711,1.9904959819733303,0,2,0,1,1,2024,6,2,1,1,0,1,0,0,0,0,0,0,0,0,0,0,0,1,0,0,0,0,0,0,0,0,0,0,0,1,0,0,1,0,0,1,0,0,0,0
ORD-10302,2024-06-09,Emma Tanaka,Monitor Riser Wood,-0.2061890397306598,-0.5923671171436988,0.8853965666810519,-0.4576865259678387,0.3232319864286241,-0.5398908997621366,-0.4405382696425239,-0.6131872193574343,-0.009484641564073913,0,2,3,0,1,2024,6,2,1,0,1,0,0,0,1,0,0,0,0,0,0,0,0,0,0,0,0,0,0,0,0,0,0,0,1,0,0,0,0,1,0,0,1,0,0,0
ORD-11365,2024-06-09,Olga Romano,Cotton Formal Shirt,-0.2061890397306598,-0.11942677027408816,-0.4921165670117554,-0.15759879330737767,-0.4083047271750343,-0.02905469954268389,0.7673805535391596,-0.08611304992957973,-0.5303576278558751,1,2,2,1,0,2024,6,2,1,0,0,0,0,1,0,0,0,1,0,0,0,0,0,0,0,0,0,0,0,0,0,0,0,0,0,0,0,0,0,1,0,0,1,0,0,0
ORD-11759,2024-06-09,Amir Hassan,Canvas Messenger Bag,-0.2061890397306598,-0.553144597709979,0.19663999983464828,-0.4253979434764927,-0.15360738971616894,-0.40843746252946217,0.3298948386820116,-0.5565673856839245,-0.22370933617964991,0,2,3,2,2,2024,6,2,1,0,0,0,0,1,0,0,0,0,0,0,0,0,0,0,0,0,0,0,0,0,0,0,0,1,0,0,0,0,1,0,0,0,1,0,0,0
ORD-11750,2024-06-10,Olga Robinson,Cotton Formal Shirt,-0.9458806620828024,-0.5900970034787246,-0.4921165670117554,-0.5675199956408302,-1.1475015110782072,-0.5409814979692661,-0.0023365388854461387,-0.5746140966601526,0.17899347958460704,0,2,3,1,1,2024,6,2,0,0,0,0,0,1,0,0,0,0,0,0,0,0,0,0,0,0,0,0,0,0,0,0,0,1,0,0,0,1,0,0,1,0,0,0,0,0
ORD-10557,2024-06-12,Joseph Russo,Wool Blend Scarf,0.5335025826214829,-0.2990179846587083,0.19663999983464828,-0.04964773492133102,1.4473473028824133,-0.0047707127972672365,0.546489648410796,-0.3066686550665361,-0.4234103226856954,1,1,2,2,0,2024,6,2,0,0,0,0,0,0,0,1,0,0,0,0,0,0,0,0,0,0,0,0,0,0,0,0,0,0,0,0,0,1,0,0,0,0,0,0,0,1
ORD-10897,2024-06-12,Karen Smith,Tablet Stand Holder,-0.2061890397306598,-0.36850868629208305,-1.180873133858159,-0.28745902750536595,0.055129525945607875,-0.24048533863152086,0.5375394496616727,-0.3142455184535021,-0.3966734963931504,1,2,3,1,2,2024,6,2,0,0,0,0,0,0,1,0,0,0,0,1,0,0,0,0,0,0,0,0,0,0,0,0,0,0,0,0,1,0,1,0,0,0,0,0,0,1
ORD-11738,2024-06-12,Chen Tanaka,Wireless Ergonomic Mouse,0.16365677144541152,-0.09344658055271751,0.8853965666810519,-0.04745158841989532,-0.021471177049539665,-0.09536307053615686,0.34278312488074913,-0.15003422468507488,-0.5372893976354237,1,1,2,0,0,2024,6,2,0,1,0,0,0,0,0,0,0,0,1,0,0,0,0,0,0,0,0,0,0,0,0,0,0,0,0,0,1,0,0,1,0,0,0,0,0,1
ORD-11737,2024-06-14,Sarah Jackson,Noise Cancelling Earbuds,-0.5760348509067311,1.4392584955823164,0.8853965666810519,0.19969332679524138,0.45153816394549606,0.12922745358537596,0.375719856277523,1.2730384805396342,-0.5676571509553514,1,2,1,0,0,2024,6,2,0,1,0,0,1,0,0,0,0,0,0,0,0,0,0,0,0,0,0,0,1,0,0,0,0,0,0,0,1,1,0,0,0,0,0,0,0,0
ORD-10547,2024-06-15,Olivia Pereira,Cotton Formal Shirt,-0.9458806620828024,-0.39902910334340197,-0.4921165670117554,-0.5298717699019329,-1.411773936411466,-0.48136212931285405,0.4791841538173885,-0.37623803707413317,-0.2649698705817254,0,2,3,1,1,2024,6,2,1,0,1,0,0,1,0,0,0,0,0,0,0,0,0,0,0,0,0,0,0,0,0,0,0,1,0,0,0,0,0,1,0,1,0,0,0,0
ORD-10882,2024-06-15,Yuki Thompson,Paper Clips Box 500pc,-0.5760348509067311,-0.8787797912079349,-0.4921165670117554,-0.6153123266482637,-0.7300276797546537,-0.6171779593740465,-3.5319369175897193,-0.8742446033265361,3.6039479192320902,0,2,0,1,1,2024,6,2,1,0,1,0,0,1,0,0,0,1,0,0,0,0,0,0,0,0,0,0,0,0,0,0,0,0,0,1,0,0,0,1,0,1,0,0,0,0
ORD-11303,2024-06-15,Ahmed Singh,Noise Cancelling Earbuds,0.5335025826214829,1.483904064326808,-0.4921165670117554,1.7384076862654254,0.2753565470566569,2.0954306079455614,0.7340858141924209,1.577628388695668,-0.6736142032998812,1,1,1,1,0,2024,6,2,1,1,0,0,0,1,0,0,0,0,0,0,0,0,0,0,0,1,0,0,0,0,0,0,0,0,0,0,1,0,0,0,0,1,0,0,0,0
ORD-11882,2024-06-16,Liam Kim,Floating Wall Shelves Set,-0.5760348509067311,-0.28728906405634197,-1.180873133858159,-0.36910861707659964,-0.3144688660059786,-0.36539518662141834,0.31664854453330904,-0.22552733624975455,-0.3580536361928078,0,2,2,1,2,2024,6,2,1,0,0,1,0,0,0,0,0,0,0,0,0,0,0,1,0,0,0,0,0,0,0,0,0,0,1,0,0,0,0,1,0,0,1,0,0,0
ORD-10227,2024-06-18,Linda Suzuki,Polarized Sunglasses,0.5335025826214829,-0.14994718732540704,-0.4921165670117554,0.1295735063565449,-0.5136306937933619,0.35323632532977317,0.8540184774306732,-0.11779811500234678,-0.6102380224582933,1,1,2,1,0,2024,6,2,0,1,0,0,0,1,0,0,0,1,0,0,0,0,0,0,0,0,0,0,0,0,0,0,0,0,0,0,0,0,1,0,0,0,0,0,1,0
ORD-10556,2024-06-18,Pierre Jackson,Bookshelf 5-Tier,0.9033483937975542,0.14037512693961787,0.19663999983464828,0.5589724365896354,1.8724812045054817,0.3628335895525126,0.2987481470350624,0.12521255799052713,-0.5617156340014525,1,1,2,2,0,2024,6,2,0,1,0,0,0,0,1,0,0,0,0,0,0,0,0,0,0,0,0,0,0,0,0,0,0,0,1,0,0,0,1,0,0,0,0,0,1,0
ORD-10884,2024-06-18,Barbara Dubois,Laptop Stand Adjustable,0.16365677144541152,-0.250841127990924,0.19663999983464828,-0.13046069725392248,-0.41404977989967023,-0.1117220436430992,0.47560407431773916,-0.25927881860987584,-0.5415804932132395,1,1,2,2,0,2024,6,2,0,1,0,0,0,1,0,0,0,1,0,0,0,0,0,0,0,0,0,0,0,0,0,0,0,0,0,0,1,0,1,0,0,0,0,0,1,0
ORD-11188,2024-06-19,Xiao Johnson,Polarized Sunglasses,-0.5760348509067311,-0.4277838764330743,-0.4921165670117554,-0.4376597614428419,-0.9272744899671582,-0.3782642454655464,0.594104705756132,-0.4061322071645264,-0.37059683865103876,0,2,3,1,2,2024,6,2,0,0,0,0,0,1,0,0,0,0,0,0,0,0,0,0,0,1,0,0,0,0,0,0,0,0,0,0,0,0,0,1,0,0,0,0,0,1
ORD-11340,2024-06-19,Carlos Thompson,Wireless Bluetooth Headphones,-0.9458806620828024,1.7778837839409578,-0.4921165670117554,-0.10115259930023918,-0.3221289363054932,-0.03588911497402867,0.5933886898562023,1.8827693414616629,-0.5438910831397559,1,2,1,1,0,2024,6,2,0,0,0,0,0,0,1,0,0,0,0,0,0,0,0,0,0,0,0,0,0,0,0,0,0,0,0,0,1,0,1,0,0,0,0,0,0,1
ORD-11325,2024-06-20,Olga Suzuki,Portable External SSD 1TB,0.9033483937975542,0.18918257073656175,-0.4921165670117554,0.6828978463135058,0.08002475441903095,0.8669080808877624,0.6961369714961378,0.2340438684578571,-0.6382951858517046,1,1,2,1,0,2024,6,2,0,0,0,0,0,1,0,0,0,1,0,0,0,0,0,0,0,0,0,0,0,0,0,0,0,0,0,0,1,0,0,1,0,0,0,1,0,0
ORD-11447,2024-06-20,Ali Sato,Canvas Messenger Bag,-0.5760348509067311,0.0015198410987003082,-0.4921165670117554,-0.2685564808322946,-1.2662326007206859,-0.14262232617843468,0.817859674484215,0.03938735998907561,-0.5768995106614162,1,2,2,1,2,2024,6,2,0,1,0,0,0,1,0,0,0,1,0,0,0,0,0,0,0,0,0,0,0,0,0,0,0,0,0,0,0,1,0,0,0,0,0,1,0,0
ORD-10822,2024-06-21,Ethan Johnson,Travel Backpack 30L,-0.9458806620828024,-0.3280249926000444,0.19663999983464828,-0.5220806787420776,-0.41404977989967023,-0.5180062290724049,-0.028113111282921262,-0.3351852136320263,0.1067050233121707,0,2,2,2,1,2024,6,2,0,0,1,0,0,0,0,0,0,0,0,0,0,0,1,0,0,0,0,0,0,0,0,0,0,0,0,0,0,1,0,0,0,0,0,0,0,0
ORD-11747,2024-06-21,Ava Patel,Cotton Formal Shirt,-0.5760348509067311,-0.49424775984648356,-0.4921165670117554,-0.46383050725161706,0.19875584406150937,-0.4554785985303142,0.20996217544375903,-0.47501278340967207,-0.016416411343622626,0,2,3,1,2,2024,6,2,0,0,1,0,1,0,0,0,0,0,0,0,0,0,0,0,0,0,1,0,0,0,0,0,0,0,0,0,0,0,0,1,0,0,0,0,0,0
ORD-11084,2024-06-22,Sakura Müller,Bookshelf 5-Tier,-0.9458806620828024,0.8597489238847537,-1.180873133858159,-0.2634844281980265,-0.9579147711652173,-0.2234720066003008,0.5157009647138118,1.0274103456494446,-0.5415804932132395,1,2,1,1,2,2024,6,2,1,1,0,1,0,0,0,0,0,0,0,0,0,0,0,0,0,0,0,0,0,0,1,0,0,0,1,0,0,0,1,0,0,1,0,0,0,0
ORD-10983,2024-06-23,Nadia Zhang,Desk Organizer Set,2.012885827325768,-0.22486093826955333,-0.4921165670117554,0.60718308121639,1.3458513714138427,0.5485988175002355,0.4519755496200537,-0.19563316615936133,-0.587132123193131,1,0,2,1,0,2024,6,2,1,0,0,0,0,0,0,0,0,0,0,0,0,0,1,0,0,0,0,0,0,0,0,0,0,0,1,0,0,1,0,0,0,0,1,0,0,0
ORD-11777,2024-06-23,Nadia Anderson,Highlighters Neon Pack 6,-0.2061890397306598,-0.8225314192869093,0.8853965666810519,-0.5793634999878583,0.26003640645762743,-0.6104889570369856,-1.5009578174386549,-0.8269925280223662,1.5504936431095966,0,2,0,0,1,2024,6,2,1,0,0,1,0,0,0,0,0,0,0,0,0,0,0,0,0,0,0,0,0,0,1,0,0,0,0,1,0,0,0,1,0,0,1,0,0,0
ORD-10278,2024-06-24,Marco Sharma,Standing Desk Converter,1.2731942049736253,2.900202756419002,0.8853965666810519,4.084571909430128,1.0796639285057053,3.1466218665241055,0.29946416293499223,2.6295725491115323,-0.6917688384367945,1,1,1,0,0,2024,6,2,0,0,0,0,0,0,1,0,0,0,0,0,0,0,0,0,0,0,0,0,0,0,0,0,0,0,1,0,0,0,0,1,1,0,0,0,0,0
ORD-11466,2024-06-24,Oscar Miller,Webcam HD 1080p,-0.9458806620828024,-0.06229557637223918,1.5741531335274555,-0.4903934220785057,-0.0999868976195655,-0.5432354009306671,-0.4076015382457501,-0.16821869681379334,0.021213196031070254,0,2,2,0,1,2024,6,2,0,1,0,0,1,0,0,0,0,0,0,0,0,0,0,0,0,0,0,1,0,0,0,0,0,0,0,0,1,0,0,0,1,0,0,0,0,0
ORD-11816,2024-06-24,Omar Russo,Binder Clips Assorted 48pc,-0.5760348509067311,-0.802226513727974,0.19663999983464828,-0.5876774831718649,0.0034240514238834123,-0.6078715213398748,-1.569695343831922,-0.801368953659172,1.7112446851400829,0,2,0,2,1,2024,6,2,0,0,0,0,0,0,0,0,0,0,1,0,0,0,0,0,0,0,0,0,0,0,0,0,0,0,0,1,0,0,0,1,1,0,0,0,0,0
ORD-10144,2024-06-25,Carlos Schmidt,Sticky Notes Multicolor 6-Pack,-0.5760348509067311,-0.7415640319028319,-0.4921165670117554,-0.561245291351014,-0.21680296968716564,-0.5574858841704924,-0.3585544491005543,-0.7317995716515749,0.6813817464642785,0,2,0,1,1,2024,6,2,0,0,1,1,0,0,0,0,0,0,0,0,1,0,0,0,0,0,0,0,0,0,0,0,0,0,0,1,0,1,0,0,0,0,0,0,1,0
ORD-10012,2024-06-26,Thomas Rodriguez,Folding Table Portable,-0.9458806620828024,0.05991220925886818,0.19663999983464828,-0.44971242259953054,-0.18041763576447034,-0.49423118815698197,-0.1326514326726817,0.04613765646109982,-0.1639640823654446,0,2,2,2,1,2024,6,2,0,1,0,0,0,0,1,0,1,0,0,0,0,0,0,0,0,0,0,0,0,0,0,0,0,0,1,0,0,0,1,0,0,0,0,0,0,1
ORD-11415,2024-06-26,Nadia Davis,Stapler Full-Size,0.5335025826214829,-0.8044966273929481,-1.180873133858159,-0.5087207875250106,-0.23978318058570972,-0.47147403890154665,0.37858391987724244,-0.790485822612439,0.08029828129484247,0,1,0,1,2,2024,6,2,0,0,1,0,0,1,0,0,0,0,0,0,0,0,0,0,0,1,0,0,0,0,0,0,0,0,0,1,0,0,1,0,0,0,0,0,0,1
ORD-11265,2024-06-28,Maria Hassan,Mesh Back Task Chair,-0.2061890397306598,0.620125814804151,-1.180873133858159,0.3273835590930015,-0.6802372228078079,0.42325273022748633,0.6245353815031514,0.7656641559178912,-0.6419261128790873,1,2,1,1,0,2024,6,2,0,0,0,1,0,0,0,0,0,0,0,0,1,0,0,0,0,0,0,0,0,0,0,0,0,0,1,0,0,0,1,0,0,0,0,0,0,0
ORD-11311,2024-06-28,Sophie Li,Monitor Riser Wood,-0.5760348509067311,-0.5043371539130352,-1.180873133858159,-0.4590983344330473,-0.2972337078320705,-0.4661664609601832,0.10613986995392856,-0.46261427968554575,-0.1639640823654446,0,2,3,1,2,2024,6,2,0,0,0,0,0,0,0,0,0,0,0,0,0,0,0,0,1,0,0,0,0,0,0,0,0,0,1,0,0,0,1,0,0,0,0,0,0,0
ORD-11688,2024-06-29,Hans Schmidt,Binder Clips Assorted 48pc,1.6430400161496967,-0.747617668342763,-1.180873133858159,-0.33956521771204823,1.1217943151530367,-0.26447849918836963,0.6549660572501707,-0.7283555428393177,-0.1748568634475925,0,0,0,1,2,2024,6,2,1,0,0,0,0,1,0,0,0,0,0,0,0,0,0,0,0,1,0,0,0,0,0,0,0,0,0,1,0,0,0,1,0,1,0,0,0,0
ORD-10121,2024-06-30,Maria Weber,Polarized Sunglasses,-0.2061890397306598,-0.6361298639073667,1.5741531335274555,-0.4897920962507317,-0.21680296968716564,-0.5133530100553191,-0.14124362347184005,-0.6696692918784536,-0.018727001270138748,0,2,3,0,1,2024,6,2,1,1,0,1,0,0,0,0,0,0,0,0,0,0,0,0,0,0,0,0,0,0,1,0,0,0,0,0,0,0,1,0,0,0,1,0,0,0
ORD-11099,2024-06-30,Priya Robinson,Wool Blend Scarf,-0.9458806620828024,-0.25853429096666963,0.19663999983464828,-0.5091129565431242,-1.296872881918745,-0.46849307046872607,0.412952683073876,-0.26685568199684195,-0.30028888802990206,0,2,2,2,2,2024,6,2,1,0,0,0,0,1,0,0,0,0,0,0,0,0,0,0,0,1,0,0,0,0,0,0,0,0,0,0,0,0,1,0,0,0,1,0,0,0
ORD-11660,2024-07-01,Fatima Robinson,Wireless Ergonomic Mouse,-0.5760348509067311,-0.5665130448481601,0.19663999983464828,-0.4997270447096074,-0.6821522403826864,-0.5008474839469009,0.022008001712169285,-0.5696546951705022,-0.12303363223858564,0,2,3,2,1,2024,7,3,0,1,0,1,0,0,0,0,0,0,0,0,1,0,0,0,0,0,0,0,0,0,0,0,0,0,0,0,1,0,1,0,1,0,0,0,0,0
ORD-11768,2024-07-01,Joseph Singh,Sports Water Bottle 750ml,-0.9458806620828024,-0.6236442387500091,-0.4921165670117554,-0.5741084351451372,-0.7453478203536831,-0.564901951978973,-0.44197030144238364,-0.6093299070877061,0.58499713810103,0,2,3,1,1,2024,7,3,0,0,0,1,0,0,0,0,0,0,0,0,0,0,0,1,0,0,0,0,0,0,0,0,0,0,0,0,0,0,1,0,1,0,0,0,0,0
ORD-10513,2024-07-02,Maria Rossi,Sports Water Bottle 750ml,0.9033483937975542,-0.599429692990285,1.5741531335274555,-0.30965579393059084,1.9758921535489304,-0.4087282887180301,-0.045297492881238056,-0.6375709433482157,-0.1068595027529721,1,1,3,0,2,2024,7,3,0,0,0,0,0,0,0,1,0,0,0,0,0,0,0,0,0,0,0,0,0,0,0,0,0,0,0,0,0,0,0,0,0,0,0,0,1,0
ORD-11850,2024-07-02,Omar Williams,Standing Desk Converter,1.2731942049736253,1.0557354036275202,-1.180873133858159,2.240593186260384,-0.532780869542149,2.54584766749004,0.6825326693974704,1.241491176619357,-0.695399765464177,1,1,1,1,0,2024,7,3,0,0,0,0,0,1,0,0,0,0,0,0,0,0,0,0,0,1,0,0,0,0,0,0,0,0,1,0,0,0,1,0,0,0,0,0,1,0
ORD-11411,2024-07-03,Raj Weber,Whiteboard Markers Set 8,-0.5760348509067311,-0.6580742960021166,-1.180873133858159,-0.5228388721770972,-0.6553419943343848,-0.4773632692200459,0.449827501920264,-0.6305451245712109,0.013951341976305003,0,2,3,1,2,2024,7,3,0,0,0,1,0,0,0,0,0,0,0,0,0,0,0,0,0,0,0,0,0,0,1,0,0,0,0,1,0,0,0,1,0,0,0,0,0,1
ORD-11498,2024-07-03,Omar Rodriguez,Desk Calendar 2025,-0.5760348509067311,-0.7140704330714785,0.19663999983464828,-0.5547875748527448,0.20833093193590294,-0.5699187037317686,-0.5916176245277255,-0.7147171887427788,0.8094544452483208,0,2,0,2,1,2024,7,3,0,1,0,0,0,0,0,1,0,0,0,0,0,0,0,0,0,0,0,0,0,0,0,0,0,0,0,1,0,0,1,0,0,0,0,0,0,1
ORD-11352,2024-07-04,Ayumi Moreau,Highlighters Neon Pack 6,0.16365677144541152,-0.8690687494188789,-0.4921165670117554,-0.5895076052563946,0.11258005319196861,-0.6113614356026892,-1.7075284045684211,-0.8640502780422545,1.9248092112052257,0,1,0,1,1,2024,7,3,0,0,0,1,0,0,0,0,0,0,0,0,0,0,0,0,0,0,0,0,0,0,1,0,0,0,0,1,0,0,1,0,0,0,0,1,0,0
ORD-10257,2024-07-05,Sarah Clark,Stapler Full-Size,-0.9458806620828024,-0.7307179332812889,-1.180873133858159,-0.5931939940266615,-0.7185375743053815,-0.5825696429344707,-0.876949960649777,-0.7098955484056186,1.2365834973786065,0,2,0,1,1,2024,7,3,0,0,1,1,0,0,0,0,0,0,0,0,1,0,0,0,0,0,0,0,0,0,0,0,0,0,0,1,0,0,0,0,0,0,0,0,0,0
ORD-10261,2024-07-05,Li Oliveira,Tape Dispenser Heavy Duty,0.5335025826214829,-0.8196307184927756,0.8853965666810519,-0.540747924004281,-1.0172803159864565,-0.511389933282486,0.20244400849449554,-0.8242373049725603,-0.019057085545355405,0,1,0,0,1,2024,7,3,0,0,0,0,0,1,0,0,0,0,0,0,0,0,0,0,0,0,0,0,0,0,0,0,0,1,0,1,0,1,0,0,0,0,0,0,0,0
ORD-10581,2024-07-05,Pierre Weber,Wireless Ergonomic Mouse,-0.9458806620828024,-0.32373700012176,-1.180873133858159,-0.508825365929841,-0.7913082421507717,-0.48536098940566214,0.23609675579119915,-0.26534030931944874,-0.11841245238555329,0,2,2,1,1,2024,7,3,0,1,0,1,0,0,0,0,0,0,0,0,0,0,0,0,0,0,0,0,0,0,0,0,1,0,0,0,1,1,0,0,0,0,0,0,0,0
ORD-10691,2024-07-05,Felix Ahmed,Wireless Ergonomic Mouse,-0.5760348509067311,-0.2587865258183334,-1.180873133858159,-0.35729125733077904,-0.3661743405277031,-0.3118831679249314,0.5221451078131806,-0.19439331578694866,-0.3821497882836199,0,2,2,1,2,2024,7,3,0,0,0,1,0,0,0,0,0,0,0,0,0,1,0,0,0,0,0,0,0,0,0,0,0,0,0,0,1,0,1,0,0,0,0,0,0,0
ORD-11189,2024-07-05,Clara Tanaka,Desk Organizer Set,-0.9458806620828024,-0.5259032337302896,-0.4921165670117554,-0.5548660086563675,-1.3524083915902267,-0.5395273670264268,-0.09362856612650404,-0.5079376988548516,-0.08441377203824302,0,2,3,1,1,2024,7,3,0,1,0,0,0,1,0,0,0,0,0,0,0,0,0,0,0,0,0,0,0,0,0,0,0,1,1,0,0,0,0,1,0,0,0,0,0,0
ORD-10275,2024-07-06,Mary Clark,Desk Calendar 2025,1.2731942049736253,-0.7752373845999482,-0.4921165670117554,-0.4272280655610224,0.8134764855975677,-0.40043974234384594,0.38932415837619044,-0.7666531432316187,-0.008164304463207525,0,1,0,1,2,2024,7,3,1,0,0,0,0,1,0,0,0,0,0,0,0,0,0,0,0,1,0,0,0,0,0,0,0,0,0,1,0,0,1,0,0,1,0,0,0,0
ORD-11450,2024-07-06,Li Rossi,USB-C Hub Multiport Adapter,-0.9458806620828024,-0.6138070795351211,1.5741531335274555,-0.5818472371025772,-0.8162034706241944,-0.5955114083257406,-1.164788352421583,-0.6501072082248321,0.7196715223894045,0,2,3,0,1,2024,7,3,1,1,0,1,0,0,0,0,0,0,0,0,0,0,0,0,0,0,0,0,0,0,1,0,0,0,0,0,1,0,1,0,0,1,0,0,0,0
ORD-11559,2024-07-06,Felix Smith,Desk Calendar 2025,1.6430400161496967,-0.6806493152260261,0.19663999983464828,-0.2690009390528233,-0.6955573634068373,-0.1382599333499167,0.8354020640324968,-0.6819300344500895,-0.506261475765063,1,0,3,2,2,2024,7,3,1,0,0,0,0,1,0,0,0,0,0,0,0,0,0,0,0,1,0,0,0,0,0,0,0,0,0,1,0,0,1,0,0,1,0,0,0,0
ORD-11225,2024-07-07,Christopher Brown,Wireless Ergonomic Mouse,-0.2061890397306598,-0.3947411108651175,0.19663999983464828,-0.33674160078163096,-1.1589916165274794,-0.30650288343642595,0.4594937165693173,-0.400759522217405,-0.5263966165532759,1,2,3,2,2,2024,7,3,1,1,0,0,0,1,0,0,0,1,0,0,0,0,0,0,0,0,0,0,0,0,0,0,0,0,0,0,1,1,0,0,0,0,1,0,0,0
ORD-11636,2024-07-07,Ingrid Davis,Tablet Stand Holder,0.5335025826214829,-0.7066295049473967,0.8853965666810519,-0.4412154272070711,0.6755952202063024,-0.5084089648496654,-0.25330011181086404,-0.7194010679274487,0.01197083632500542,0,1,0,0,1,2024,7,3,1,0,0,0,0,0,1,0,0,0,0,0,0,0,0,0,0,0,0,0,0,0,0,0,0,0,0,0,1,1,0,0,0,0,1,0,0,0
ORD-11706,2024-07-08,Priya Oliveira,Ergonomic Office Chair,2.3827316385018396,2.926561298417868,-0.4921165670117554,6.951405865643539,0.3194019512788668,7.087607547807227,0.5844384911070789,3.0746788328076637,-0.7092633050232745,1,0,1,1,0,2024,7,3,0,0,0,1,0,0,0,0,0,0,0,0,0,0,0,0,0,0,0,0,0,0,0,0,1,0,1,0,0,0,1,0,1,0,0,0,0,0
ORD-10222,2024-07-09,Hanna White,Travel Backpack 30L,-0.2061890397306598,-0.1703782103101742,1.5741531335274555,-0.25807249574806,-0.6361918185855979,-0.2557537135313337,0.3871761106764008,-0.2625850862696429,-0.5056013072146298,1,2,2,0,2,2024,7,3,0,0,0,1,0,0,0,0,0,0,0,0,1,0,0,0,0,0,0,0,0,0,0,0,0,0,0,0,0,0,0,0,0,0,0,0,1,0
ORD-10385,2024-07-09,Michael Schmidt,Whiteboard Markers Set 8,-0.9458806620828024,-0.674721796211927,1.5741531335274555,-0.591965197769906,-1.1685667044018728,-0.5765349995216875,-0.6850576994685731,-0.703420774238575,0.6896338533446936,0,2,3,0,1,2024,7,3,0,1,0,0,0,1,0,0,0,1,0,0,0,0,0,0,0,0,0,0,0,0,0,0,0,0,0,1,0,0,1,0,0,0,0,0,1,0
ORD-11508,2024-07-09,Ivan Ahmed,Canvas Messenger Bag,-0.5760348509067311,0.16900378260345844,0.19663999983464828,-0.22528716583377015,-0.6036365198126603,-0.14400375057413203,0.6510279698005564,0.1534535942510368,-0.5194648467737272,1,2,2,2,2,2024,7,3,0,0,1,0,0,1,0,0,0,0,0,0,0,0,0,0,0,0,0,0,0,0,0,0,0,1,0,0,0,0,1,0,0,0,0,0,1,0
ORD-10641,2024-07-10,Sophie Clark,Leather Wallet Minimalist,2.7525774496779105,-0.6851895425559743,-0.4921165670117554,-0.11432947830885323,0.6296347984092142,-0.011459715134328117,0.6871867727470146,-0.6732510818432011,-0.45674883448257236,1,0,3,1,0,2024,7,3,0,0,0,1,0,0,0,0,0,0,0,0,0,1,0,0,0,0,0,0,0,0,0,0,0,0,0,0,0,0,0,1,0,0,0,0,0,1
ORD-11587,2024-07-10,Amina Clark,Canvas Messenger Bag,0.5335025826214829,-0.565504105441505,0.8853965666810519,-0.31687170386387953,0.40940777729816485,-0.3243886940333496,0.31306846503365976,-0.5882524507566914,-0.3158028489650825,1,1,3,0,2,2024,7,3,0,0,1,0,0,1,0,0,0,1,0,0,0,0,0,0,0,0,0,0,0,0,0,0,0,0,0,0,0,0,0,1,0,0,0,0,0,1
ORD-10095,2024-07-11,Karen Anderson,Mesh Back Task Chair,-0.5760348509067311,1.4965158069099975,-0.4921165670117554,0.32027222756454304,-0.7434328027788045,0.33396909033715216,0.5139109249639869,1.5907156981822455,-0.6442367028056035,1,2,1,1,0,2024,7,3,0,1,0,0,0,1,0,0,0,0,0,0,0,0,0,0,0,0,0,0,0,0,0,0,0,1,1,0,0,0,1,0,0,0,0,1,0,0
ORD-11444,2024-07-11,Hans Fischer,Stapler Full-Size,-0.2061890397306598,-0.8060100365029308,-1.180873133858159,-0.5595458922725222,0.5549491129889453,-0.5794432614073661,-0.749499130462261,-0.7921389564423225,1.1197336639519284,0,2,0,1,1,2024,7,3,0,0,0,0,0,0,0,1,0,0,0,0,0,0,0,0,0,0,0,0,0,0,0,0,0,0,0,1,0,0,0,1,0,0,0,1,0,0
ORD-11549,2024-07-11,Priya Jones,Mechanical Gaming Keyboard,-0.5760348509067311,-0.032657981301743653,0.8853965666810519,-0.3190155611629001,0.08768482471854554,-0.366049545545696,0.14945883189968545,-0.09355215216405545,-0.35904388901845763,1,2,2,0,2,2024,7,3,0,0,0,0,0,0,0,1,0,0,0,0,0,0,0,0,0,0,0,0,0,0,0,0,0,0,0,0,1,0,0,1,0,0,0,1,0,0
ORD-10516,2024-07-12,Olga Suzuki,Portable External SSD 1TB,-0.5760348509067311,0.7282084487420859,0.19663999983464828,-0.016600958994965515,-0.8276935760734666,0.02714746139805582,0.5454156245609011,0.7031205926872989,-0.6056168426052608,1,2,1,2,0,2024,7,3,0,1,0,0,0,1,0,0,0,0,0,0,0,0,0,0,0,0,0,0,0,0,0,0,0,1,0,0,1,0,1,0,0,0,0,0,0,0
ORD-10586,2024-07-13,Olivia Patel,Webcam HD 1080p,-0.2061890397306598,-0.28791965118550145,0.19663999983464828,-0.2769488978199238,-0.44086002594797197,-0.26913171820545545,0.3972003332754189,-0.295785524019803,-0.46929203694080335,1,2,2,2,2,2024,7,3,1,0,0,0,0,0,0,1,0,0,0,0,0,0,0,0,0,0,0,0,0,0,0,0,0,0,0,0,1,0,0,1,0,1,0,0,0,0
ORD-10664,2024-07-14,John Ferrari,Travel Backpack 30L,0.9033483937975542,-0.06393510290805378,-0.4921165670117554,0.38380360849893236,1.062428770331797,0.6282851931678303,0.8096254916350216,-0.02852888818863808,-0.5693075723314345,1,1,2,1,0,2024,7,3,1,0,0,1,0,0,0,0,0,0,0,0,0,0,0,0,0,0,0,0,0,0,0,0,1,0,0,0,0,0,1,0,0,0,1,0,0,0
ORD-11142,2024-07-14,Ayumi Harris,Floating Wall Shelves Set,-0.9458806620828024,0.2832661704071564,0.8853965666810519,-0.4205611922530927,-0.7530078906531977,-0.46863848356300997,-0.05782777113001075,0.19974134148777467,-0.36201464749540707,0,2,1,0,2,2024,7,3,1,0,0,1,0,0,0,0,0,0,0,0,0,0,0,0,0,0,0,0,0,0,0,0,1,0,1,0,0,0,0,0,0,0,1,0,0,0
ORD-10824,2024-07-15,Pierre Rodriguez,Mechanical Gaming Keyboard,-0.5760348509067311,0.9703539063393267,0.19663999983464828,0.07375478277838815,-1.2930428467689874,0.14253275171235583,0.5944627137060968,0.9411718641905223,-0.6508383883099356,1,2,1,2,0,2024,7,3,0,0,1,0,0,1,0,0,0,0,0,0,0,0,0,0,0,1,0,0,0,0,0,0,0,0,0,0,1,0,1,0,1,0,0,0,0,0
ORD-11343,2024-07-15,Amina Romano,Leather Belt Classic,-0.9458806620828024,-0.6076273256693582,1.5741531335274555,-0.5808275976554821,0.06087457867024415,-0.6187775034111697,-1.725428802066668,-0.6447345232777107,1.4432162536642004,0,2,3,0,1,2024,7,3,0,1,0,0,1,0,0,0,0,0,0,0,0,0,0,0,0,0,0,0,0,0,0,1,0,0,0,0,0,1,0,0,1,0,0,0,0,0
ORD-11639,2024-07-15,Mia White,Bookshelf 5-Tier,-0.2061890397306598,1.0109637174571973,2.2629097003738594,0.2694732674182393,-0.9368495778415518,-0.1336067143328309,-0.08360434352748589,0.6639964253800563,-0.6491879669338526,1,2,1,3,0,2024,7,3,0,1,0,0,0,1,0,0,0,1,0,0,0,0,0,0,0,0,0,0,0,0,0,0,0,0,1,0,0,0,1,0,1,0,0,0,0,0
ORD-10131,2024-07-16,Ali Oliveira,Portable External SSD 1TB,-0.9458806620828024,0.5293212682051857,0.19663999983464828,-0.36212800855417904,-1.1915469153004172,-0.33274994695467563,0.44517339857072,0.5076375173035755,-0.5131932455446117,0,2,1,2,2,2024,7,3,0,0,0,0,0,1,0,0,0,0,0,0,0,0,0,0,0,1,0,0,0,0,0,0,0,0,0,0,1,0,0,1,0,0,0,0,1,0
ORD-10253,2024-07-19,David Garcia,Ergonomic Office Chair,0.16365677144541152,4.438835351568135,-0.4921165670117554,3.591798465869893,-0.10381693276932313,3.6615296333835077,0.5751302844079905,4.643916120824571,-0.7006811138676428,1,1,1,1,0,2024,7,3,0,0,0,1,0,0,0,0,0,0,0,0,1,0,0,0,0,0,0,0,0,0,0,0,0,0,1,0,0,0,0,1,0,0,0,0,0,0
ORD-11402,2024-07-19,Li Davis,Smart LED Desk Lamp,-0.9458806620828024,-0.362455049852152,-1.180873133858159,-0.5168517585005642,-1.0843059311072105,-0.4842703911985327,0.31342647298362464,-0.3076329831339681,-0.18971065583233976,0,2,3,1,1,2024,7,3,0,0,1,0,0,1,0,0,0,0,0,0,0,0,0,0,0,0,0,0,0,0,0,0,0,1,0,0,1,1,0,0,0,0,0,0,0,0
ORD-11398,2024-07-21,Mary Rodriguez,Leather Belt Classic,-0.9458806620828024,-0.6251576478599917,0.19663999983464828,-0.5775333779033286,-1.2260172316482334,-0.5557409270390852,-0.2142772452646864,-0.6273766180639342,0.2776886778743716,0,2,3,2,1,2024,7,3,1,0,0,0,0,1,0,0,0,0,0,0,0,0,0,0,0,0,0,0,0,0,0,0,0,1,0,0,0,1,0,0,0,0,1,0,0,0
ORD-11857,2024-07-23,Mia Romano,Wireless Bluetooth Headphones,-0.2061890397306598,1.7991976289065483,0.19663999983464828,0.891244173336612,0.27344152948177824,0.9671704093965336,0.5876605626567633,1.756029081170595,-0.64456678708082,1,2,1,2,0,2024,7,3,0,1,0,0,0,0,0,0,0,0,0,0,0,0,0,0,1,0,0,0,0,0,0,0,0,0,0,0,1,0,0,1,0,0,0,0,1,0
ORD-11690,2024-07-24,William Chen,Sticky Notes Multicolor 6-Pack,0.9033483937975542,-0.7531668350793664,-0.4921165670117554,-0.4306007191167986,1.4607524259065643,-0.42995860048348417,0.2203444059927422,-0.7437847919182303,0.14763547343902966,0,1,0,1,2,2024,7,3,0,1,0,1,0,0,0,0,0,0,0,0,1,0,0,0,0,0,0,0,0,0,0,0,0,0,0,1,0,0,0,1,0,0,0,0,0,1
ORD-10909,2024-07-25,Clara Leroy,Desk Organizer Set,0.16365677144541152,-0.3779674932294753,0.19663999983464828,-0.22531331043497776,0.6047395699357908,-0.31595473456488155,0.1086459256036831,-0.3843659450710603,-0.38611079958621913,1,1,3,2,2,2024,7,3,0,0,0,0,0,0,0,1,0,0,0,0,0,0,0,0,0,0,0,0,0,0,0,0,0,0,1,0,0,0,0,1,0,0,0,1,0,0
ORD-10138,2024-07-26,Ali Jones,Travel Backpack 30L,-0.9458806620828024,0.13999677466212235,2.2629097003738594,-0.46788292043879004,-0.8832290857449487,-0.4844158042928166,0.007687683713572022,-0.04960634451965256,-0.29368720252557,0,2,2,3,1,2024,7,3,0,0,0,1,0,0,0,0,0,0,0,0,0,0,0,0,0,0,0,0,0,0,1,0,0,0,0,0,0,0,0,0,0,0,0,0,0,0
ORD-11165,2024-07-26,Wei Sato,Wireless Bluetooth Headphones,0.5335025826214829,0.8661809126021802,-1.180873133858159,1.2229668734582297,-0.16509749516544117,1.6580280203394941,0.833612024282672,1.0344361644264493,-0.669653191997282,1,1,1,1,0,2024,7,3,0,0,0,0,0,1,0,0,0,1,0,0,0,0,0,0,0,0,0,0,0,0,0,0,0,0,0,0,1,0,1,0,0,0,0,0,0,0
ORD-10340,2024-07-27,Priya Weber,Folding Table Portable,-0.2061890397306598,-0.27480343889898423,-0.4921165670117554,-0.24939248814714757,0.6200597105348207,-0.30141342513648833,0.2092461595438292,-0.24743135949571082,-0.36300490032105687,1,2,2,1,2,2024,7,3,1,0,0,0,0,0,0,0,0,0,0,0,0,0,0,0,0,0,0,0,0,1,0,0,0,0,1,0,0,0,1,0,0,1,0,0,0,0
ORD-10388,2024-07-27,Linda Patel,Webcam HD 1080p,0.16365677144541152,0.13242972911220846,-1.180873133858159,0.24325023240704893,-0.16126746001568354,0.43183210279023837,0.7655905137893347,0.2329417792379348,-0.6069371797061273,1,1,2,1,0,2024,7,3,1,0,0,1,0,0,0,0,0,0,0,0,0,0,0,0,0,0,0,0,0,0,0,0,1,0,0,0,1,1,0,0,0,1,0,0,0,0
ORD-10868,2024-07-27,Sakura Jones,Tablet Stand Holder,0.5335025826214829,-0.6840544857234873,0.19663999983464828,-0.4088222663108948,0.43238798819670926,-0.44486344264758715,0.043846486660030166,-0.6852363021098565,-0.1431687730267986,0,1,3,2,2,2024,7,3,1,1,0,0,0,1,0,0,0,0,0,0,0,0,0,0,0,0,0,0,0,0,0,0,0,1,0,0,1,0,1,0,0,1,0,0,0,0
ORD-11918,2024-07-27,Robert Khan,USB-C Hub Multiport Adapter,-0.9458806620828024,-0.39133594036765634,1.5741531335274555,-0.5449572047986994,-1.339003268566076,-0.5435989336663769,-0.22251142811387978,-0.4557262220610312,-0.149440374255914,0,2,3,0,1,2024,7,3,1,0,0,0,0,1,0,0,0,1,0,0,0,0,0,0,0,0,0,0,0,0,0,0,0,0,0,0,1,0,1,0,0,1,0,0,0,0
ORD-10590,2024-07-28,Hans White,Folding Table Portable,-0.9458806620828024,-0.1829899528933638,0.8853965666810519,-0.5027075292472701,-0.3087238132813427,-0.5526872520591226,-0.47168496128947307,-0.23310419963672055,0.019562774654987212,0,2,2,0,1,2024,7,3,1,0,1,0,0,0,1,0,1,0,0,0,0,0,0,0,0,0,0,0,0,0,0,0,0,0,1,0,0,1,0,0,0,0,1,0,0,0
ORD-11153,2024-07-28,Sarah Chen,Mesh Back Task Chair,2.7525774496779105,2.8092720923942043,-0.4921165670117554,7.455813656741141,2.0218525753460193,7.539769564483114,0.5751302844079905,2.953035735158736,-0.7006811138676428,1,0,1,1,0,2024,7,3,1,0,0,1,0,0,0,0,0,0,0,0,0,1,0,0,0,0,0,0,0,0,0,0,0,0,1,0,0,0,0,0,0,0,1,0,0,0
ORD-11654,2024-07-29,Christopher Schmidt,Mesh Back Task Chair,-0.9458806620828024,2.4109932616170764,2.2629097003738594,-0.11477393652938192,-1.0843059311072105,-0.3416928522531375,-0.13121940087282188,1.8109957810142214,-0.6052867583300443,1,2,1,3,2,2024,7,3,0,0,0,0,0,1,0,0,0,1,0,0,0,0,0,0,0,0,0,0,0,0,0,0,0,0,1,0,0,0,1,0,1,0,0,0,0,0
ORD-11982,2024-07-29,William Moreau,Floating Wall Shelves Set,-0.9458806620828024,-0.37645408411949255,-1.180873133858159,-0.5197538092346042,-1.1513315462279647,-0.5012110166826107,0.14802680009982563,-0.3229244710603905,-0.2025839425657873,0,2,3,1,1,2024,7,3,0,0,0,0,0,1,0,0,0,0,0,0,0,0,0,0,0,0,0,0,0,0,0,0,0,1,1,0,0,0,0,0,1,0,0,0,0,0
ORD-10263,2024-08-01,Felix Romano,Laptop Stand Adjustable,-0.5760348509067311,-0.2753079086023118,-1.180873133858159,-0.36414114284716176,-0.6898123106822011,-0.3081751340206912,0.5711921969583763,-0.21244002676317686,-0.42770141826351127,0,2,2,1,2,2024,8,3,0,0,0,1,0,0,0,0,0,0,0,0,1,0,0,0,0,0,0,0,0,0,0,0,0,0,0,0,1,0,1,0,0,0,0,1,0,0
ORD-10066,2024-08-02,Hanna Ali,Stapler Full-Size,0.16365677144541152,-0.741437914477,0.8853965666810519,-0.5041716269148939,-0.06360156369687056,-0.4997568857397714,0.05816680465862756,-0.7516371776101769,0.11330670881650289,0,1,0,0,1,2024,8,3,0,0,1,1,0,0,0,0,0,0,0,0,0,0,0,0,0,0,0,0,0,0,0,0,1,0,0,1,0,0,0,1,0,0,0,0,0,0
ORD-10799,2024-08-03,Susan Schmidt,Folding Table Portable,-0.2061890397306598,0.021698629231803622,-1.180873133858159,-0.0447848390967234,-0.09615686246980822,-0.012913846077167456,0.5182070203635664,0.11198748735145905,-0.5438910831397559,1,2,2,1,0,2024,8,3,1,0,0,1,0,0,0,0,0,0,0,0,0,0,0,0,0,0,0,0,0,0,0,0,1,0,1,0,0,0,0,1,0,1,0,0,0,0
ORD-11203,2024-08-03,Amir Ali,Travel Backpack 30L,0.16365677144541152,-0.42563988019393206,-0.4921165670117554,-0.24021573312329128,-0.36042928780306716,-0.13971406429275607,0.716901432594104,-0.4039280287246817,-0.4838157450503339,1,1,3,1,2,2024,8,3,1,0,0,0,0,0,0,0,0,0,0,0,0,0,1,0,0,0,0,0,0,0,0,0,0,0,0,0,0,0,0,1,0,1,0,0,0,0
ORD-11849,2024-08-04,Christopher Leroy,Portable External SSD 1TB,1.2731942049736253,0.36650367145620777,-0.4921165670117554,1.1467292163369627,0.1164100883417259,1.4086445636425509,0.7197654961938234,0.4180927681848862,-0.6604108322912171,1,1,1,1,0,2024,8,3,1,0,0,0,0,1,0,0,0,0,0,0,0,0,0,0,0,0,0,0,0,0,0,0,0,1,0,0,1,0,0,1,0,0,1,0,0,0
ORD-10867,2024-08-05,Hans Hassan,Polarized Sunglasses,-0.5760348509067311,-0.24075173392437224,0.8853965666810519,-0.3923511675501272,-0.05594149339735597,-0.39316908762964936,0.2679594633380782,-0.2868310491079341,-0.27421223028779035,0,2,2,0,2,2024,8,3,0,1,0,0,0,0,1,0,0,0,0,0,0,0,0,0,0,0,0,0,0,0,0,0,0,0,0,0,0,0,1,0,1,0,0,0,0,0
ORD-11698,2024-08-05,Layla Zhang,Stapler Full-Size,-0.5760348509067311,-0.8249276503777153,-1.180873133858159,-0.592017486972321,-0.9253594723922796,-0.5728996721645891,-0.5719271872796543,-0.8128031293158662,0.9560118634444931,0,2,0,1,1,2024,8,3,0,1,0,0,0,1,0,0,0,0,0,0,0,0,0,0,0,0,0,0,0,0,0,0,0,1,0,1,0,0,0,1,1,0,0,0,0,0
ORD-10213,2024-08-06,Sarah Harris,Premium Notebook Set A5,0.16365677144541152,-0.6421835003472978,-0.4921165670117554,-0.4107831114014624,-0.3374490769045227,-0.33267724040753366,0.6993590430458222,-0.6286164684363468,-0.2940172868007866,0,1,3,1,2,2024,8,3,0,0,0,0,0,1,0,0,0,0,0,0,0,0,0,0,0,1,0,0,0,0,0,0,0,0,0,1,0,0,0,1,0,0,0,0,1,0
ORD-10311,2024-08-06,Noah Hassan,Sticky Notes Multicolor 6-Pack,-0.5760348509067311,-0.8302245822626549,0.19663999983464828,-0.5981353236548919,-0.3221289363054932,-0.6100527177541337,-1.9019267213993798,-0.8289211841572303,2.0175628925410916,0,2,0,2,1,2024,8,3,0,0,0,0,0,0,0,0,0,0,0,0,0,0,0,0,1,0,0,0,0,0,0,0,0,0,0,1,0,0,0,1,0,0,0,0,1,0
ORD-11049,2024-08-06,Priya Schmidt,USB-C Hub Multiport Adapter,-0.9458806620828024,-0.4893291802390396,-1.180873133858159,-0.5431532273153772,-0.5270358168175128,-0.5383640622721554,-0.157711989170227,-0.4462207025392011,0.24435016607749466,0,2,3,1,1,2024,8,3,0,0,0,0,0,0,0,1,0,0,0,0,0,0,0,0,0,0,0,0,0,0,0,0,0,0,0,0,1,0,0,1,0,0,0,0,1,0
ORD-10018,2024-08-07,Amir Smith,Floating Wall Shelves Set,-0.2061890397306598,0.03784165973828635,-1.180873133858159,-0.03474531223301743,-0.9751499293391256,0.031655267320857744,0.5933886898562023,0.12962091487021635,-0.6132087809352428,1,2,2,1,0,2024,8,3,0,0,1,0,0,1,0,0,0,1,0,0,0,0,0,0,0,0,0,0,0,0,0,0,0,0,1,0,0,0,1,0,0,0,0,0,0,1
ORD-10475,2024-08-07,Chen Anderson,USB-C Hub Multiport Adapter,0.16365677144541152,-0.19623228260571288,0.8853965666810519,-0.11989827836606519,-0.8947191911942206,-0.13331588814426304,0.3972003332754189,-0.24550270336084673,-0.5874622074683475,1,1,2,0,0,2024,8,3,0,1,0,0,0,1,0,0,0,0,0,0,0,0,0,0,0,1,0,0,0,0,0,0,0,0,0,0,1,0,1,0,0,0,0,0,0,1
ORD-11726,2024-08-08,Raj Patel,Stapler Full-Size,-0.5760348509067311,-0.7903714756997758,-0.4921165670117554,-0.5804877178397837,-0.9272744899671582,-0.5586491889247639,-0.2568801913105134,-0.7824956757680022,0.5879678965779794,0,2,0,1,1,2024,8,3,0,1,0,0,0,1,0,0,0,1,0,0,0,0,0,0,0,0,0,0,0,0,0,0,0,0,0,1,0,0,1,0,0,0,0,1,0,0
ORD-11892,2024-08-08,Mary Oliveira,Travel Backpack 30L,-0.2061890397306598,-0.4121453156299192,-0.4921165670117554,-0.3305453302954374,0.02257422717267021,-0.2732032848454055,0.5769203241578154,-0.389876391170672,-0.35475279344064176,1,2,3,1,2,2024,8,3,0,0,0,0,0,0,0,0,0,0,0,0,0,0,0,0,0,0,0,0,0,1,0,0,0,0,0,0,0,0,0,1,0,0,0,1,0,0
ORD-10294,2024-08-09,Christopher Brown,Desk Calendar 2025,0.16365677144541152,-0.7009542207849614,-0.4921165670117554,-0.4570852001400646,0.024489244747548856,-0.4141812797536775,0.47596208226770426,-0.6896446589895459,-0.08804469906562565,0,1,0,1,2,2024,8,3,0,1,0,0,0,1,0,0,0,0,0,0,0,0,0,0,0,0,0,0,0,0,0,0,0,1,0,1,0,0,1,0,0,0,0,0,0,0
ORD-10910,2024-08-09,Felix White,Leather Wallet Minimalist,1.2731942049736253,-0.6366343336106943,-0.4921165670117554,-0.23616331993611836,-0.4504351138223652,-0.13098927863572013,0.7305057346927715,-0.6228305000317546,-0.49668903178378143,1,1,3,1,0,2024,8,3,0,0,1,1,0,0,0,0,0,0,0,0,0,0,0,1,0,0,0,0,0,0,0,0,0,0,0,0,0,0,0,0,0,0,0,0,0,0
ORD-10714,2024-08-10,Hans Johnson,Smart LED Desk Lamp,0.16365677144541152,-0.17643184675010518,1.5741531335274555,-0.13697070295460684,0.005339068998762058,-0.24012180589581106,0.1584090306488088,-0.26795777121676423,-0.5009801273615974,1,1,2,0,2,2024,8,3,1,0,0,1,0,0,0,0,0,0,0,0,1,0,0,0,0,0,0,0,0,0,0,0,0,0,0,0,1,1,0,0,0,1,0,0,0,0
ORD-10716,2024-08-10,Ivan Martinez,Standing Desk Converter,-0.2061890397306598,1.191059401545145,-0.4921165670117554,0.6166474268535295,-0.1555224072910476,0.6152707212294184,0.5117628772641976,1.2737272863020854,-0.6422561971543038,1,2,1,1,0,2024,8,3,1,0,1,0,0,0,0,0,0,0,0,0,0,0,0,0,0,0,0,0,0,1,0,0,0,0,1,0,0,1,0,0,0,1,0,0,0,0
ORD-10810,2024-08-12,Nadia Wang,Tablet Stand Holder,-0.2061890397306598,-0.6138070795351211,0.19663999983464828,-0.459359780445123,0.28110159978129284,-0.4937949488741303,-0.09720864562615329,-0.6162179647122206,-0.013445652866673196,0,2,3,2,1,2024,8,3,0,0,0,0,1,0,0,0,0,0,0,0,0,0,0,0,0,0,0,1,0,0,0,0,0,0,0,0,1,0,0,1,1,0,0,0,0,0
ORD-10786,2024-08-13,Jessica Suzuki,Wireless Bluetooth Headphones,0.16365677144541152,0.9326447960155897,0.19663999983464828,0.7527823653413341,-0.13445721396738217,0.8328814168253226,0.5933886898562023,0.904114114170634,-0.6498481354842858,1,1,1,2,0,2024,8,3,0,1,0,0,0,0,0,0,0,0,0,0,0,0,1,0,0,0,0,0,0,0,0,0,0,0,0,0,1,1,0,0,0,0,0,0,1,0
ORD-10919,2024-08-13,Priya Ferrari,Webcam HD 1080p,0.16365677144541152,-0.1200573574032476,-0.4921165670117554,0.0005237547959912231,-0.03296128249881154,0.07222552062607474,0.6030549045052553,-0.08680185569203125,-0.5524732742953876,1,1,2,1,0,2024,8,3,0,0,0,0,0,1,0,0,0,0,0,0,0,0,0,0,0,1,0,0,0,0,0,0,0,0,0,0,1,0,0,1,0,0,0,0,1,0
ORD-11751,2024-08-13,Elizabeth Singh,Whiteboard Markers Set 8,-0.9458806620828024,-0.8031093357087973,0.19663999983464828,-0.6107108768357319,-1.3485783564404694,-0.588531579800112,-1.3387802161045403,-0.8021955205741138,1.4999907490014566,0,2,0,2,1,2024,8,3,0,0,1,0,0,1,0,0,0,0,0,0,0,0,0,0,0,1,0,0,0,0,0,0,0,0,0,1,0,0,0,1,0,0,0,0,1,0
ORD-10058,2024-08-14,Raj Santos,Corner L-Shaped Desk,0.16365677144541152,3.4547410778018492,1.5741531335274555,2.2718359847034275,-0.3642593229528244,1.3623304931131186,0.14301468880031667,2.9052326152446053,-0.6930891755376609,1,1,1,0,0,2024,8,3,0,0,0,0,0,1,0,0,0,1,0,0,0,0,0,0,0,0,0,0,0,0,0,0,0,0,1,0,0,0,0,1,0,0,0,0,0,1
ORD-11383,2024-08-14,Thomas Wang,Desk Organizer Set,-0.9458806620828024,-0.24655313551263947,-0.4921165670117554,-0.4998577677156452,-1.241337372247263,-0.4873967727256372,0.15232289549940486,-0.21808823401527874,-0.3108515848368334,0,2,2,1,1,2024,8,3,0,0,1,0,0,1,0,0,0,0,0,0,0,0,0,0,0,0,0,0,0,0,0,0,0,1,1,0,0,0,0,0,0,0,0,0,0,1
ORD-11622,2024-08-14,Zara Anderson,Noise Cancelling Earbuds,-0.2061890397306598,0.39513232712004814,-1.180873133858159,0.1874576534300997,-0.6419368713102339,0.3802831608665845,0.7856389589873711,0.5198982598752115,-0.6254218991182571,1,2,1,1,0,2024,8,3,0,1,0,1,0,0,0,0,0,0,0,0,0,0,0,0,0,0,0,0,0,0,0,0,1,0,0,0,1,0,1,0,0,0,0,0,0,1
ORD-11976,2024-08-14,Jennifer Anderson,Ballpoint Pen Pack 12,0.5335025826214829,-0.8121897903686937,1.5741531335274555,-0.5400420197716767,-0.6974723809817159,-0.5312388206522427,-0.07823422427801194,-0.8235484992101089,0.1298109225773331,0,1,0,0,1,2024,8,3,0,1,0,0,0,1,0,0,0,0,0,0,0,0,0,0,0,1,0,0,0,0,0,0,0,0,0,1,0,0,0,1,0,0,0,0,0,1
ORD-11301,2024-08-15,Emma Suzuki,Ballpoint Pen Pack 12,-0.5760348509067311,-0.6985579896941554,-1.180873133858159,-0.5396237061523556,-0.00998107160026745,-0.5275307867480025,-0.02990315103274595,-0.6747664545205944,0.4562642707665545,0,2,0,1,1,2024,8,3,0,0,0,0,0,0,0,0,0,0,0,0,0,0,0,0,0,0,0,0,0,1,0,0,0,0,0,1,0,1,0,0,0,0,0,1,0,0
ORD-11719,2024-08-15,Sarah Patel,Standing Desk Converter,-0.2061890397306598,2.9308492908961528,0.19663999983464828,1.5246494267923527,-0.5634211507402077,1.350479325928978,0.4337171441718422,2.8685881486821874,-0.6858273214828956,1,2,1,2,0,2024,8,3,0,0,1,0,0,1,0,0,0,0,0,0,0,0,0,0,0,0,0,0,0,0,0,0,0,1,1,0,0,0,0,1,0,0,0,1,0,0
ORD-10448,2024-08-16,Lucas Moreau,Desk Calendar 2025,2.3827316385018396,-0.751275073691888,0.19663999983464828,-0.30965579393059084,0.972422944312499,-0.25808032303987666,0.5536498074100945,-0.7513616553051963,-0.24648515116959563,1,0,0,2,2,2024,8,3,0,0,1,1,0,0,0,0,0,0,0,0,0,0,0,1,0,0,0,0,0,0,0,0,0,0,0,1,0,0,1,0,0,0,0,0,0,0
ORD-10748,2024-08-16,Richard Patel,Silk Tie Collection,-0.2061890397306598,-0.6666502809586856,-0.4921165670117554,-0.4809029318401587,-0.23595314543595242,-0.46144053539595536,0.2633053599885341,-0.6539645204945603,-0.06559896835089658,0,2,3,1,2,2024,8,3,0,0,0,0,0,0,0,0,0,0,0,0,0,0,0,0,1,0,0,0,0,0,0,0,0,0,0,0,0,0,0,1,0,0,0,0,0,0
ORD-11186,2024-08-16,Karen Hassan,Paper Clips Box 500pc,-0.2061890397306598,-0.8729783896196678,-1.180873133858159,-0.6011942419961772,0.3079118458295946,-0.6337550521224147,-2.960914237395651,-0.8652901284146672,3.158664231964892,0,2,0,1,1,2024,8,3,0,0,0,0,0,0,0,0,0,0,0,0,0,0,0,0,0,0,0,0,0,1,0,0,0,0,0,1,0,0,0,1,0,0,0,0,0,0
ORD-11446,2024-08-16,Wei Suzuki,Travel Backpack 30L,0.9033483937975542,0.31113812151600534,0.8853965666810519,0.6732766330691211,1.424367091983869,0.7708627321132255,0.6120051032543786,0.22564043815594936,-0.5914232187709468,1,1,1,0,0,2024,8,3,0,0,0,0,0,0,1,0,0,0,0,0,0,0,0,0,0,0,0,0,0,0,0,0,0,0,0,0,0,0,1,0,0,0,0,0,0,0
ORD-11697,2024-08-16,Thomas Yamamoto,Wireless Ergonomic Mouse,-0.9458806620828024,-0.08613176985446756,0.19663999983464828,-0.476955097057816,-1.1321813704791777,-0.45918663243455443,0.2572192248391302,-0.09740946443378362,-0.3402290853311112,0,2,2,2,2,2024,8,3,0,0,0,0,0,1,0,0,0,0,0,0,0,0,0,0,0,0,0,0,0,0,0,0,0,1,0,0,1,0,1,0,0,0,0,0,0,0
ORD-10315,2024-08-18,Jamal Sharma,Noise Cancelling Earbuds,-0.5760348509067311,0.6096580684601036,0.19663999983464828,-0.060837624238169956,-0.43128493807357837,-0.035743701879744766,0.5017386546651794,0.5865746576805125,-0.5653465610288352,1,2,1,2,0,2024,8,3,1,1,0,1,0,0,0,0,0,0,0,0,0,1,0,0,0,0,0,0,0,0,0,0,0,0,0,0,1,0,0,0,0,0,1,0,0,0
ORD-11942,2024-08-18,Lucas Laurent,Smart LED Desk Lamp,0.16365677144541152,-0.12308417562321314,-1.180873133858159,0.03137438422092103,1.0968990866796133,0.11897583043835878,0.6324115564023798,-0.04616231570739528,-0.4838157450503339,1,1,2,1,0,2024,8,3,1,0,0,0,0,0,1,0,0,0,0,1,0,0,0,0,0,0,0,0,0,0,0,0,0,0,0,0,1,0,1,0,0,0,1,0,0,0
ORD-11094,2024-08-19,Xiao Romano,Sticky Notes Multicolor 6-Pack,0.16365677144541152,-0.791380415106431,-0.4921165670117554,-0.5283292384306864,0.2293961252595684,-0.526222068899447,-0.0879004389270651,-0.7834600038354342,0.43183803440052576,0,1,0,1,1,2024,8,3,0,1,0,0,0,1,0,0,0,0,0,0,0,0,0,0,0,1,0,0,0,0,0,0,0,0,0,1,0,0,0,0,1,0,0,0,0,0
ORD-10248,2024-08-20,Amina Thomas,Leather Wallet Minimalist,-0.5760348509067311,-0.20354709330396292,-0.4921165670117554,-0.3493432985636785,-0.9464246657159452,-0.26120670456698114,0.716901432594104,-0.17345362060842445,-0.4838157450503339,0,2,2,1,2,2024,8,3,0,0,0,0,0,1,0,0,0,0,0,0,0,0,0,0,0,1,0,0,0,0,0,0,0,0,0,0,0,0,0,1,0,0,0,0,1,0
ORD-11240,2024-08-20,Olga Li,Paper Clips Box 500pc,-0.5760348509067311,-0.8090368547228963,0.8853965666810519,-0.5926188128000951,-0.16318247759056217,-0.6117249683383991,-1.7945243364099,-0.8144562631457497,1.822153001612862,0,2,0,0,1,2024,8,3,0,1,0,0,0,0,0,0,0,0,0,0,0,0,0,0,0,0,0,0,0,1,0,0,0,0,0,1,0,0,0,1,0,0,0,0,1,0
ORD-10818,2024-08-22,Kenji Wang,Silk Tie Collection,-0.5760348509067311,-0.5209846541228454,0.19663999983464828,-0.4827330539246884,-0.5538460628658145,-0.4640579710930662,0.2529231294395509,-0.5248823206111575,-0.1524111327328634,0,2,3,2,2,2024,8,3,0,0,0,1,0,0,0,0,0,0,0,0,0,0,0,0,0,0,0,0,0,0,1,0,0,0,0,0,0,0,1,0,0,0,0,1,0,0
ORD-11132,2024-08-24,Jamal Nilsson,Binder Clips Assorted 48pc,1.6430400161496967,-0.8037399228379567,0.8853965666810519,-0.4627585786021068,2.805094763471402,-0.5545049157376718,-0.5425705353825298,-0.8094968616560992,0.6671881226299645,0,0,0,0,1,2024,8,3,1,0,0,0,0,0,1,0,0,0,0,0,0,0,0,0,0,0,0,0,0,0,0,0,0,0,0,1,0,0,0,1,0,1,0,0,0,0
ORD-10608,2024-08-25,Sophie Williams,Whiteboard Markers Set 8,0.16365677144541152,-0.7993258129338403,-0.4921165670117554,-0.5345777981192951,-0.1708425478900771,-0.5201874254866639,0.030600192511327746,-0.7917256729848516,0.32258013930382984,0,1,0,1,1,2024,8,3,1,1,0,0,0,0,0,0,0,0,0,0,0,0,0,0,0,0,0,0,0,1,0,0,0,0,0,1,0,0,0,1,0,0,1,0,0,0
ORD-10629,2024-08-25,Ahmed Anderson,Smart LED Desk Lamp,0.16365677144541152,-0.5033282145063801,-1.180873133858159,-0.2839295063423443,0.055129525945607875,-0.23605023925586094,0.5414775371112869,-0.4615121904656234,-0.39997433914531655,1,1,3,1,2,2024,8,3,1,0,1,0,0,0,0,0,0,0,1,0,0,0,0,0,0,0,0,0,0,0,0,0,0,0,0,0,1,0,0,1,0,0,1,0,0,0
ORD-11246,2024-08-25,Felix Schmidt,Mechanical Gaming Keyboard,-0.9458806620828024,0.74510818380356,0.19663999983464828,-0.32186532269452495,-1.197291968025053,-0.28898060557521216,0.47596208226770426,0.7197896921386242,-0.5415804932132395,1,2,1,2,2,2024,8,3,1,1,0,0,0,1,0,0,0,1,0,0,0,0,0,0,0,0,0,0,0,0,0,0,0,0,0,0,1,0,1,0,0,0,1,0,0,0
ORD-10245,2024-08-26,Hans Anderson,Portable External SSD 1TB,-0.9458806620828024,0.9120876556049906,-1.180873133858159,-0.2526344186968859,-0.5078856410687259,-0.17555839203374526,0.6424357790013979,1.0845812239329156,-0.49338818903161547,1,2,1,1,2,2024,8,3,0,0,0,0,0,0,0,0,0,0,0,0,0,0,0,0,1,0,0,0,0,0,0,0,0,0,0,0,1,0,0,0,1,0,0,0,0,0
ORD-10613,2024-08-26,Ingrid Martin,Sports Water Bottle 750ml,-0.9458806620828024,-0.672199447695289,-0.4921165670117554,-0.583677359187107,-0.9464246657159452,-0.5698459971846266,-0.5171519709350195,-0.6597504888991526,0.65497500444695,0,2,3,1,1,2024,8,3,0,1,0,1,0,0,0,0,0,0,0,0,0,0,0,0,0,0,0,0,0,0,0,0,1,0,0,0,0,0,1,0,1,0,0,0,0,0
ORD-11635,2024-08-26,Yuki Kim,Polarized Sunglasses,-0.2061890397306598,0.020941924676812218,-1.180873133858159,-0.045255441918459635,-0.29340367268231315,0.1576557135178847,0.8926833360268861,0.11116092043651728,-0.5590749597997197,1,2,2,1,0,2024,8,3,0,1,0,0,0,1,0,0,0,0,0,0,0,0,0,0,0,0,0,0,0,0,0,0,0,1,0,0,0,0,1,0,1,0,0,0,0,0
ORD-10108,2024-08-28,Diego Thomas,Cotton Formal Shirt,-0.2061890397306598,-0.3524917732114322,0.19663999983464828,-0.3130807366887822,-0.6208716779865684,-0.2518275599856676,0.5923146660063074,-0.35929341531782727,-0.46566110991342075,1,2,3,2,2,2024,8,3,0,0,0,0,0,1,0,0,0,0,0,0,0,0,0,0,0,0,0,0,0,0,0,0,0,1,0,0,0,0,0,1,0,0,0,0,0,1
ORD-10563,2024-08-28,Karen Rossi,Floating Wall Shelves Set,0.16365677144541152,0.22474768482115656,-0.4921165670117554,0.27214001674141114,0.16237051013881443,0.2502838545767493,0.460209732469247,0.2709638573252553,-0.594724061523113,1,1,1,1,0,2024,8,3,0,0,0,0,0,0,0,0,0,0,0,0,0,0,0,0,0,0,0,0,0,1,0,0,0,0,1,0,0,0,0,0,0,0,0,0,0,1
ORD-11347,2024-08-28,Amina Wang,Smart LED Desk Lamp,-0.5760348509067311,-0.10706726254256228,1.5741531335274555,-0.3622064423578018,-1.141756458353571,-0.39229660906394576,0.16270512604838788,-0.2073428641210361,-0.5049411386641965,0,2,2,0,2,2024,8,3,0,0,0,0,0,1,0,0,0,0,0,0,0,0,0,0,0,0,0,0,0,0,0,0,0,1,0,0,1,0,0,1,0,0,0,0,0,1
ORD-11480,2024-08-29,Richard Costa,Standing Desk Converter,-0.2061890397306598,2.5788555553993304,0.8853965666810519,1.2187053034613964,-0.6017215022377816,0.8663991350577688,0.28693388468621966,2.331181892817561,-0.6802158888042134,1,2,1,0,0,2024,8,3,0,0,0,0,0,1,0,0,0,0,0,0,0,0,0,0,0,1,0,0,0,0,0,0,0,0,1,0,0,0,0,1,0,0,0,1,0,0
ORD-11823,2024-08-29,Oscar Johansson,Stapler Full-Size,0.16365677144541152,-0.731726872687944,0.8853965666810519,-0.4973478859997188,0.7981563449985385,-0.5236046332023363,-0.20604306241549292,-0.7426827026983079,0.35690890392635655,0,1,0,0,1,2024,8,3,0,0,0,0,0,0,0,0,0,0,1,0,0,0,0,0,0,0,0,0,0,0,0,0,0,0,0,1,0,0,0,0,0,0,0,1,0,0
ORD-11613,2024-08-30,Ingrid Laurent,Canvas Messenger Bag,-0.5760348509067311,-0.1969889871607043,-0.4921165670117554,-0.3467549830441293,-1.1838868450009024,-0.248773885005705,0.759862386589896,-0.16670332413640013,-0.5234258580763265,0,2,2,1,2,2024,8,3,0,0,0,0,0,1,0,0,0,1,0,0,0,0,0,0,0,0,0,0,0,0,0,0,0,0,0,0,0,0,1,0,0,0,0,0,0,0
ORD-10055,2024-08-31,Hans Park,Polarized Sunglasses,0.16365677144541152,-0.45906099803938455,0.8853965666810519,-0.30515892252288923,0.3864275663996208,-0.3101382107935242,0.33204288638180113,-0.48947770442115257,-0.3336273998267791,1,1,3,0,2,2024,8,3,1,1,0,1,0,0,0,0,0,0,0,0,0,0,0,1,0,0,0,0,0,0,0,0,0,0,0,0,0,1,0,0,0,1,0,0,0,0
ORD-11966,2024-09-01,Wei Thompson,Tape Dispenser Heavy Duty,-0.9458806620828024,-0.6714427431402976,0.8853965666810519,-0.5887755564225826,-0.44469006109772924,-0.5960203541557344,-1.2489202206633423,-0.6866139136347594,1.3187744819075407,0,2,3,0,1,2024,9,3,1,0,0,0,0,0,0,0,0,0,0,0,0,0,1,0,0,0,0,0,0,0,0,0,0,0,0,1,0,0,1,0,0,0,1,0,0,0
ORD-10403,2024-09-03,Ethan Williams,Standing Desk Converter,-0.5760348509067311,0.4909815707522894,-1.180873133858159,-0.046431948972800154,-0.8066283827498012,0.01224261923395282,0.5769203241578154,0.624596735767833,-0.5980249042752789,1,2,1,1,0,2024,9,3,0,0,0,0,0,1,0,0,0,0,0,0,0,0,0,0,0,1,0,0,0,0,0,0,0,0,1,0,0,0,0,1,0,0,0,0,1,0
ORD-10140,2024-09-04,Sarah Khan,Tape Dispenser Heavy Duty,-0.2061890397306598,-0.6463453753997503,0.19663999983464828,-0.47755642288559,-0.4983105531943324,-0.4357024177076994,0.45483961321977306,-0.6481785520899681,-0.15538189120981286,0,2,3,2,2,2024,9,3,0,0,1,1,0,0,0,0,0,0,0,0,0,0,0,1,0,0,0,0,0,0,0,0,0,0,0,1,0,0,0,0,0,0,0,0,0,1
ORD-11959,2024-09-04,Ali Patel,Tablet Stand Holder,1.6430400161496967,-0.5477215483992075,-1.180873133858159,-0.008051674400090955,0.5185637790662501,0.09156546216583765,0.6606941844496095,-0.510004116142206,-0.5102224870676623,1,0,3,1,0,2024,9,3,0,0,0,0,1,0,0,0,0,0,0,0,0,0,0,0,0,0,0,1,0,0,0,0,0,0,0,0,1,0,0,1,0,0,0,0,0,1
ORD-10929,2024-09-05,Noah Dubois,Noise Cancelling Earbuds,-0.5760348509067311,0.08210887620528197,0.19663999983464828,-0.257706471331154,-1.0843059311072105,-0.22383553933601066,0.4952945115658106,0.06804167970705617,-0.5594050440749363,1,2,2,2,2,2024,9,3,0,0,0,0,0,1,0,0,0,0,0,0,0,0,0,0,0,1,0,0,0,0,0,0,0,0,0,0,1,0,0,1,0,0,0,1,0,0
ORD-11370,2024-09-05,Ivan Müller,Sports Water Bottle 750ml,-0.5760348509067311,-0.7696882178633448,-1.180873133858159,-0.5691148163144919,-0.3259589714552508,-0.5695551709960588,-0.5565328454311622,-0.7524637445251187,0.7771061862770936,0,2,0,1,1,2024,9,3,0,0,0,1,0,0,0,0,0,0,0,0,1,0,0,0,0,0,0,0,0,0,0,0,0,0,0,0,0,0,1,0,0,0,0,1,0,0
ORD-11534,2024-09-05,Jessica Williams,Wireless Ergonomic Mouse,-0.9458806620828024,-0.542298499088436,-0.4921165670117554,-0.5581079392061059,-1.1513315462279647,-0.5394546604792849,-0.06534593807927425,-0.5250200817636477,0.06379406753401227,0,2,3,1,1,2024,9,3,0,0,0,0,0,1,0,0,0,0,0,0,0,0,0,0,0,0,0,0,0,0,0,0,0,1,0,0,1,0,0,0,0,0,0,1,0,0
ORD-10174,2024-09-06,Clara Schmidt,Ballpoint Pen Pack 12,0.9033483937975542,-0.7545541267635172,0.8853965666810519,-0.4534249559710052,0.23322616040932567,-0.4446453230061612,0.23394870809140958,-0.7637601590293225,-0.048764670314849726,0,1,0,0,2,2024,9,3,0,1,0,0,0,0,1,0,1,0,0,0,0,0,0,0,0,0,0,0,0,0,0,0,0,0,0,1,0,0,1,0,0,0,0,0,0,0
ORD-10848,2024-09-06,Pierre Patel,Canvas Messenger Bag,-0.2061890397306598,-0.06191722409474348,0.19663999983464828,-0.15046131717771172,-0.1555224072910476,-0.06853435464077134,0.6402877313016083,-0.07357678505296326,-0.5098924027924456,1,2,2,2,0,2024,9,3,0,0,0,1,0,0,0,0,0,0,0,0,0,1,0,0,0,0,0,0,0,0,0,0,0,0,0,0,0,0,0,1,0,0,0,0,0,0
ORD-11023,2024-09-06,Olivia Garcia,Desk Calendar 2025,1.6430400161496967,-0.8295939951334955,1.5741531335274555,-0.5070998222501415,-0.14403230184177537,-0.5121897053010477,-0.05030960418074713,-0.838702225984041,0.10406434911043792,0,0,0,0,1,2024,9,3,0,0,1,0,0,1,0,0,0,0,0,0,0,0,0,0,0,0,0,0,0,0,0,0,0,1,0,1,0,0,0,1,0,0,0,0,0,0
ORD-11314,2024-09-06,David Suzuki,Laptop Stand Adjustable,0.5335025826214829,-0.20266427132313963,0.19663999983464828,0.04023740403028649,0.8000713625734168,0.02678392866234601,0.4383712475213862,-0.21202674330570595,-0.5069216443154962,1,1,2,2,0,2024,9,3,0,0,0,0,1,0,0,0,0,0,0,0,0,0,0,0,0,0,0,0,0,0,0,1,0,0,0,0,1,0,0,0,0,0,0,0,0,0
ORD-11582,2024-09-06,Christopher Müller,Ergonomic Office Chair,-0.9458806620828024,1.4395107304339803,-1.180873133858159,-0.14329769644683818,-1.2777227061699579,-0.0776226730335171,0.5966107614058865,1.6606983636473136,-0.6161795394121922,1,2,1,1,0,2024,9,3,0,0,0,0,0,1,0,0,0,0,0,0,0,0,0,0,0,1,0,0,0,0,0,0,0,0,1,0,0,0,0,0,0,0,0,0,0,0
ORD-10544,2024-09-07,William Robinson,USB-C Hub Multiport Adapter,-0.5760348509067311,-0.28426224583637644,-1.180873133858159,-0.36785367621863635,-0.9943001050879123,-0.3012680120422044,0.6227453417533265,-0.22222106858998755,-0.47523355389470223,0,2,2,1,2,2024,9,3,1,0,0,0,0,1,0,0,0,1,0,0,0,0,0,0,0,0,0,0,0,0,0,0,0,0,0,0,1,0,0,1,0,1,0,0,0,0
ORD-11124,2024-09-07,Omar Weber,Canvas Messenger Bag,-0.9458806620828024,-0.5222458283811645,-1.180873133858159,-0.5499769682305524,-0.1593524424408049,-0.5492700443434503,-0.280150708058234,-0.48217636333916714,0.5222811258098753,0,2,3,1,1,2024,9,3,1,0,1,0,0,0,1,0,1,0,0,0,0,0,0,0,0,0,0,0,0,0,0,0,0,0,0,0,0,1,0,0,0,1,0,0,0,0
ORD-10493,2024-09-09,Linda Fischer,Ballpoint Pen Pack 12,1.6430400161496967,-0.7334925166495906,-1.180873133858159,-0.31613965503006763,2.0141925050465046,-0.26251542241553655,0.5615259823093233,-0.7129262937604051,-0.08870486761605885,1,0,0,1,2,2024,9,3,0,0,0,0,0,1,0,0,0,0,0,0,0,0,0,0,0,0,0,0,0,0,0,0,0,1,0,1,0,0,1,0,1,0,0,0,0,0
ORD-10208,2024-09-10,Ivan Thomas,Portable External SSD 1TB,-0.5760348509067311,-0.06216945894640722,-1.180873133858159,-0.27577239076558324,0.14513535196490626,-0.2292885303716581,0.5368234337617427,0.02037632094541548,-0.39601332784271726,1,2,2,1,2,2024,9,3,0,0,1,0,0,0,1,0,0,0,0,1,0,0,0,0,0,0,0,0,0,0,0,0,0,0,0,0,1,0,0,1,0,0,0,0,1,0
ORD-10484,2024-09-10,Maria Costa,Canvas Messenger Bag,0.5335025826214829,-0.20442991528478618,-1.180873133858159,0.11325927520302284,1.246270457520151,0.31957319400304285,0.8300319447830229,-0.13501825906363318,-0.5013102116368139,1,1,2,1,0,2024,9,3,0,0,0,0,0,0,0,0,0,0,0,0,0,0,0,0,1,0,0,0,0,0,0,0,0,0,0,0,0,0,1,0,0,0,0,0,1,0
ORD-10857,2024-09-10,Layla Johansson,Mechanical Gaming Keyboard,2.3827316385018396,-0.1307773385989588,0.19663999983464828,0.8480271475405028,1.2692506684186955,0.8826126950704273,0.5522177756102348,-0.1413552720781866,-0.6118884438343763,1,0,2,2,0,2024,9,3,0,0,0,1,0,0,0,0,0,0,0,0,0,0,0,0,0,0,0,0,0,0,0,0,1,0,0,0,1,0,0,1,0,0,0,0,1,0
ORD-10901,2024-09-10,Richard Tanaka,Ergonomic Office Chair,0.5335025826214829,1.7788927233476128,0.8853965666810519,1.7486563699387918,1.1543496139259741,1.233203665388987,0.26187332818867426,1.5883737585899107,-0.657109989539051,1,1,1,0,0,2024,9,3,0,1,0,0,0,0,0,0,0,0,0,0,0,0,1,0,0,0,0,0,0,0,0,0,0,0,1,0,0,0,1,0,0,0,0,0,1,0
ORD-11644,2024-09-11,Joseph Romano,Highlighters Neon Pack 6,-0.5760348509067311,-0.8121897903686937,0.19663999983464828,-0.591416161144547,0.27152651190689964,-0.6232853093339716,-2.1178055152282345,-0.8111499954859828,2.215613457671054,0,2,0,2,1,2024,9,3,0,0,0,0,0,0,1,0,1,0,0,0,0,0,0,0,0,0,0,0,0,0,0,0,0,0,0,1,0,0,1,0,0,0,0,0,0,1
ORD-11672,2024-09-11,Liam Nilsson,Desk Calendar 2025,0.16365677144541152,-0.7028459821724398,-1.180873133858159,-0.44937254278383215,0.2447162658585979,-0.3991310244952906,0.5314533145122687,-0.6794503337052642,-0.06097778849786411,0,1,0,1,2,2024,9,3,0,0,1,1,0,0,0,0,0,0,0,0,0,0,0,0,0,0,0,0,0,0,0,0,1,0,0,1,0,0,0,1,0,0,0,0,0,1
ORD-11073,2024-09-12,Elizabeth Chen,Sports Water Bottle 750ml,2.012885827325768,-0.646849845103078,-1.180873133858159,-0.114826225731797,-0.5959764495131457,0.07237093372035863,0.8966214234765003,-0.6182843819995749,-0.5627058868271023,1,0,3,1,0,2024,9,3,0,0,1,0,0,1,0,0,0,1,0,0,0,0,0,0,0,0,0,0,0,0,0,0,0,0,0,0,0,0,1,0,0,0,0,1,0,0
ORD-11058,2024-09-13,Omar Costa,Ergonomic Office Chair,-0.9458806620828024,3.8265352491542797,1.5741531335274555,0.154541600509772,-1.093881018981604,-0.0819850658620351,0.09325158375519099,3.230073412816712,-0.6468773770073363,1,2,1,0,0,2024,9,3,0,1,0,0,0,1,0,0,0,0,0,0,0,0,0,0,0,1,0,0,0,0,0,0,0,0,1,0,0,0,1,0,0,0,0,0,0,0
ORD-10370,2024-09-14,Linda Santos,Mechanical Gaming Keyboard,-0.9458806620828024,1.280728891311623,0.8853965666810519,-0.24479103833461563,-0.8315236112232239,-0.25829844268130253,0.34099308513092447,1.125909569680003,-0.5356389762593408,1,2,1,0,2,2024,9,3,1,1,0,1,0,0,0,0,0,0,0,0,0,0,0,0,0,0,0,0,0,0,0,0,1,0,0,0,1,0,1,0,0,1,0,0,0,0
ORD-11781,2024-09-14,Ingrid White,Highlighters Neon Pack 6,-0.9458806620828024,-0.7582115321126423,-0.4921165670117554,-0.6006190607696108,-0.4906504828948178,-0.6046724332656284,-1.7805620263612676,-0.7490197157128614,1.993796824725496,0,2,0,1,1,2024,9,3,1,0,0,0,0,0,0,1,0,0,0,0,0,0,0,0,0,0,0,0,0,0,0,0,0,0,0,1,0,0,1,0,0,1,0,0,0,0
ORD-11939,2024-09-14,Amir Moreau,Webcam HD 1080p,-0.5760348509067311,-0.3808681940236089,-1.180873133858159,-0.4079072052686299,-0.2646784090591328,-0.37906401748410795,0.4165327625735253,-0.3277461113975506,-0.2851050113699383,0,2,3,1,2,2024,9,3,1,0,1,0,0,0,0,0,0,0,0,0,0,0,1,0,0,0,0,0,0,0,0,0,0,0,0,0,1,0,0,1,0,1,0,0,0,0
ORD-10184,2024-09-15,Isabella Ferrari,Smart LED Desk Lamp,0.16365677144541152,-0.4000380427500571,1.5741531335274555,-0.2853151702063454,-0.24169819816058838,-0.35965136939720305,0.08931349630557675,-0.46330308544799725,-0.43727386224479275,1,1,3,0,2,2024,9,3,1,1,0,1,0,0,0,0,0,0,0,0,0,1,0,0,0,0,0,0,0,0,0,0,0,0,0,0,1,0,1,0,0,0,1,0,0,0
ORD-10229,2024-09-15,Xiao Martin,Travel Backpack 30L,0.9033483937975542,-0.5057244455971861,-0.4921165670117554,-0.13822564381257008,-0.7300276797546537,0.008679998423996423,0.807477443935232,-0.48699800367632734,-0.5673270666801348,1,1,3,1,0,2024,9,3,1,0,1,0,0,1,0,0,0,0,0,0,0,0,0,0,0,1,0,0,0,0,0,0,0,0,0,0,0,0,1,0,0,0,1,0,0,0
ORD-10286,2024-09-15,Oscar Williams,Sports Water Bottle 750ml,0.16365677144541152,-0.7665352822175474,2.2629097003738594,-0.534996111738616,-0.5729962386146012,-0.558358362736196,-0.4655988261400692,-0.7922767175948129,0.1430142935859972,0,1,0,3,1,2024,9,3,1,1,0,0,0,1,0,0,0,0,0,0,0,0,0,0,0,0,0,0,0,0,0,0,0,1,0,0,0,0,1,0,0,0,1,0,0,0
ORD-10426,2024-09-15,Ayumi Thomas,Polarized Sunglasses,1.6430400161496967,-0.13657874018722602,2.2629097003738594,0.3469920099986772,2.1865440867855863,0.15445662544363822,0.24468894659035761,-0.27608567921369137,-0.5115428241685287,1,0,2,3,0,2024,9,3,1,0,0,0,1,0,0,0,0,0,0,0,0,0,0,0,0,0,0,0,1,0,0,0,0,0,0,0,0,0,0,1,0,0,1,0,0,0
ORD-11799,2024-09-15,Jamal Pereira,Smart LED Desk Lamp,-0.5760348509067311,-0.533722514131867,0.19663999983464828,-0.4874913713444658,-1.1589916165274794,-0.4695109621287136,0.23645476374116414,-0.537418585487774,-0.3207541130933315,0,2,3,2,2,2024,9,3,1,0,0,0,0,1,0,0,0,0,0,0,0,0,0,0,0,0,0,0,0,0,0,0,0,1,0,0,1,0,0,0,0,0,1,0,0,0
ORD-11951,2024-09-15,William Romano,Desk Organizer Set,0.16365677144541152,-0.5581892947432548,0.19663999983464828,-0.3598272836479131,-0.05977152854711326,-0.41548999760223293,0.045994534359819844,-0.561526787173575,-0.32867613569853005,0,1,3,2,2,2024,9,3,1,0,0,0,0,1,0,0,0,1,0,0,0,0,0,0,0,0,0,0,0,0,0,0,0,0,1,0,0,1,0,0,0,0,1,0,0,0
ORD-10466,2024-09-16,Zara Harris,Wireless Ergonomic Mouse,0.5335025826214829,-0.1315340431539502,-1.180873133858159,0.18881717269289316,-0.16318247759056217,0.36377877466535813,0.7573563309401414,-0.05539231292424482,-0.5993452413761453,1,1,2,1,0,2024,9,3,0,1,0,0,0,1,0,0,0,1,0,0,0,0,0,0,0,0,0,0,0,0,0,0,0,0,0,0,1,0,0,0,1,0,0,0,0,0
ORD-11433,2024-09-16,Pierre Smith,Tape Dispenser Heavy Duty,-0.9458806620828024,-0.7544280093376854,0.19663999983464828,-0.601638700216706,-0.9502547008657025,-0.5910763089500807,-1.2643145625118344,-0.7543924006599828,1.4296827983803195,0,2,0,2,1,2024,9,3,0,0,0,1,0,0,0,0,0,0,0,0,0,0,0,0,0,0,0,0,0,0,1,0,0,0,0,1,0,0,1,0,1,0,0,0,0,0
ORD-11473,2024-09-16,Zara Clark,Floating Wall Shelves Set,-0.2061890397306598,-0.1058060882842434,1.5741531335274555,-0.22594078086395936,-0.2551033211847392,-0.3783369520126883,-0.08718442302713526,-0.2062407749011137,-0.4808449865733845,1,2,2,0,2,2024,9,3,0,0,0,0,0,0,1,0,1,0,0,0,0,0,0,0,0,0,0,0,0,0,0,0,0,0,1,0,0,0,0,1,1,0,0,0,0,0
ORD-11491,2024-09-16,Carlos Yamamoto,Cotton Formal Shirt,-0.9458806620828024,-0.6720733302694571,-1.180873133858159,-0.5810367544651427,-1.2241022140733548,-0.5520328931348449,-0.08969047867688967,-0.6458366124976332,0.34667629139464196,0,2,3,1,1,2024,9,3,0,0,0,0,0,1,0,0,0,0,0,0,0,0,0,0,0,1,0,0,0,0,0,0,0,0,0,0,0,0,1,0,1,0,0,0,0,0
ORD-11504,2024-09-16,Yuki Pereira,Tape Dispenser Heavy Duty,0.16365677144541152,-0.7057466829665734,0.8853965666810519,-0.47902052055321387,-0.728112662179775,-0.44166435457334063,0.4165327625735253,-0.718574501012507,-0.21710765067531784,0,1,0,0,2,2024,9,3,0,1,0,0,0,1,0,0,0,1,0,0,0,0,0,0,0,0,0,0,0,0,0,0,0,0,0,1,0,1,0,0,1,0,0,0,0,0
ORD-11938,2024-09-16,Isabella Johansson,Folding Table Portable,-0.5760348509067311,-0.0032726210829118678,0.8853965666810519,-0.30866229908470333,0.2064159143610243,-0.4135269208293998,-0.06641996192916909,-0.06627544397097782,-0.3544227091654251,1,2,2,0,2,2024,9,3,0,1,0,0,1,0,0,0,0,0,0,0,0,0,0,0,0,0,0,0,1,0,0,0,0,0,1,0,0,0,1,0,1,0,0,0,0,0
ORD-10262,2024-09-17,Carlos Ferrari,Paper Clips Box 500pc,-0.5760348509067311,-0.8495205484149351,-0.4921165670117554,-0.6037825575157265,-1.1283513353294206,-0.5851143720844395,-1.0448556891833307,-0.8437993886261818,1.3148134706049417,0,2,0,1,1,2024,9,3,0,0,1,0,0,1,0,0,0,0,0,0,0,0,0,0,0,1,0,0,0,0,0,0,0,0,0,1,0,0,0,1,0,0,0,0,1,0
ORD-10998,2024-09-18,Diego Miller,Monitor Riser Wood,0.16365677144541152,-0.07478120152959683,-0.4921165670117554,0.03618499084311348,-0.6840672579575651,0.040670879166461484,0.47202399481809,-0.03982530269284187,-0.6056168426052608,1,1,2,1,0,2024,9,3,0,0,0,1,0,0,0,0,0,0,0,0,0,0,0,1,0,0,0,0,0,0,0,0,0,0,1,0,0,1,0,0,0,0,0,0,0,1
ORD-10050,2024-09-19,Robert Garcia,Whiteboard Markers Set 8,-0.2061890397306598,-0.753671304782694,-0.4921165670117554,-0.5323293624154443,0.014914156873155627,-0.5239681659380461,-0.034199246432325185,-0.7443358365281915,0.38232539311803515,0,2,0,1,1,2024,9,3,0,0,0,1,0,0,0,0,0,0,0,0,0,1,0,0,0,0,0,0,0,0,0,0,0,0,0,1,0,0,1,0,0,0,0,1,0,0
ORD-10697,2024-09-19,Sakura Garcia,Sticky Notes Multicolor 6-Pack,-0.5760348509067311,-0.8435930294008359,-1.180873133858159,-0.5997562889297611,-0.6112965901121749,-0.596674713080012,-1.4476146328938801,-0.8331917798844294,1.7627378320738734,0,2,0,1,1,2024,9,3,0,0,1,1,0,0,0,0,0,0,0,0,0,0,0,0,0,0,0,0,0,0,1,0,0,0,0,1,0,0,1,0,0,0,0,1,0,0
ORD-10329,2024-09-20,Amina Taylor,Binder Clips Assorted 48pc,0.9033483937975542,-0.7597249412226249,0.19663999983464828,-0.4486143493488127,1.545013199201226,-0.473000876391528,0.011625771163186263,-0.7596273244546138,0.25326244150834293,0,1,0,2,2,2024,9,3,0,0,0,0,0,0,0,0,0,0,0,0,0,0,1,0,0,0,0,0,0,0,0,0,0,0,0,1,0,0,0,1,0,0,0,0,0,0
ORD-10011,2024-09-21,James Ferrari,Mechanical Gaming Keyboard,2.012885827325768,1.1452787759681664,-1.180873133858159,3.228806822704025,1.0241284188342235,4.123070794640708,0.850080389981059,1.3393015948874638,-0.6848370686572459,1,0,1,1,0,2024,9,3,1,0,0,0,0,1,0,0,0,1,0,0,0,0,0,0,0,0,0,0,0,0,0,0,0,0,0,0,1,0,1,0,0,1,0,0,0,0
ORD-10931,2024-09-21,Maria Thomas,Desk Organizer Set,-0.2061890397306598,-0.3006575111945229,0.8853965666810519,-0.3034856680456049,0.6066545875106698,-0.4245056094478367,-0.11940513852397916,-0.34234879356152154,-0.3055702364333677,1,2,2,0,2,2024,9,3,1,1,0,0,0,0,0,0,0,0,1,0,0,0,0,0,0,0,0,0,0,0,0,0,0,0,1,0,0,0,1,0,0,1,0,0,0,0
ORD-10141,2024-09-22,Mia Ali,Premium Notebook Set A5,-0.5760348509067311,-0.6959095237516856,0.8853965666810519,-0.5527744405597621,0.38068251367498485,-0.5803157399730696,-0.7605973769111739,-0.7094822649481477,0.8675492776864432,0,2,0,0,1,2024,9,3,1,1,0,0,0,0,1,0,0,0,0,1,0,0,0,0,0,0,0,0,0,0,0,0,0,0,0,1,0,0,0,1,0,0,1,0,0,0
ORD-10648,2024-09-22,Omar Dubois,Ballpoint Pen Pack 12,-0.2061890397306598,-0.8438452642524997,0.8853965666810519,-0.59063182310832,0.47643339241891913,-0.6334642259338468,-2.3984837480007415,-0.8466923728284779,2.3773547525271903,0,2,0,0,1,2024,9,3,1,0,1,0,0,0,0,1,0,0,0,0,0,0,0,0,0,0,0,0,0,0,0,0,0,0,0,1,0,0,1,0,0,0,1,0,0,0
ORD-11925,2024-09-23,Sarah Miller,Smart LED Desk Lamp,-0.2061890397306598,-0.22713105193452748,0.19663999983464828,-0.2429347716488783,0.7234706595782696,-0.276547786013936,0.27583563823730667,-0.23599718383901666,-0.357063383367158,1,2,2,2,2,2024,9,3,0,1,0,0,0,0,1,0,0,0,0,1,0,0,0,0,0,0,0,0,0,0,0,0,0,0,0,0,1,0,0,1,1,0,0,0,0,0
ORD-10076,2024-09-24,Sarah Patel,Premium Notebook Set A5,0.5335025826214829,-0.6996930465266424,-1.180873133858159,-0.40008996950756726,0.2964217403803224,-0.32569741188190493,0.6728664547484173,-0.676006304893007,-0.1913610772084227,0,1,0,1,2,2024,9,3,0,0,0,0,0,0,0,0,0,0,0,0,0,0,0,0,1,0,0,0,0,0,0,0,0,0,0,1,0,0,0,0,0,0,0,0,1,0
ORD-11440,2024-09-24,Wei Patel,Tablet Stand Holder,0.5335025826214829,-0.6893514176084269,-0.4921165670117554,-0.4015802117763986,0.28301661735617184,-0.4106186589437212,0.21032018339372402,-0.6775216775704003,-0.19037082438277295,0,1,0,1,2,2024,9,3,0,1,0,0,0,0,1,0,0,0,0,1,0,0,0,0,0,0,0,0,0,0,0,0,0,0,0,0,1,1,0,0,0,0,0,0,1,0
ORD-11573,2024-09-24,Mia Chen,Wireless Bluetooth Headphones,-0.5760348509067311,0.13167302455721708,0.8853965666810519,-0.26110526948813784,-0.9291895075420369,-0.27065855569543673,0.34457316463057386,0.058949443642697,-0.5392699032867233,1,2,2,0,2,2024,9,3,0,0,0,1,0,0,0,0,0,0,0,0,0,0,0,0,0,0,0,0,0,0,1,0,0,0,0,0,1,0,1,0,0,0,0,0,1,0
ORD-11870,2024-09-25,Isabella Jones,Wireless Ergonomic Mouse,0.16365677144541152,-0.3072156173377816,1.5741531335274555,-0.22374463436252373,-0.39872963930064076,-0.3001774138350749,0.1551869590991244,-0.38229952778370596,-0.4980093688846479,1,1,2,0,2,2024,9,3,0,1,0,1,0,0,0,0,0,0,0,0,0,0,0,0,0,0,0,0,0,0,1,0,0,0,0,0,1,0,1,0,0,0,0,0,0,1
ORD-11920,2024-09-26,Pierre Jones,Sports Water Bottle 750ml,-0.9458806620828024,-0.555540828800785,0.8853965666810519,-0.5683566228794723,-0.6706621349334142,-0.571372834674608,-0.5941236801774801,-0.5790224535398419,0.520960788709009,0,2,3,0,1,2024,9,3,0,1,0,1,0,0,0,0,0,0,0,0,0,0,0,0,0,0,0,0,0,0,0,0,1,0,0,0,0,0,1,0,0,0,0,1,0,0
ORD-10106,2024-09-27,Karen Ali,Polarized Sunglasses,0.16365677144541152,-0.596907344473647,-1.180873133858159,-0.36152668272640504,0.49175353301794866,-0.3119558744720734,0.5407615212113569,-0.5637309656134196,-0.23460211726179783,0,1,3,1,2,2024,9,3,0,0,0,0,0,0,0,0,0,0,0,0,0,0,1,0,0,0,0,0,0,0,0,0,0,0,0,0,0,0,0,1,0,0,0,0,0,0
ORD-11522,2024-09-27,Amir Anderson,Smart LED Desk Lamp,0.16365677144541152,-0.5233808852136516,-0.4921165670117554,-0.3172115836795779,-0.1708425478900771,-0.29465171625228553,0.4351491759717019,-0.5053202369575361,-0.3979938334940169,1,1,3,1,2,2024,9,3,0,1,0,1,0,0,0,0,0,0,0,0,0,0,0,0,0,0,0,0,0,0,0,0,1,0,0,0,1,0,0,0,0,0,0,0,0,0
ORD-10223,2024-09-28,Jennifer Yamamoto,Floating Wall Shelves Set,-0.5760348509067311,-0.14326296375631653,-1.180873133858159,-0.3093943479185152,-0.3374490769045227,-0.2980689239679579,0.3939782617257345,-0.06820410010584191,-0.42902175536437764,1,2,2,1,2,2024,9,3,1,0,0,1,0,0,0,0,0,0,0,0,1,0,0,0,0,0,0,0,0,0,0,0,0,0,1,0,0,0,0,0,0,1,0,0,0,0
ORD-11955,2024-09-28,Olivia Jones,Desk Organizer Set,0.9033483937975542,-0.32638546606422975,-0.4921165670117554,0.07370249357597305,1.5526732695007412,-0.005788604457254765,0.3245247194325375,-0.30088268666194384,-0.46929203694080335,1,1,2,1,0,2024,9,3,1,0,0,1,0,0,0,0,0,0,0,0,0,0,0,0,0,0,0,0,0,0,0,0,1,0,1,0,0,0,1,0,0,1,0,0,0,0
ORD-10258,2024-09-29,Mia Santos,Binder Clips Assorted 48pc,0.9033483937975542,-0.8429624422716765,0.8853965666810519,-0.5468919052880594,-0.10573195034420178,-0.5540686764548199,-0.3671466398997127,-0.8458658059135362,0.5057769120490452,0,1,0,0,1,2024,9,3,1,0,0,0,0,0,0,0,0,0,0,0,0,0,0,0,1,0,0,0,0,0,0,0,0,0,0,1,0,0,1,0,0,0,1,0,0,0
ORD-10879,2024-09-29,Carlos Patel,Webcam HD 1080p,-0.2061890397306598,-0.4574214715035698,1.5741531335274555,-0.40090045214500186,0.02257422717267021,-0.4701653210529913,-0.12191119417373371,-0.5134481449544633,-0.24252413986699634,0,2,3,0,2,2024,9,3,1,1,0,0,1,0,0,0,0,0,0,0,0,0,0,0,0,0,0,0,0,0,0,1,0,0,0,0,1,1,0,0,0,0,1,0,0,0
ORD-11947,2024-09-30,Olivia Johnson,Mechanical Gaming Keyboard,-0.9458806620828024,1.1562509920155415,0.19663999983464828,-0.2451570627515216,-0.3585142702281885,-0.2378679029344101,0.4097306115241916,1.1239809135451386,-0.4805149022981679,1,2,1,2,2,2024,9,3,0,1,0,0,0,0,1,0,1,0,0,0,0,0,0,0,0,0,0,0,0,0,0,0,0,0,0,0,1,0,0,1,1,0,0,0,0,0
ORD-11826,2024-10-01,Robert Leroy,Polarized Sunglasses,-0.2061890397306598,-0.08499671302198045,-0.4921165670117554,-0.13725829356789004,0.04555443807121464,-0.019530141867086334,0.7312217505927012,-0.05043291143459434,-0.4973492003342147,1,2,2,1,0,2024,10,4,0,0,1,1,0,0,0,0,0,0,0,0,1,0,0,0,0,0,0,0,0,0,0,0,0,0,0,0,0,0,1,0,0,0,0,0,1,0
ORD-10296,2024-10-02,Michael Tanaka,Business Casual Blazer,-0.9458806620828024,-0.40230815641503126,0.19663999983464828,-0.5359373173820886,-0.16126746001568354,-0.5447622384206483,-0.28373078755788333,-0.40819862445188076,0.341725027266393,0,2,3,2,1,2024,10,4,0,0,0,0,0,0,1,0,0,0,0,1,0,0,0,0,0,0,0,0,0,0,0,0,0,0,0,0,0,1,0,0,0,0,0,0,0,1
ORD-11399,2024-10-02,Thomas Chen,Mesh Back Task Chair,-0.9458806620828024,1.0987414458361968,-0.4921165670117554,-0.23490837907815507,-1.3428333037158333,-0.21205707869901214,0.4641478199188613,1.177983285321333,-0.5983549885504955,1,2,1,1,2,2024,10,4,0,0,1,0,0,1,0,0,0,0,0,0,0,0,0,0,0,1,0,0,0,0,0,0,0,0,1,0,0,0,0,1,0,0,0,0,0,1
ORD-10312,2024-10-03,Lucas Nilsson,Mechanical Gaming Keyboard,0.16365677144541152,0.8734957233004303,-1.180873133858159,0.857752939189718,-0.19573777636349984,1.2021579697593676,0.8200077221840048,1.0424263112708865,-0.657109989539051,1,1,1,1,0,2024,10,4,0,0,0,1,0,0,0,0,0,0,0,0,0,0,0,0,0,0,0,0,0,0,0,0,1,0,0,0,1,0,0,1,0,0,0,1,0,0
ORD-10512,2024-10-03,Omar Dubois,Smart LED Desk Lamp,-0.2061890397306598,-0.45111560021197505,0.19663999983464828,-0.36829813443916504,-0.21297293453740834,-0.37651928833413917,0.2597252804888847,-0.45627726667099244,-0.34187950670719414,0,2,3,2,2,2024,10,4,0,0,1,1,0,0,0,0,0,0,0,0,0,0,0,0,0,0,0,0,0,0,1,0,0,0,0,0,1,1,0,0,0,0,0,1,0,0
ORD-10767,2024-10-03,Omar Thompson,Ergonomic Office Chair,0.16365677144541152,2.703081219843748,-0.4921165670117554,2.2244619673153143,0.5530340954140663,2.2357542439295552,0.550785743810375,2.8428268131665027,-0.6782353831529137,1,1,1,1,0,2024,10,4,0,0,0,1,0,0,0,0,0,0,0,0,0,0,0,0,0,0,0,0,0,0,0,0,1,0,1,0,0,1,0,0,0,0,0,1,0,0
ORD-11092,2024-10-03,Raj Thompson,Wool Blend Scarf,-0.2061890397306598,-0.22082518064293266,-0.4921165670117554,-0.21749607467391505,-0.10764696791908043,-0.11935623109300555,0.7015070907456118,-0.19136257043216226,-0.46962212121602,1,2,2,1,0,2024,10,4,0,0,1,0,0,0,0,0,0,0,1,0,0,0,0,0,0,0,0,0,0,0,0,0,0,0,0,0,0,0,0,0,0,0,0,1,0,0
ORD-11797,2024-10-03,Hanna Sato,Sticky Notes Multicolor 6-Pack,0.9033483937975542,-0.8357737489992584,1.5741531335274555,-0.5448264817926615,-0.630446765860962,-0.5396000735735688,-0.16523015611949055,-0.8440749109311624,0.2103514857301844,0,1,0,0,1,2024,10,4,0,0,0,0,0,1,0,0,0,0,0,0,0,0,0,0,0,0,0,0,0,0,0,0,0,1,0,1,0,0,0,0,0,0,0,1,0,0
ORD-10517,2024-10-04,Diego Johansson,Ballpoint Pen Pack 12,-0.5760348509067311,-0.7140704330714785,-0.4921165670117554,-0.5504214264510809,0.330892056728139,-0.5624299293761461,-0.4820671918384561,-0.7031452519335943,0.7952608214140068,0,2,0,1,1,2024,10,4,0,0,0,0,1,0,0,0,0,0,0,0,0,0,0,0,0,0,0,0,0,0,0,1,0,0,0,1,0,0,1,0,0,0,0,0,0,0
ORD-10999,2024-10-04,Layla Romano,Tape Dispenser Heavy Duty,2.3827316385018396,-0.8178650745311291,0.19663999983464828,-0.4338949388689522,1.558418322225377,-0.45307928247462925,0.08644943270585723,-0.8167982027380846,0.1842748279880727,0,0,0,2,2,2024,10,4,0,1,0,0,0,0,0,0,0,0,1,0,0,0,0,0,0,0,0,0,0,0,0,0,0,0,0,1,0,0,0,1,0,0,0,0,0,0
ORD-11749,2024-10-04,Ivan Williams,Portable External SSD 1TB,0.5335025826214829,0.5097730672012418,-0.4921165670117554,0.7791884125609772,1.3094660374911475,0.9329983322398095,0.6599781685496797,0.5667370517219106,-0.6052867583300443,1,1,1,1,0,2024,10,4,0,1,0,0,0,0,0,0,0,0,0,0,0,0,1,0,0,0,0,0,0,0,0,0,0,0,0,0,1,0,0,0,0,0,0,0,0,0
ORD-11228,2024-10-05,Sakura Thomas,Bookshelf 5-Tier,1.6430400161496967,0.1896870404398894,-0.4921165670117554,1.12246702641634,0.685170308080696,1.1016048150620286,0.5146269408639169,0.23459491306781838,-0.6448968713560368,1,0,2,1,0,2024,10,4,1,0,0,0,0,1,0,0,0,0,0,0,0,0,0,0,0,0,0,0,0,0,0,0,0,1,1,0,0,1,0,0,0,1,0,0,0,0
ORD-10412,2024-10-06,Nadia Taylor,Paper Clips Box 500pc,-0.2061890397306598,-0.8504033703957582,-0.4921165670117554,-0.5894553160539795,0.44196307607110286,-0.6237942551639654,-2.0701904578828985,-0.8446259555411235,2.259184581999646,0,2,0,1,1,2024,10,4,1,1,0,0,1,0,0,0,0,0,0,0,0,0,0,0,0,0,0,0,1,0,0,0,0,0,0,1,0,1,0,0,0,0,1,0,0,0
ORD-10504,2024-10-06,John Suzuki,Leather Wallet Minimalist,-0.9458806620828024,-0.4458186683270355,0.19663999983464828,-0.5440682883576421,-1.088135966256968,-0.5196057731095282,0.11831214025273627,-0.45104234287636136,-0.028629529526636895,0,2,3,2,1,2024,10,4,1,0,1,0,0,1,0,0,0,1,0,0,0,0,0,0,0,0,0,0,0,0,0,0,0,0,0,0,0,0,1,0,0,0,1,0,0,0
ORD-10988,2024-10-06,Oscar Martinez,Travel Backpack 30L,0.5335025826214829,-0.49298658558816455,0.19663999983464828,-0.2305945198789064,1.4071319338099608,-0.22688921431597325,0.4040024843247527,-0.4973300901130992,-0.29203678114948695,1,1,3,2,2,2024,10,4,1,1,0,0,0,0,1,0,0,0,0,1,0,0,0,0,0,0,0,0,0,0,0,0,0,0,0,0,0,0,1,0,0,0,1,0,0,0
ORD-11136,2024-10-06,Emma Müller,Travel Backpack 30L,-0.9458806620828024,0.32942514826163033,0.8853965666810519,-0.41243022127753914,-0.9713198941893681,-0.38139062699265086,0.42619897722257855,0.24258505991225524,-0.4201094799335294,0,2,1,0,2,2024,10,4,1,0,0,1,0,0,0,0,0,0,0,0,0,0,0,1,0,0,0,0,0,0,0,0,0,0,0,0,0,0,1,0,0,0,1,0,0,0
ORD-11883,2024-10-06,Mia Costa,Smart LED Desk Lamp,2.3827316385018396,-0.24466137412516104,-0.4921165670117554,0.7060358183822032,1.2941458968921182,0.8479316720837095,0.6535340254503109,-0.21615957788041476,-0.5990151571009288,1,0,2,1,0,2024,10,4,1,0,0,1,0,0,0,0,0,0,0,0,0,1,0,0,0,0,0,0,0,0,0,0,0,0,0,0,1,1,0,0,0,0,1,0,0,0
ORD-10119,2024-10-08,Zara Thomas,Sports Water Bottle 750ml,0.9033483937975542,-0.713439845942319,-0.4921165670117554,-0.38367115994921475,-0.8545038221217683,-0.30992009115209834,0.6628422321493992,-0.7025942073236332,-0.4343031037678433,0,1,0,1,2,2024,10,4,0,0,0,0,0,1,0,0,0,0,0,0,0,0,0,0,0,0,0,0,0,0,0,0,0,1,0,0,0,0,0,1,0,0,0,0,1,0
ORD-10021,2024-10-09,Giulia Yamamoto,Cotton Formal Shirt,0.16365677144541152,-0.6666502809586856,0.19663999983464828,-0.44077096898654244,-0.21105791696252935,-0.4252326749192563,0.30125420268481695,-0.6681539192010604,-0.19730259416232154,0,1,3,2,2,2024,10,4,0,0,0,0,0,0,0,1,0,0,0,0,0,0,0,0,0,0,0,0,0,0,0,0,0,0,0,0,0,0,0,1,0,0,0,0,0,1
ORD-10663,2024-10-09,Hans Miller,Portable External SSD 1TB,-0.2061890397306598,0.7821867069981374,-0.4921165670117554,0.3750974562968124,-0.1516923721412903,0.5152992189092153,0.6785945819478562,0.8494229366319884,-0.622121056366091,1,2,1,1,0,2024,10,4,0,0,0,1,0,0,0,0,0,0,0,0,0,0,0,1,0,0,0,0,0,0,0,0,0,0,0,0,1,0,1,0,0,0,0,0,0,1
ORD-11018,2024-10-09,Liam Schmidt,Stapler Full-Size,0.16365677144541152,-0.7495094297302414,-1.180873133858159,-0.48806655257103226,-0.21488795211228698,-0.44086458255477906,0.4938624797659509,-0.730421960126672,-0.026318939600120654,0,1,0,1,2,2024,10,4,0,0,0,0,0,0,0,1,0,0,0,0,0,0,0,0,0,0,0,0,0,0,0,0,0,0,0,1,0,0,1,0,0,0,0,0,0,1
ORD-11739,2024-10-09,Olivia Sharma,Wireless Bluetooth Headphones,0.16365677144541152,-0.18853911962996722,-1.180873133858159,-0.022901807885989302,0.0934298774431818,0.08909343956301079,0.6889768124968392,-0.11766035384985642,-0.5366292290849906,1,1,2,1,0,2024,10,4,0,0,0,0,0,1,0,0,0,0,0,0,0,0,0,0,0,1,0,0,0,0,0,0,0,0,0,0,1,0,0,1,0,0,0,0,0,1
ORD-11774,2024-10-09,John Wang,Sports Water Bottle 750ml,-0.5760348509067311,-0.6497505458972115,0.19663999983464828,-0.5307868309441978,-0.13254219639250317,-0.5394546604792849,-0.23862178586230182,-0.6514848197497352,0.300794577139534,0,2,3,2,1,2024,10,4,0,0,1,0,0,0,0,1,0,0,0,0,0,0,0,0,0,0,0,0,0,0,0,0,0,0,0,0,0,0,0,0,0,0,0,0,0,1
ORD-11881,2024-10-09,Mia Jones,Silk Tie Collection,1.6430400161496967,-0.31238643179688924,-0.4921165670117554,0.33146211688138205,2.1922891395102226,0.5164625236634867,0.7430360129415442,-0.28641776565046323,-0.507911897141146,1,0,2,1,0,2024,10,4,0,0,1,1,0,0,0,0,0,0,0,0,1,0,0,0,0,0,0,0,0,0,0,0,0,0,0,0,0,0,0,1,0,0,0,0,0,1
ORD-11965,2024-10-09,Layla Patel,Corner L-Shaped Desk,-0.9458806620828024,3.7567923126692397,0.19663999983464828,0.24003444645851807,-1.3983688133873153,0.19139155139175693,0.4168907705234903,3.680552381459964,-0.6703133605477153,1,2,1,2,0,2024,10,4,0,0,0,0,0,1,0,0,0,0,0,0,0,0,0,0,0,1,0,0,0,0,0,0,0,0,1,0,0,0,1,0,0,0,0,0,0,1
ORD-10520,2024-10-10,Linda Weber,Corner L-Shaped Desk,2.3827316385018396,3.4300220623387974,1.5741531335274555,6.588754102293369,3.798988884833441,4.205520019099698,0.13585452980101792,2.8836041143036293,-0.6864874900333288,1,0,1,0,0,2024,10,4,0,1,0,0,0,0,0,0,0,0,0,0,0,0,0,0,1,0,0,0,0,0,0,0,0,0,1,0,0,0,1,0,0,0,0,1,0,0
ORD-10877,2024-10-10,Yuki Sharma,Leather Belt Classic,-0.2061890397306598,-0.27871307909977305,2.2629097003738594,-0.33206171716547633,-0.6323617834358406,-0.36801262231852916,0.178457475846845,-0.3926316142204778,-0.45080731752867353,1,2,2,3,2,2024,10,4,0,1,0,0,0,1,0,0,0,0,0,0,0,0,0,0,0,1,0,0,0,0,0,0,0,0,0,0,0,1,0,0,0,0,0,1,0,0
ORD-11475,2024-10-10,Maria Yamamoto,Monitor Riser Wood,1.6430400161496967,-0.48125766498579825,-0.4921165670117554,0.06538851039196654,2.4546465472686023,-0.04861276072387271,0.25793524073906005,-0.4616499516181138,-0.4082264460257316,1,0,3,1,0,2024,10,4,0,0,0,0,0,0,0,0,0,0,1,0,0,0,0,0,0,0,0,0,0,0,0,0,0,0,1,0,0,0,1,0,0,0,0,1,0,0
ORD-10523,2024-10-11,Omar Jackson,Polarized Sunglasses,-0.5760348509067311,-0.08058260311786417,-1.180873133858159,-0.28340661431819303,-0.7242826270300177,-0.15716363560682786,0.8296739368330578,0.00026319268183284424,-0.5009801273615974,1,2,2,1,2,2024,10,4,0,0,1,0,0,1,0,0,0,1,0,0,0,0,0,0,0,0,0,0,0,0,0,0,0,0,0,0,0,0,0,1,0,0,0,0,0,0
ORD-10833,2024-10-11,Michael Ferrari,Tablet Stand Holder,-0.9458806620828024,-0.5878268898137505,-1.180873133858159,-0.5635721608584875,-0.7396027676290472,-0.5558863401333691,-0.317383534854587,-0.5538121626341186,0.3909075842736668,0,2,3,1,1,2024,10,4,0,0,0,1,0,0,0,0,0,0,0,0,0,0,0,1,0,0,0,0,0,0,0,0,0,0,0,0,1,0,1,0,0,0,0,0,0,0
ORD-10871,2024-10-11,Nadia Wang,Folding Table Portable,2.012885827325768,0.5356271394967805,1.5741531335274555,1.5464017349970487,2.60401791810914,0.7452700275192535,0.06461094775799633,0.35430935458188145,-0.6208007192652246,1,0,1,0,0,2024,10,4,0,0,0,1,0,0,0,0,0,0,0,0,0,0,0,0,0,0,0,0,0,0,1,0,0,0,1,0,0,0,0,0,0,0,0,0,0,0
ORD-11209,2024-10-11,Nadia Martinez,Paper Clips Box 500pc,-0.5760348509067311,-0.8077756804645774,1.5741531335274555,-0.5946058024918702,-0.9311045251169159,-0.5887496994415378,-1.0878166431791225,-0.8196911869403808,1.0613087472385896,0,2,0,0,1,2024,10,4,0,1,0,0,0,1,0,0,0,0,0,0,0,0,0,0,0,1,0,0,0,0,0,0,0,0,0,1,0,0,1,0,0,0,0,0,0,0
ORD-11542,2024-10-11,Raj Schmidt,Premium Notebook Set A5,-0.2061890397306598,-0.7005758685074657,-1.180873133858159,-0.49397523244394254,0.10875001804221132,-0.4621676008673751,0.34851125208018807,-0.676970632960439,0.10769527613782055,0,2,0,1,2,2024,10,4,0,0,0,0,0,0,0,0,0,0,1,0,0,0,0,0,0,0,0,0,0,0,0,0,0,0,0,1,0,0,1,0,0,0,0,0,0,0
ORD-11783,2024-10-13,Li Miller,Ergonomic Office Chair,0.16365677144541152,2.54492996785055,-0.4921165670117554,2.0998829425612553,0.19875584406150937,2.1215322583695273,0.5547238312599894,2.6786155193980763,-0.6818663101802963,1,1,1,1,0,2024,10,4,1,0,0,1,0,0,0,0,0,0,0,0,0,0,0,0,0,0,0,0,0,0,0,0,1,0,1,0,0,0,0,1,0,0,1,0,0,0
ORD-11994,2024-10-13,Richard Santos,Webcam HD 1080p,0.5335025826214829,-0.2515978325459153,0.19663999983464828,-0.005411069678126577,-0.25127328603498195,0.017332077533890353,0.5028126785150742,-0.26010538552481766,-0.5666668981297015,1,1,2,2,0,2024,10,4,1,0,0,0,0,0,0,0,0,0,0,0,0,0,1,0,0,0,0,0,0,0,0,0,0,0,0,0,1,0,0,0,0,0,1,0,0,0
ORD-10391,2024-10-14,Jessica Taylor,Polarized Sunglasses,-0.5760348509067311,0.053732455393105324,0.19663999983464828,-0.26829503482021894,0.457283216670132,-0.23743166365155827,0.4827642333170379,0.04007616575152703,-0.3643252374219233,1,2,2,2,2,2024,10,4,0,0,0,0,1,0,0,0,0,0,0,0,0,0,0,0,0,0,0,0,0,0,0,1,0,0,0,0,0,0,0,1,1,0,0,0,0,0
ORD-11714,2024-10-14,Wei Li,Highlighters Neon Pack 6,0.9033483937975542,-0.8365304535542497,-0.4921165670117554,-0.5291135764669134,0.9934881376361644,-0.556395285963363,-0.4555746035410511,-0.8302987956821332,0.7708345850479782,0,1,0,1,1,2024,10,4,0,0,0,0,0,0,0,0,0,0,1,0,0,0,0,0,0,0,0,0,0,0,0,0,0,0,0,1,0,0,1,0,1,0,0,0,0,0
ORD-11851,2024-10-14,Patricia Santos,Leather Wallet Minimalist,-0.9458806620828024,-0.15070389188039837,0.19663999983464828,-0.48900775821450465,-0.42553988534894244,-0.4767089102957682,0.18239556329645923,-0.16091735573180788,-0.08771461479040911,0,2,2,2,2,2024,10,4,0,0,1,0,0,0,0,0,0,0,1,0,0,0,0,0,0,0,0,0,0,0,0,0,0,0,0,0,0,1,0,0,1,0,0,0,0,0
ORD-10162,2024-10-15,Linda Rodriguez,Whiteboard Markers Set 8,1.2731942049736253,-0.8013436917471507,2.951666267220263,-0.5080148832924063,0.5549491129889453,-0.5678829204117936,-0.6173941969252008,-0.8275435726323274,0.361530083779389,0,1,0,3,1,2024,10,4,0,1,0,0,0,1,0,0,0,0,0,0,0,0,0,0,0,1,0,0,0,0,0,0,0,0,0,1,0,0,0,1,0,0,0,0,1,0
ORD-10416,2024-10-15,Wei Khan,Ballpoint Pen Pack 12,-0.9458806620828024,-0.8171083699761378,-1.180873133858159,-0.6111030458538455,-1.0498356147593944,-0.5973290720042898,-1.8568177197037983,-0.8042619378614682,2.142334748572968,0,2,0,1,1,2024,10,4,0,0,0,0,0,1,0,0,0,0,0,0,0,0,0,0,0,1,0,0,0,0,0,0,0,0,0,1,0,0,0,1,0,0,0,0,1,0
ORD-10038,2024-10-16,Kenji Jones,Cotton Formal Shirt,-0.9458806620828024,-0.5853045412971125,0.8853965666810519,-0.5736116877221935,-1.1475015110782072,-0.5593035478490415,-0.3238276779539558,-0.6067124451903906,0.2710869923700395,0,2,3,0,1,2024,10,4,0,1,0,0,0,1,0,0,0,1,0,0,0,0,0,0,0,0,0,0,0,0,0,0,0,0,0,0,0,0,1,0,0,0,0,0,0,1
ORD-10168,2024-10-17,Isabella Schmidt,Wool Blend Scarf,-0.9458806620828024,-0.558063177317423,0.8853965666810519,-0.568801081100001,-0.17658760061471304,-0.5906400696672288,-0.9771921866399583,-0.5813643931321769,0.8738208789155586,0,2,3,0,1,2024,10,4,0,0,0,0,0,0,1,0,0,0,0,0,0,0,0,0,0,0,0,0,0,0,0,0,0,0,0,0,0,0,1,0,0,0,0,1,0,0
ORD-10580,2024-10-17,Maria Johnson,Webcam HD 1080p,2.012885827325768,-0.3512305989531133,1.5741531335274555,0.22270057585790073,-0.47341532472090964,0.09062027705299212,0.28800790853611435,-0.42073488932849723,-0.620470634990008,1,0,3,0,0,2024,10,4,0,1,0,0,0,1,0,0,0,0,0,0,0,0,0,0,0,0,0,0,0,0,0,0,0,1,0,0,1,0,1,0,0,0,0,1,0,0
ORD-11269,2024-10-17,Sophie Johansson,Paper Clips Box 500pc,-0.9458806620828024,-0.8633934652564436,0.8853965666810519,-0.6226066703851751,-0.09041180974517228,-0.6537493525864554,-9.779175644477796,-0.8648768449571963,9.184682760319216,0,2,0,0,1,2024,10,4,0,1,0,0,1,0,0,0,0,0,0,0,0,0,0,0,0,0,0,1,0,0,0,0,0,0,0,1,0,0,0,0,0,0,0,1,0,0
ORD-11341,2024-10-18,Li Müller,Tablet Stand Holder,-0.2061890397306598,-0.673460621953608,2.2629097003738594,-0.516198143470375,0.12790019379099812,-0.5892586452715315,-0.845087253102898,-0.7159570391151914,0.27306749802133923,0,2,3,3,1,2024,10,4,0,1,0,0,0,0,0,0,0,0,0,0,0,0,0,0,1,0,0,0,0,0,0,0,0,0,0,0,1,0,1,0,0,0,0,0,0,0
ORD-10939,2024-10-19,Lucas Park,Corner L-Shaped Desk,-0.9458806620828024,2.0960780493148317,2.2629097003738594,-0.16374277459115602,-0.16892753031519847,-0.40371153696523443,-0.2400538176621615,1.552969142399906,-0.5049411386641965,1,2,1,3,2,2024,10,4,1,0,0,0,1,0,0,0,0,0,0,0,0,0,0,0,0,0,0,1,0,0,0,0,0,0,1,0,0,0,0,1,0,1,0,0,0,0
ORD-11623,2024-10-19,Ivan Romano,Stapler Full-Size,-0.9458806620828024,-0.706251152669901,2.2629097003738594,-0.5994425537152702,-0.3106388308562213,-0.6217584718439902,-2.3909655810514785,-0.7428204638507983,2.1383737372703684,0,2,0,3,1,2024,10,4,1,0,0,0,0,0,0,0,0,0,1,0,0,0,0,0,0,0,0,0,0,0,0,0,0,0,0,1,0,0,1,0,0,1,0,0,0,0
ORD-11874,2024-10-19,Thomas Johnson,Ergonomic Office Chair,-0.9458806620828024,2.762482527410571,0.8853965666810519,0.016288949324154495,-1.3945387782375578,-0.08700181761483074,0.2554291850893055,2.5015924384480517,-0.6511684725851522,1,2,1,0,0,2024,10,4,1,1,0,0,0,1,0,0,0,0,0,0,0,0,0,0,0,0,0,0,0,0,0,0,0,1,1,0,0,0,1,0,0,1,0,0,0,0
ORD-11864,2024-10-21,Zara Hassan,Desk Calendar 2025,-0.9458806620828024,-0.7563197707251638,-1.180873133858159,-0.5985013480717979,-1.068985790508181,-0.5773347715402491,-0.7086862241662587,-0.7378610623611478,1.082764225127669,0,2,0,1,1,2024,10,4,0,0,0,0,0,1,0,0,0,0,0,0,0,0,0,0,0,0,0,0,0,0,0,0,0,1,0,1,0,0,1,0,1,0,0,0,0,0
ORD-10540,2024-10-23,Thomas Jackson,Ballpoint Pen Pack 12,-0.2061890397306598,-0.7720844489541508,-1.180873133858159,-0.538447199098015,0.21599100223541753,-0.5342924956322053,-0.13014537702292717,-0.7550812064224341,0.5490179521024201,0,2,0,1,1,2024,10,4,0,0,1,0,1,0,0,0,0,0,0,0,0,0,0,0,0,0,0,0,1,0,0,0,0,0,0,1,0,0,1,0,0,0,0,0,0,1
ORD-11054,2024-10-23,Ingrid Martinez,Mesh Back Task Chair,0.5335025826214829,0.26119562088657455,-0.4921165670117554,0.5344226560557294,0.2485463010083552,0.515735458192067,0.4884923605164767,0.3088481742600854,-0.6208007192652246,1,1,1,1,0,2024,10,4,0,0,1,0,0,1,0,0,0,1,0,0,0,0,0,0,0,0,0,0,0,0,0,0,0,0,1,0,0,0,0,1,0,0,0,0,0,1
ORD-10443,2024-10-24,Elizabeth Patel,Laptop Stand Adjustable,-0.9458806620828024,-0.417190012663195,-0.4921165670117554,-0.5334535802673696,-0.07892170429590006,-0.5513058276634253,-0.37860289429859056,-0.39511131496530305,0.35228772407332404,0,2,3,1,1,2024,10,4,0,0,0,0,0,0,1,0,0,0,0,0,0,0,0,0,0,0,0,0,0,0,0,0,0,0,0,0,1,0,1,0,0,0,0,1,0,0
ORD-10449,2024-10-24,Susan Patel,Tablet Stand Holder,-0.5760348509067311,-0.6153204886451039,0.8853965666810519,-0.5243552590471361,-0.4466050786726079,-0.5473069675706171,-0.3596284729504491,-0.6345401979934293,0.11066603461476998,0,2,3,0,1,2024,10,4,0,1,0,1,0,0,0,0,0,0,0,0,0,0,0,1,0,0,0,0,0,0,0,0,0,0,0,0,1,0,0,1,0,0,0,1,0,0
ORD-11822,2024-10-25,Hanna Thomas,Portable External SSD 1TB,-0.5760348509067311,0.29814802665532003,0.8853965666810519,-0.20243678437835613,-0.7491778555034404,-0.2199093857903445,0.3517333236298725,0.21351745673680378,-0.5458715887910556,1,2,1,0,2,2024,10,4,0,1,0,1,0,0,0,0,0,0,0,0,0,1,0,0,0,0,0,0,0,0,0,0,0,0,0,0,1,0,0,1,0,0,0,0,0,0
ORD-11836,2024-10-25,Richard Jackson,Ballpoint Pen Pack 12,1.2731942049736253,-0.7215113611955604,0.8853965666810519,-0.38267766510332724,-0.14977735456641167,-0.3375485790660454,0.5157009647138118,-0.7331771831764778,-0.30854099491031717,0,1,0,0,2,2024,10,4,0,0,1,1,0,0,0,0,0,0,0,0,0,0,0,0,0,0,0,0,0,0,0,0,1,0,0,1,0,1,0,0,0,0,0,0,0,0
ORD-10453,2024-10-26,Olivia Nilsson,Tablet Stand Holder,-0.5760348509067311,-0.46019605487187154,1.5741531335274555,-0.47933425576770466,-0.39298458657600477,-0.5225140349952069,-0.2568801913105134,-0.5159278456992885,-0.11808236811033662,0,2,3,0,1,2024,10,4,1,0,1,0,0,0,0,1,0,0,0,0,0,0,0,0,0,0,0,0,0,0,0,0,0,0,0,0,1,0,1,0,0,1,0,0,0,0
ORD-10707,2024-10-26,Giulia Li,Business Casual Blazer,-0.9458806620828024,0.7226592820054825,1.5741531335274555,-0.3602194526660266,-0.2014828290881361,-0.37877319129554005,0.2199863980427772,0.5176940814353669,-0.35145195068847573,0,2,1,0,2,2024,10,4,1,0,0,0,1,0,0,0,0,0,0,0,0,0,0,0,0,0,0,0,1,0,0,0,0,0,0,0,0,1,0,0,0,1,0,0,0,0
ORD-11037,2024-10-26,Fatima Williams,Polarized Sunglasses,1.2731942049736253,-0.3353398032982944,0.19663999983464828,0.13642339187292762,-0.07892170429590006,0.28314721388491787,0.722629559793543,-0.34234879356152154,-0.5858117860922647,1,1,2,2,0,2024,10,4,1,1,0,1,0,0,0,0,0,0,0,0,0,0,0,1,0,0,0,0,0,0,0,0,0,0,0,0,0,0,0,0,0,1,0,0,0,0
ORD-11807,2024-10-26,Amina Harris,Laptop Stand Adjustable,-0.5760348509067311,-0.43598150911214756,-0.4921165670117554,-0.4409016919925802,-1.1915469153004172,-0.4007305685324138,0.4659378596686861,-0.41467339861892444,-0.42638108116264484,0,2,3,1,2,2024,10,4,1,0,0,0,0,1,0,0,0,0,0,0,0,0,0,0,0,0,0,0,0,0,0,0,0,1,0,0,1,0,1,0,0,1,0,0,0,0
ORD-10088,2024-10-27,David Rodriguez,Folding Table Portable,-0.2061890397306598,0.1818677600383118,0.19663999983464828,-0.013986498874208756,-0.3451091472040376,-0.08402084918201017,0.30913037758404543,0.16612762028014363,-0.5712880779827341,1,2,2,2,0,2024,10,4,1,0,0,0,0,0,0,0,0,0,0,0,0,0,0,0,0,0,0,0,0,1,0,0,0,0,1,0,0,0,0,0,0,0,1,0,0,0
ORD-10693,2024-10-27,Hanna Weber,Binder Clips Assorted 48pc,1.6430400161496967,-0.7921371196614223,1.5741531335274555,-0.4573989353545554,1.209885123597456,-0.5031013869083019,-0.17203230716882426,-0.8059150716913516,0.2166230869592999,0,0,0,0,1,2024,10,4,1,1,0,0,0,0,0,0,0,0,1,0,0,0,0,0,0,0,0,0,0,0,0,0,0,0,0,1,0,0,1,0,0,0,1,0,0,0
ORD-10912,2024-10-27,William Ferrari,Desk Calendar 2025,-0.2061890397306598,-0.7486266077494181,-1.180873133858159,-0.5238585116241923,-0.4178798150494275,-0.487905718555631,0.3366969897313454,-0.72945763205924,0.11858805721996843,0,2,0,1,1,2024,10,4,1,1,0,1,0,0,0,0,0,0,0,0,0,0,0,0,0,0,0,0,0,0,0,0,1,0,0,1,0,0,0,0,0,0,1,0,0,0
ORD-11170,2024-10-27,Ava Miller,Webcam HD 1080p,0.5335025826214829,-0.2764429654347989,-0.4921165670117554,0.005020626203692849,0.6755952202063024,0.05055896957776885,0.5500697279104454,-0.2490844933255943,-0.5036208015633301,1,1,2,1,0,2024,10,4,1,0,0,0,0,0,0,0,0,0,1,0,0,0,0,0,0,0,0,0,0,0,0,0,0,0,0,0,1,0,0,1,0,0,1,0,0,0
ORD-11627,2024-10-27,Giulia Brown,Tablet Stand Holder,0.16365677144541152,-0.6251576478599917,-1.180873133858159,-0.38495224540838563,0.3270620215783814,-0.37281125442989893,0.34421515668060887,-0.5945894637712448,-0.2184279877761843,0,1,3,1,2,2024,10,4,1,0,0,1,0,0,0,0,0,0,0,0,0,0,0,0,0,0,0,0,0,0,1,0,0,0,0,0,1,1,0,0,0,0,1,0,0,0
ORD-11615,2024-10-28,Marco Rodriguez,Silk Tie Collection,-0.9458806620828024,-0.3214668864567858,-0.4921165670117554,-0.5146033227967133,-0.2991487254069491,-0.5034649196440117,0.08609142475589236,-0.295785524019803,0.0977927478813224,0,2,2,1,1,2024,10,4,0,0,0,0,0,0,0,1,0,0,0,0,0,0,0,0,0,0,0,0,0,0,0,0,0,0,0,0,0,0,0,1,1,0,0,0,0,0
ORD-11267,2024-10-29,Li Rossi,USB-C Hub Multiport Adapter,-0.2061890397306598,-0.34530307993901416,0.8853965666810519,-0.32709424293603845,0.5836743766121254,-0.3928782614410815,0.05959883645848726,-0.3838149004610992,-0.2765228202143066,1,2,3,0,2,2024,10,4,0,1,0,0,0,0,1,0,1,0,0,0,0,0,0,0,0,0,0,0,0,0,0,0,0,0,0,0,1,1,0,0,0,0,0,0,1,0
ORD-11455,2024-10-29,Omar Thomas,Sports Water Bottle 750ml,1.2731942049736253,-0.7210068914922328,-1.180873133858159,-0.33768280642510334,0.03214931504706378,-0.2613521176612651,0.6599781685496797,-0.6992879396638663,-0.344520180908927,0,1,0,1,2,2024,10,4,0,0,0,1,0,0,0,0,0,0,0,0,0,0,0,1,0,0,0,0,0,0,0,0,0,0,0,0,0,0,0,0,0,0,0,0,1,0
ORD-10659,2024-10-30,Barbara Miller,Canvas Messenger Bag,-0.5760348509067311,-0.42891893326556135,-0.4921165670117554,-0.43810421966337054,0.13173022894075542,-0.41905261841218927,0.3281047989321869,-0.407372057536939,-0.12534422216510188,0,2,3,1,2,2024,10,4,0,0,0,0,0,0,0,0,0,0,1,0,0,0,0,0,0,0,0,0,0,0,0,0,0,0,0,0,0,0,1,0,0,0,0,0,0,1
ORD-10944,2024-10-30,Mary White,Filing Cabinet 3-Drawer,-0.2061890397306598,1.734877741732281,-0.4921165670117554,0.9379645756945353,-0.21488795211228698,0.946812576196783,0.5321693304121987,1.8381347280548084,-0.6610710008416503,1,2,1,1,0,2024,10,4,0,0,0,0,0,1,0,0,0,0,0,0,0,0,0,0,0,0,0,0,0,0,0,0,0,1,1,0,0,1,0,0,0,0,0,0,0,1
ORD-11319,2024-10-30,Raj Sato,Binder Clips Assorted 48pc,2.012885827325768,-0.7748590323224525,0.19663999983464828,-0.3816318810550245,2.4316663363700584,-0.4135269208293998,0.12189221975238565,-0.7745055289235652,0.15159648474162885,0,0,0,2,2,2024,10,4,0,1,0,0,0,0,1,0,1,0,0,0,0,0,0,0,0,0,0,0,0,0,0,0,0,0,0,1,0,0,0,1,0,0,0,0,0,1
ORD-10217,2024-10-31,Layla Garcia,Standing Desk Converter,-0.5760348509067311,1.3142761265829073,2.2629097003738594,0.06282633947362487,-1.1398414407786925,-0.24084887136723068,-0.0939865740764689,0.9125175444725416,-0.6396155229525711,1,2,1,3,2,2024,10,4,0,1,0,0,0,1,0,0,0,0,0,0,0,0,0,0,0,0,0,0,0,0,0,0,0,1,1,0,0,0,1,0,0,0,0,1,0,0
ORD-10621,2024-10-31,David Schmidt,Polarized Sunglasses,3.1224232608539815,-0.39196652749681576,-1.180873133858159,0.6921007459385696,1.9414218372011143,1.0980421942520724,0.9109417414750977,-0.33986909281669625,-0.5759092578357665,1,0,3,1,0,2024,10,4,0,0,0,1,0,0,0,0,0,0,0,0,0,1,0,0,0,0,0,0,0,0,0,0,0,0,0,0,0,0,0,0,0,0,0,1,0,0
ORD-10765,2024-10-31,Priya Sato,Sticky Notes Multicolor 6-Pack,-0.5760348509067311,-0.7944072333263964,0.19663999983464828,-0.5847754324378248,-0.2838285848079196,-0.5929666791757718,-1.1243334540755456,-0.7937920902722061,1.2996295939449778,0,2,0,2,1,2024,10,4,0,0,0,1,0,0,0,0,0,0,0,0,0,0,0,0,0,0,0,0,0,0,1,0,0,0,0,1,0,1,0,0,0,0,0,1,0,0
ORD-11451,2024-10-31,Carlos Davis,Floating Wall Shelves Set,-0.5760348509067311,-0.23949055966605326,0.19663999983464828,-0.37771019087388935,-0.23978318058570972,-0.4252326749192563,0.050290629759399075,-0.24825792641065259,-0.3326371470011293,0,2,2,2,2,2024,10,4,0,0,1,0,0,0,0,1,0,0,0,0,0,0,0,0,0,0,0,0,0,0,0,0,0,0,1,0,0,0,1,0,0,0,0,1,0,0
ORD-11502,2024-10-31,Fatima Singh,Cotton Formal Shirt,3.1224232608539815,-0.14565919484712253,-0.4921165670117554,1.2079075831626709,1.426282109558748,1.7000524045875502,0.875856962378534,-0.11338975812265746,-0.6303731632465062,1,0,2,1,0,2024,10,4,0,1,0,0,1,0,0,0,0,0,0,0,0,0,0,0,0,0,0,0,0,0,0,1,0,0,0,0,0,0,0,1,0,0,0,1,0,0
ORD-11716,2024-10-31,Barbara Moreau,Desk Calendar 2025,-0.5760348509067311,-0.7059989178182372,-1.180873133858159,-0.5427087690948486,0.23897121313396197,-0.5416358568935439,-0.20675907831542276,-0.6828943625175216,0.6203161555492067,0,2,0,1,1,2024,10,4,0,0,1,0,1,0,0,0,0,0,0,0,0,0,0,0,0,0,0,0,1,0,0,0,0,0,0,1,0,0,0,1,0,0,0,1,0,0
ORD-11618,2024-11-01,Christopher Fischer,Highlighters Neon Pack 6,-0.5760348509067311,-0.8202613056219352,-1.180873133858159,-0.590082786482961,-0.7913082421507717,-0.5750081620317062,-0.6410227216228863,-0.8077059666737254,1.0203782971117308,0,2,0,1,1,2024,11,4,0,0,0,1,0,0,0,0,0,0,0,0,0,0,0,0,0,0,0,0,0,0,0,0,1,0,0,1,0,0,0,1,0,0,0,0,0,0
ORD-11146,2024-11-02,James Harris,Floating Wall Shelves Set,0.5335025826214829,0.12978126316973873,-0.4921165670117554,0.40500688007826974,-0.034876300073690185,0.39387928518213217,0.48777634461654695,0.17246463329469694,-0.6201405507147915,1,1,2,1,0,2024,11,4,1,0,0,0,0,0,0,0,0,0,0,0,0,0,1,0,0,0,0,0,0,0,0,0,0,0,1,0,0,0,0,1,0,1,0,0,0,0
ORD-11252,2024-11-02,Layla Garcia,Mechanical Gaming Keyboard,-0.5760348509067311,0.9008632047059517,0.8853965666810519,0.009961955831923166,-0.31255384843109996,-0.02803680788269636,0.38288001527682164,0.773103258152367,-0.5745889207349,1,2,1,0,0,2024,11,4,1,0,0,1,0,0,0,0,0,0,0,0,1,0,0,0,0,0,0,0,0,0,0,0,0,0,0,0,1,0,0,1,0,1,0,0,0,0
ORD-10389,2024-11-05,Ingrid Sato,Bookshelf 5-Tier,-0.9458806620828024,0.19700185113813937,-0.4921165670117554,-0.41250865508116186,-1.1111161771555123,-0.4028390583995308,0.30161221063478194,0.24217177645478435,-0.4484967276021573,0,2,2,1,2,2024,11,4,0,0,0,0,0,1,0,0,0,1,0,0,0,0,0,0,0,0,0,0,0,0,0,0,0,0,1,0,0,1,0,0,0,0,0,0,1,0
ORD-10405,2024-11-05,Zara Fischer,Floating Wall Shelves Set,-0.9458806620828024,-0.36119387559383315,-1.180873133858159,-0.5165903124884885,-0.43319995564845704,-0.5249133510508917,-0.13658952012229594,-0.30625537160906524,0.06016314050662953,0,2,3,1,1,2024,11,4,0,0,0,0,0,0,0,0,0,0,0,0,0,0,1,0,0,0,0,0,0,0,0,0,0,0,1,0,0,1,0,0,0,0,0,0,1,0
ORD-10539,2024-11-05,Chen Patel,Travel Backpack 30L,-0.5760348509067311,0.41291488416234545,0.19663999983464828,-0.13425166442901976,0.007254086573640704,-0.05464740413665588,0.6320535484524149,0.3931579995841435,-0.5019703801872472,1,2,1,2,0,2024,11,4,0,0,1,0,0,0,0,0,0,0,0,0,0,0,0,0,1,0,0,0,0,0,0,0,0,0,0,0,0,1,0,0,0,0,0,0,1,0
ORD-10924,2024-11-05,Sakura Ahmed,Monitor Riser Wood,-0.2061890397306598,-0.22574376025037662,0.8853965666810519,-0.26387659721614,0.16045549256393576,-0.3751378639384418,-0.01128673763456946,-0.27277941155392443,-0.4049256032735655,1,2,2,0,2,2024,11,4,0,1,0,1,0,0,0,0,0,0,0,0,0,0,0,0,0,0,0,0,0,0,0,0,1,0,1,0,0,1,0,0,0,0,0,0,1,0
ORD-11853,2024-11-05,Elizabeth Johnson,Laptop Stand Adjustable,1.2731942049736253,-0.1841250097258509,-1.180873133858159,0.44140016495920387,1.200310035723063,0.6281397800735464,0.7276416710930521,-0.1128387135126963,-0.5719482465331672,1,1,2,1,0,2024,11,4,0,0,1,0,0,1,0,0,0,1,0,0,0,0,0,0,0,0,0,0,0,0,0,0,0,0,0,0,1,0,0,0,0,0,0,0,1,0
ORD-10061,2024-11-06,Ethan Sato,Corner L-Shaped Desk,2.012885827325768,1.7880992954333415,0.8853965666810519,3.66889889483101,2.010362469896747,2.771310670177277,0.2855018528863598,1.5969149500443087,-0.678895551703347,1,0,1,0,0,2024,11,4,0,0,0,0,0,0,0,0,0,0,1,0,0,0,0,0,0,0,0,0,0,0,0,0,0,0,1,0,0,0,0,1,0,0,0,0,0,1
ORD-10014,2024-11-07,Elizabeth Wang,Mechanical Gaming Keyboard,-0.2061890397306598,0.16231955903436793,0.19663999983464828,-0.02494108678017958,-0.39489960415088343,0.001700169898367737,0.5088988136644779,0.14684105893150276,-0.5719482465331672,1,2,2,2,0,2024,11,4,0,1,0,0,0,1,0,0,0,0,0,0,0,0,0,0,0,0,0,0,0,0,0,0,0,1,0,0,1,1,0,0,0,0,0,1,0,0
ORD-10865,2024-11-07,Mia Laurent,Leather Belt Classic,0.16365677144541152,-0.652777364117177,0.19663999983464828,-0.43041770690834563,-0.2608483739093755,-0.4105459523965792,0.34242511693078415,-0.6545155651045216,-0.2352622858122311,0,1,3,2,2,2024,11,4,0,1,0,1,0,0,0,0,0,0,0,0,0,1,0,0,0,0,0,0,0,0,0,0,0,0,0,0,0,0,1,0,0,0,0,1,0,0
ORD-11296,2024-11-07,Linda Thompson,Premium Notebook Set A5,0.5335025826214829,-0.6619839362029054,-1.180873133858159,-0.36100379070225364,0.47643339241891913,-0.2727670455625537,0.7237035836434376,-0.6348157202984098,-0.23823304428918052,0,1,3,1,2,2024,11,4,0,0,0,1,0,0,0,0,0,0,0,0,1,0,0,0,0,0,0,0,0,0,0,0,0,0,0,1,0,0,0,1,0,0,0,1,0,0
ORD-10193,2024-11-08,Fatima Zhang,Highlighters Neon Pack 6,-0.5760348509067311,-0.8451064385108188,-1.180873133858159,-0.6003837593587427,-0.8315236112232239,-0.5892586452715315,-1.1726645273208116,-0.8348449137143128,1.5095631929827378,0,2,0,1,1,2024,11,4,0,0,0,0,0,1,0,0,0,0,0,0,0,0,0,0,0,0,0,0,0,0,0,0,0,1,0,1,0,0,0,1,0,0,0,0,0,0
ORD-10433,2024-11-09,Mary Fischer,Monitor Riser Wood,-0.9458806620828024,-0.4088662625582899,1.5741531335274555,-0.5478592555327394,-0.17275756546495574,-0.6053267921899059,-1.1343576766745638,-0.4710177099874536,0.4843214341599657,0,2,3,0,1,2024,11,4,1,0,0,0,0,0,1,0,0,0,0,1,0,0,0,0,0,0,0,0,0,0,0,0,0,0,1,0,0,0,0,0,0,1,0,0,0,0
ORD-10638,2024-11-09,Hanna Sharma,Filing Cabinet 3-Drawer,1.6430400161496967,1.2403713150454163,0.19663999983464828,2.5983036199823237,0.7790061692497513,2.2948646667559736,0.4276310090224383,1.2066376050393135,-0.6805459730794299,1,0,1,2,0,2024,11,4,1,0,1,0,0,0,0,0,0,0,1,0,0,0,0,0,0,0,0,0,0,0,0,0,0,0,1,0,0,0,0,1,0,1,0,0,0,0
ORD-10785,2024-11-09,Ayumi Laurent,Mesh Back Task Chair,-0.5760348509067311,2.713801201039459,-1.180873133858159,0.875165243593958,0.08002475441903095,1.0037418026089424,0.6327695643523447,3.0526370484092165,-0.6495180512090692,1,2,1,1,0,2024,11,4,1,0,0,0,0,0,1,0,0,0,0,0,0,0,0,0,0,0,0,0,0,0,0,0,0,0,1,0,0,0,0,0,0,1,0,0,0,0
ORD-10794,2024-11-09,Noah Ferrari,Cotton Formal Shirt,0.16365677144541152,-0.20569108954310508,0.19663999983464828,-0.0967603062973678,-1.0498356147593944,0.03180068041514165,0.7451840606413336,-0.2149197275080021,-0.6066070954309106,1,1,2,2,0,2024,11,4,1,0,0,0,0,1,0,0,0,1,0,0,0,0,0,0,0,0,0,0,0,0,0,0,0,0,0,0,0,0,1,0,0,1,0,0,0,0
ORD-11629,2024-11-09,Thomas Costa,Leather Wallet Minimalist,-0.2061890397306598,-0.19143982042410088,-0.4921165670117554,-0.20013605947209018,0.2791865822064142,-0.11121309781310539,0.6689283672988031,-0.16091735573180788,-0.4399145364465256,1,2,2,1,0,2024,11,4,1,0,0,1,0,0,0,0,0,0,0,0,0,0,0,1,0,0,0,0,0,0,0,0,0,0,0,0,0,0,0,1,0,1,0,0,0,0
ORD-11790,2024-11-09,Wei Wang,Paper Clips Box 500pc,3.8621148832061243,-0.8302245822626549,-1.180873133858159,-0.35891222260564826,1.5316080761770752,-0.30962926496353044,0.5400455053114273,-0.8185890977204584,-0.06889981110306267,0,0,0,1,2,2024,11,4,1,0,0,0,0,0,0,0,0,0,0,0,0,0,0,0,1,0,0,0,0,0,0,0,0,0,0,1,0,0,1,0,0,1,0,0,0,0
ORD-10120,2024-11-10,Ali Hassan,Webcam HD 1080p,-0.5760348509067311,-0.21578048360965682,-0.4921165670117554,-0.354153905185871,-0.5883163792136308,-0.3219893779776647,0.46164176426910675,-0.18612764663753126,-0.422089985584829,0,2,2,1,2,2024,11,4,1,0,1,0,0,1,0,0,0,0,0,0,0,0,0,0,0,1,0,0,0,0,0,0,0,0,0,0,1,0,1,0,0,0,1,0,0,0
ORD-10415,2024-11-13,Layla Williams,Ergonomic Office Chair,0.5335025826214829,1.4221065256691787,0.8853965666810519,1.434293685018999,-0.22637805756155885,1.0284620286372108,0.2833538051865703,1.2571959480032506,-0.6769150460520473,1,1,1,0,0,2024,11,4,0,1,0,0,0,0,0,0,0,0,0,0,0,0,0,0,1,0,0,0,0,0,0,0,0,0,1,0,0,0,0,0,0,0,0,0,0,1
ORD-10633,2024-11-13,Wei Moreau,Smart LED Desk Lamp,-0.9458806620828024,-0.19711510458653614,-1.180873133858159,-0.482576186317443,-0.9502547008657025,-0.4465356932318524,0.40149642867499813,-0.12702811221919622,-0.27157155608605754,0,2,2,1,2,2024,11,4,0,0,0,1,0,0,0,0,0,0,0,0,0,1,0,0,0,0,0,0,0,0,0,0,0,0,0,0,1,0,0,1,0,0,0,0,0,1
ORD-10715,2024-11-14,Hans Miller,Laptop Stand Adjustable,0.16365677144541152,0.011735352591083926,-1.180873133858159,0.14316869898448017,-0.3182989011557359,0.3125933654774142,0.759146370689966,0.10110435630472615,-0.6009956627522284,1,1,2,1,0,2024,11,4,0,0,1,0,0,1,0,0,0,0,0,0,0,0,0,0,0,0,0,0,0,0,0,0,0,1,0,0,1,0,0,1,0,0,0,1,0,0
ORD-11371,2024-11-15,Omar Yamamoto,Wireless Ergonomic Mouse,0.16365677144541152,-0.08802353124194608,-0.4921165670117554,0.02575329496129398,-0.05977152854711326,0.10276227042570035,0.6120051032543786,-0.053601417941870996,-0.5610554654510194,1,1,2,1,0,2024,11,4,0,0,1,1,0,0,0,0,0,0,0,0,1,0,0,0,0,0,0,0,0,0,0,0,0,0,0,0,1,0,1,0,0,0,0,0,0,0
ORD-11223,2024-11-16,Nadia Dubois,Business Casual Blazer,-0.9458806620828024,-0.3538790648955831,-0.4921165670117554,-0.5209826054913599,-1.1838868450009024,-0.47830845433289143,0.41975483412320963,-0.3293992452274342,-0.2101758808957692,0,2,3,1,2,2024,11,4,1,0,0,0,0,1,0,0,0,0,0,0,0,0,0,0,0,0,0,0,0,0,0,0,0,1,0,0,0,0,1,0,0,1,0,0,0,0
ORD-11617,2024-11-16,Felix Romano,Sticky Notes Multicolor 6-Pack,-0.5760348509067311,-0.8382960975158963,-1.180873133858159,-0.5975601424283254,-0.9196144196676437,-0.5815517512744831,-0.8601235870014251,-0.827405811479837,1.223050042094726,0,2,0,1,1,2024,11,4,1,1,0,0,0,1,0,0,0,0,0,0,0,0,0,0,0,1,0,0,0,0,0,0,0,0,0,1,0,0,0,0,0,1,0,0,0,0
ORD-10150,2024-11-17,Zara Williams,Noise Cancelling Earbuds,1.2731942049736253,0.6376561369947845,-1.180873133858159,1.6339077152387775,1.2749957211433312,2.1176061048238606,0.813563579084636,0.7848129561140417,-0.6511684725851522,1,1,1,1,0,2024,11,4,1,0,0,0,0,0,0,0,0,0,0,0,0,0,0,0,1,0,0,0,0,0,0,0,0,0,0,0,1,0,1,0,0,0,1,0,0,0
ORD-10151,2024-11-17,Joseph Ali,Stapler Full-Size,-0.9458806620828024,-0.7259254710996769,0.19663999983464828,-0.5963313461715697,-0.789393224575893,-0.5898402976486672,-1.1429498674737222,-0.7264268867044537,1.3164638919810248,0,2,0,2,1,2024,11,4,1,0,0,1,0,0,0,0,0,0,0,0,1,0,0,0,0,0,0,0,0,0,0,0,0,0,0,1,0,0,0,1,0,0,1,0,0,0
ORD-10400,2024-11-17,Ahmed Tanaka,Desk Calendar 2025,-0.9458806620828024,-0.8205135404735989,0.8853965666810519,-0.6150508806361881,-1.3983688133873153,-0.5942026904771852,-1.8825942921012735,-0.8250638718875021,1.903683817591363,0,2,0,0,1,2024,11,4,1,1,0,0,0,1,0,0,0,0,0,0,0,0,0,0,0,0,0,0,0,0,0,0,0,1,0,1,0,0,1,0,0,0,1,0,0,0
ORD-10830,2024-11-17,Ivan Robinson,Wool Blend Scarf,2.7525774496779105,-0.46851980497677675,0.19663999983464828,0.3030167907675485,0.5989945172111553,0.4633140377027095,0.7143953769443494,-0.4733596495797885,-0.5778897634870661,1,0,3,2,0,2024,11,4,1,0,0,1,0,0,0,0,0,0,0,0,1,0,0,0,0,0,0,0,0,0,0,0,0,0,0,0,0,0,1,0,0,0,1,0,0,0
ORD-11902,2024-11-17,Christopher Miller,Ballpoint Pen Pack 12,-0.2061890397306598,-0.750013899433569,-1.180873133858159,-0.524721283464042,0.02831927989730649,-0.5061550618882645,0.12905237875168427,-0.7309730047366332,0.3103670211208155,0,2,0,1,1,2024,11,4,1,0,0,0,0,0,0,1,0,0,0,0,0,0,0,0,0,0,0,0,0,0,0,0,0,0,0,1,0,0,0,1,0,0,1,0,0,0
ORD-10243,2024-11-18,Pierre Hassan,Monitor Riser Wood,0.16365677144541152,-0.46410569507266036,-0.4921165670117554,-0.27051732592286215,0.07619471926927365,-0.30243131679647584,0.25936727253891984,-0.4438787629468661,-0.40954678312659804,1,1,3,1,2,2024,11,4,0,0,1,0,0,1,0,0,0,0,0,0,0,0,0,0,0,0,0,0,0,0,0,0,0,1,1,0,0,0,0,0,1,0,0,0,0,0
ORD-10048,2024-11-19,Sophie Kim,Webcam HD 1080p,-0.9458806620828024,-0.4088662625582899,0.8853965666810519,-0.5425257568863956,-0.5212907640928768,-0.5623572228290041,-0.5013996211365626,-0.4429144348794341,0.24071923905011203,0,2,3,0,1,2024,11,4,0,0,0,0,0,0,0,1,0,0,0,0,0,0,0,0,0,0,0,0,0,0,0,0,0,0,0,0,1,1,0,0,0,0,0,0,1,0
ORD-10401,2024-11-20,Ayumi Robinson,Wireless Ergonomic Mouse,-0.2061890397306598,-0.1331735696897648,-1.180873133858159,-0.1411015499454025,-0.21105791696252935,-0.047231336328175375,0.6700023911486976,-0.057183207906618544,-0.518804678223294,1,2,2,1,0,2024,11,4,0,1,0,0,0,1,0,0,0,0,0,0,0,0,0,0,0,0,0,0,0,0,0,0,0,1,0,0,1,0,1,0,0,0,0,0,0,1
ORD-11327,2024-11-20,Amir Johansson,Premium Notebook Set A5,0.16365677144541152,-0.8007131046179912,0.19663999983464828,-0.5408263578079037,0.16811556286345036,-0.5489792181548824,-0.3191735746044117,-0.7998535809817788,0.558260311808485,0,1,0,2,1,2024,11,4,0,0,0,0,0,0,0,1,0,0,0,0,0,0,0,0,0,0,0,0,0,0,0,0,0,0,0,1,0,1,0,0,0,0,0,0,0,1
ORD-11039,2024-11-21,Li Miller,Wireless Ergonomic Mouse,-0.5760348509067311,-0.42526152791643634,1.5741531335274555,-0.46772605283154467,-0.5174607289431195,-0.5076818993782457,-0.17382234691864895,-0.48534486984644387,-0.19466191996058876,0,2,3,0,1,2024,11,4,0,0,0,1,0,0,0,0,0,0,0,0,1,0,0,0,0,0,0,0,0,0,0,0,0,0,0,0,1,0,1,0,0,0,0,1,0,0
ORD-11369,2024-11-21,Lucas Müller,Leather Belt Classic,-0.9458806620828024,-0.5233808852136516,0.8853965666810519,-0.5626832444174302,-0.2761685145084047,-0.5798795006902179,-0.7588073371613492,-0.5491282834494486,0.6721393867582136,0,2,3,0,1,2024,11,4,0,0,0,0,0,0,0,0,0,0,1,0,0,0,0,0,0,0,0,0,0,0,0,0,0,0,0,0,0,0,0,1,0,0,0,1,0,0
ORD-11506,2024-11-21,Clara Miller,Standing Desk Converter,0.5335025826214829,2.0955735796115045,-0.4921165670117554,2.3407270088853678,0.9532727685637119,2.339651899795425,0.5461316404608311,2.21243177937093,-0.6739442875750978,1,1,1,1,0,2024,11,4,0,1,0,0,1,0,0,0,0,0,0,0,0,0,0,0,0,0,0,0,1,0,0,0,0,0,1,0,0,0,0,1,0,0,0,1,0,0
ORD-11590,2024-11-21,James Oliveira,Paper Clips Box 500pc,0.9033483937975542,-0.8428363248458446,1.5741531335274555,-0.5518593795174972,0.7253856771531486,-0.5996556815128327,-1.0652621423313318,-0.8502741627932254,1.0398532693495106,0,1,0,0,1,2024,11,4,0,1,0,0,0,1,0,0,0,0,0,0,0,0,0,0,0,0,0,0,0,0,0,0,0,1,0,1,0,0,0,1,0,0,0,1,0,0
ORD-11943,2024-11-21,Sophie Pereira,Business Casual Blazer,0.5335025826214829,0.07353289124871294,0.8853965666810519,0.24615228314108897,-0.04062135279832647,0.33738629805282455,0.6223873338033616,0.005084833018993156,-0.601325747027445,1,1,2,0,0,2024,11,4,0,0,1,1,0,0,0,0,0,0,0,0,0,0,0,0,0,0,0,0,0,0,1,0,0,0,0,0,0,0,1,0,0,0,0,1,0,0
ORD-11207,2024-11-22,Oscar Zhang,Smart LED Desk Lamp,2.3827316385018396,-0.33924944349908315,0.19663999983464828,0.45907391537551956,1.816945694834,0.44113854082441,0.48383825716693274,-0.34620610583124967,-0.548842347268005,1,0,2,2,0,2024,11,4,0,0,0,1,0,0,0,0,0,0,0,0,0,0,0,0,0,0,0,0,0,0,0,0,1,0,0,0,1,0,1,0,0,0,0,0,0,0
ORD-11758,2024-11-22,Priya Smith,Mesh Back Task Chair,0.9033483937975542,2.351087484346926,-1.180873133858159,3.441205562914304,-0.42362486777406383,3.8772499587537212,0.690766852246664,2.656435973847139,-0.702991703794159,1,1,1,1,0,2024,11,4,0,0,0,1,0,0,0,0,0,0,0,0,0,0,0,1,0,0,0,0,0,0,0,0,0,0,1,0,0,0,1,0,0,0,0,0,0,0
ORD-10469,2024-11-24,Carlos Sharma,Laptop Stand Adjustable,0.5335025826214829,-0.1592798768369673,0.8853965666810519,0.04102174206651355,0.6334648335589715,-0.03341709237120181,0.3220186637827831,-0.2112001763907642,-0.5184745939480774,1,1,2,0,0,2024,11,4,1,1,0,0,0,1,0,0,0,0,0,0,0,0,0,0,0,1,0,0,0,0,0,0,0,0,0,0,1,0,0,0,0,0,1,0,0,0
ORD-10669,2024-11-24,Ava Fischer,Desk Calendar 2025,-0.5760348509067311,-0.7384110962570345,-1.180873133858159,-0.5561470941155383,-1.1379264232038138,-0.5099358023396466,0.4097306115241916,-0.7182989787075263,0.051580949350997884,0,2,0,1,1,2024,11,4,1,0,0,0,0,1,0,0,0,0,0,0,0,0,0,0,0,1,0,0,0,0,0,0,0,0,0,1,0,0,0,1,0,0,1,0,0,0
ORD-11335,2024-11-24,Ivan Martin,Sticky Notes Multicolor 6-Pack,-0.9458806620828024,-0.7570764752801552,-1.180873133858159,-0.5986582156790432,-0.9598297887400961,-0.5816971643687671,-0.8701478096004434,-0.7386876292760896,1.2322924018007908,0,2,0,1,1,2024,11,4,1,0,0,1,0,0,0,0,0,0,0,0,0,0,0,1,0,0,0,0,0,0,0,0,0,0,0,1,0,1,0,0,0,0,1,0,0,0
ORD-10533,2024-11-25,Jennifer Romano,Leather Belt Classic,0.16365677144541152,-0.690360357015082,-0.4921165670117554,-0.4487450723548505,-0.7319426973295322,-0.40029432924956204,0.518923036263496,-0.6786237667903225,-0.3016092251307685,0,1,0,1,2,2024,11,4,0,0,0,0,0,1,0,0,0,1,0,0,0,0,0,0,0,0,0,0,0,0,0,0,0,0,0,0,0,0,1,0,1,0,0,0,0,0
ORD-10567,2024-11-25,Jessica Müller,Travel Backpack 30L,1.2731942049736253,0.02422097774844158,0.19663999983464828,0.6060065741620495,1.3535114417133574,0.8091063759098996,0.7237035836434376,0.011008562576075579,-0.5868020389179144,1,1,2,2,0,2024,11,4,0,0,0,0,0,0,0,1,0,0,0,0,0,0,0,0,0,0,0,0,0,0,0,0,0,0,0,0,0,0,0,1,1,0,0,0,0,0
ORD-10093,2024-11-26,Raj Johnson,Bookshelf 5-Tier,-0.2061890397306598,1.3677499151356314,-0.4921165670117554,0.7210428194753471,-0.2972337078320705,0.7276750431108978,0.5239351475630051,1.457087380266663,-0.6534790625116684,1,2,1,1,0,2024,11,4,0,0,0,0,0,0,0,0,0,0,0,0,0,0,1,0,0,0,0,0,0,0,0,0,0,0,1,0,0,0,0,1,0,0,0,0,1,0
ORD-11257,2024-11-26,Olivia Zhang,Binder Clips Assorted 48pc,0.5335025826214829,-0.7279433499129871,-0.4921165670117554,-0.43956831733099433,0.330892056728139,-0.4001489161552781,0.46164176426910675,-0.717610172945075,-0.07451124378174488,0,1,0,1,2,2024,11,4,0,0,1,0,0,1,0,0,0,0,0,0,0,0,0,0,0,1,0,0,0,0,0,0,0,0,0,1,0,0,0,1,0,0,0,0,1,0
ORD-11445,2024-11-26,Ava Rodriguez,Premium Notebook Set A5,-0.5760348509067311,-0.7854528960923318,-0.4921165670117554,-0.5785268727492162,-0.8162034706241944,-0.5600306133204612,-0.3055692725057442,-0.7772607519733711,0.6321991894570045,0,2,0,1,1,2024,11,4,0,1,0,1,0,0,0,0,0,0,0,0,1,0,0,0,0,0,0,0,0,0,0,0,0,0,0,1,0,0,0,1,0,0,0,0,1,0
ORD-10239,2024-11-28,James Ali,Whiteboard Markers Set 8,-0.9458806620828024,-0.8371610406834092,0.19663999983464828,-0.6170901595303784,-1.363898497039499,-0.5968928327214379,-2.2402442341162416,-0.8358092417817449,2.3268518584190496,0,2,0,2,1,2024,11,4,0,0,1,0,0,1,0,0,0,0,0,0,0,0,0,0,0,0,0,0,0,0,0,0,0,1,0,1,0,0,1,0,0,0,0,1,0,0
ORD-11043,2024-11-28,Liam Patel,Whiteboard Markers Set 8,1.2731942049736253,-0.7082690314832113,1.5741531335274555,-0.3820501946743456,2.2095242976841307,-0.449443955117531,-0.060333826779765294,-0.7326261385665167,0.11330670881650289,0,1,0,0,2,2024,11,4,0,0,1,0,0,0,1,0,0,0,0,0,0,0,0,0,0,0,0,0,0,0,0,0,0,0,0,1,0,0,0,1,0,0,0,1,0,0
ORD-11113,2024-11-28,Oscar Anderson,Cotton Formal Shirt,-0.5760348509067311,-0.29145093910879455,0.19663999983464828,-0.39708334036869697,-0.6534269767595061,-0.35441649800298153,0.49887459106545995,-0.2992295528320603,-0.37917902980667045,0,2,2,2,2,2024,11,4,0,1,0,1,0,0,0,0,0,0,0,0,0,0,0,0,0,0,0,0,0,0,0,0,1,0,0,0,0,0,1,0,0,0,0,1,0,0
ORD-10046,2024-11-29,Ethan Moreau,Smart LED Desk Lamp,-0.9458806620828024,-0.09092423203607956,1.5741531335274555,-0.49512559489707547,-0.7913082421507717,-0.5211326105995094,-0.19136473646693067,-0.1931534654145361,-0.17848779047497523,0,2,2,0,1,2024,11,4,0,0,0,1,0,0,0,0,0,0,0,0,0,0,0,0,0,0,0,0,0,0,1,0,0,0,0,0,1,0,0,0,0,0,0,0,0,0
ORD-10543,2024-11-30,Maria Suzuki,Silk Tie Collection,0.16365677144541152,-0.4630967556660052,2.2629097003738594,-0.34628438022239305,-0.3221289363054932,-0.39295096798822343,0.11115198125343763,-0.543617837349837,-0.38842138951273536,0,1,3,3,2,2024,11,4,1,1,0,0,0,1,0,0,0,0,0,0,0,0,0,0,0,1,0,0,0,0,0,0,0,0,0,0,0,0,0,1,0,1,0,0,0,0
ORD-10602,2024-11-30,Sakura Thomas,Wireless Ergonomic Mouse,3.1224232608539815,-0.23444586263277742,0.19663999983464828,0.9122121435050814,1.1581796490757315,0.9562644273252388,0.5608099664093933,-0.24316076376851176,-0.6198104664395748,1,0,2,2,0,2024,11,4,1,1,0,0,0,1,0,0,0,0,0,0,0,0,0,0,0,0,0,0,0,0,0,0,0,1,0,0,1,0,0,1,0,1,0,0,0,0
ORD-10969,2024-11-30,Jessica Moreau,Business Casual Blazer,1.2731942049736253,0.10897188790747579,-1.180873133858159,0.8667205374039135,0.7904962746990238,1.38457869653856,0.9671489896195921,0.20731820487474065,-0.6277324890447733,1,1,2,1,0,2024,11,4,1,1,0,1,0,0,0,0,0,0,0,0,0,0,0,0,0,0,0,0,0,0,0,0,1,0,0,0,0,0,0,1,0,1,0,0,0,0
ORD-11869,2024-11-30,Linda Smith,Mesh Back Task Chair,0.9033483937975542,0.5975507955802415,-0.4921165670117554,1.165448750801581,0.7119805541289977,1.1446470909700726,0.5160589726637766,0.6579349346704835,-0.6458871241816866,1,1,1,1,0,2024,11,4,1,0,0,0,0,1,0,0,0,0,0,0,0,0,0,0,0,1,0,0,0,0,0,0,0,0,1,0,0,0,1,0,0,1,0,0,0,0
ORD-10491,2024-12-01,Sarah Santos,Portable External SSD 1TB,0.9033483937975542,-0.13544368335473891,-1.180873133858159,0.3484038184638859,1.987382258998203,0.4818542072239109,0.6725084467984522,-0.05966290865144378,-0.5211152681498102,1,1,2,1,0,2024,12,4,1,0,0,0,0,0,1,0,0,0,0,1,0,0,0,0,0,0,0,0,0,0,0,0,0,0,0,0,1,0,1,0,0,0,1,0,0,0
ORD-11211,2024-12-02,James Johansson,Wireless Ergonomic Mouse,1.6430400161496967,-0.12850722493398467,0.8853965666810519,0.48908791756180725,1.2558455453945447,0.38268247692226925,0.38467005502664636,-0.1825458566727836,-0.576239342110983,1,0,2,0,0,2024,12,4,0,1,0,1,0,0,0,0,0,0,0,0,0,1,0,0,0,0,0,0,0,0,0,0,0,0,0,0,1,0,0,1,1,0,0,0,0,0
ORD-10436,2024-12-03,Pierre Weber,Leather Belt Classic,0.9033483937975542,-0.4352248045571561,0.8853965666810519,-0.11581972057768464,1.1734997896747612,-0.12320967809152976,0.4133106910238409,-0.4672981588702157,-0.40855653030094824,1,1,3,0,0,2024,12,4,0,0,0,1,0,0,0,0,0,0,0,0,0,0,0,0,0,0,0,0,0,0,0,0,1,0,0,0,0,0,0,1,0,0,0,0,1,0
ORD-10701,2024-12-03,Yuki Thomas,Corner L-Shaped Desk,-0.9458806620828024,4.707339351164241,0.8853965666810519,0.3589923819529507,-0.44277504352285063,0.1571467676878909,0.23645476374116414,4.30736562529079,-0.6336740059986722,1,2,1,0,0,2024,12,4,0,1,0,0,0,0,1,0,1,0,0,0,0,0,0,0,0,0,0,0,0,0,0,0,0,0,1,0,0,0,1,0,0,0,0,0,1,0
ORD-11338,2024-12-03,Nadia Harris,Silk Tie Collection,-0.2061890397306598,-0.6177167197359099,0.8853965666810519,-0.4710987063873209,-0.9196144196676437,-0.45060725987180245,0.29015595623590407,-0.636744376433274,-0.2950075396264364,0,2,3,0,2,2024,12,4,0,0,1,0,0,1,0,0,0,0,0,0,0,0,0,0,0,1,0,0,0,0,0,0,0,0,0,0,0,1,0,0,0,0,0,0,1,0
ORD-11778,2024-12-05,Clara Garcia,Stapler Full-Size,0.9033483937975542,-0.8319902262243015,0.19663999983464828,-0.5295318900862345,1.0854089812303416,-0.5681010400532195,-0.5994937994269541,-0.8307120791396041,0.816716299303086,0,1,0,2,1,2024,12,4,0,0,0,0,0,0,0,0,0,0,0,0,0,0,0,0,1,0,0,0,0,0,0,0,0,0,0,1,0,0,0,0,0,0,0,1,0,0
ORD-11973,2024-12-05,Lucas Sato,Standing Desk Converter,-0.2061890397306598,2.228249111586659,0.19663999983464828,1.131408480029328,-0.95408473601546,1.0008335407232638,0.4347911680217368,2.177853730095867,-0.6871476585837621,1,2,1,2,0,2024,12,4,0,1,0,0,0,1,0,0,0,1,0,0,0,0,0,0,0,0,0,0,0,0,0,0,0,0,1,0,0,0,0,1,0,0,0,1,0,0
ORD-11980,2024-12-06,Ingrid Yamamoto,Desk Calendar 2025,-0.9458806620828024,-0.717223368717276,2.2629097003738594,-0.6011419527937621,-0.27233847935864736,-0.6251029730125208,-2.6125725020797717,-0.7517749387626671,2.3426959036294464,0,2,0,3,1,2024,12,4,0,1,0,0,0,0,0,0,0,0,0,0,0,0,0,0,1,0,0,0,0,0,0,0,0,0,0,1,0,0,0,1,0,0,0,0,0,0
ORD-10073,2024-12-08,Xiao Robinson,Canvas Messenger Bag,-0.5760348509067311,-0.08575341757697186,-0.4921165670117554,-0.302936631420246,-0.6744921700831715,-0.21038482811474696,0.7136793610444196,-0.05125947834953602,-0.4808449865733845,1,2,2,1,2,2024,12,4,1,1,0,0,0,1,0,0,0,1,0,0,0,0,0,0,0,0,0,0,0,0,0,0,0,0,0,0,0,0,1,0,0,0,1,0,0,0
ORD-10134,2024-12-08,Wei Ali,Leather Belt Classic,-0.2061890397306598,-0.3518611860822728,-1.180873133858159,-0.2771057654271692,-0.5653361683150867,-0.15447349336257515,0.8121315472847762,-0.29606104632478364,-0.4848059978759837,1,2,3,1,2,2024,12,4,1,1,0,1,0,0,0,0,0,0,0,0,1,0,0,0,0,0,0,0,0,0,0,0,0,0,0,0,0,0,1,0,0,0,1,0,0,0
ORD-11792,2024-12-08,Jamal Wang,Stapler Full-Size,-0.5760348509067311,-0.7780119679682499,-1.180873133858159,-0.5725659036738907,-0.8410986990976175,-0.5463617824577716,-0.05675374728011592,-0.7615559805894778,0.48069050713258304,0,2,0,1,1,2024,12,4,1,0,0,0,0,1,0,0,0,0,0,0,0,0,0,0,0,0,0,0,0,0,0,0,0,1,0,1,0,0,1,0,0,0,1,0,0,0
ORD-10160,2024-12-09,Ivan Moreau,Mechanical Gaming Keyboard,0.16365677144541152,1.2426414287103906,-1.180873133858159,1.1638539301279196,0.11066503561708996,1.5736157191076716,0.8243038175835838,1.445653204609969,-0.6610710008416503,1,1,1,1,0,2024,12,4,0,0,0,0,0,1,0,0,0,1,0,0,0,0,0,0,0,0,0,0,0,0,0,0,0,0,0,0,1,0,0,1,1,0,0,0,0,0
ORD-10178,2024-12-09,Sarah Johansson,Smart LED Desk Lamp,-0.9458806620828024,-0.4630967556660052,0.19663999983464828,-0.5472840743061729,-0.4159647974745489,-0.5624299293761461,-0.49065938263761455,-0.4679869646326671,0.3489868813211582,0,2,3,2,1,2024,12,4,0,0,1,0,0,0,0,0,0,0,0,0,0,0,0,0,0,0,0,0,0,1,0,0,0,0,0,0,1,0,0,1,1,0,0,0,0,0
ORD-10690,2024-12-09,Maria Yamamoto,Polarized Sunglasses,-0.2061890397306598,-0.6009431021002677,-1.180873133858159,-0.4320125275820073,-0.471500307146031,-0.37339290680703463,0.5883765785566932,-0.568139322493109,-0.27850332586560617,0,2,3,1,2,2024,12,4,0,0,0,0,0,1,0,0,0,1,0,0,0,0,0,0,0,0,0,0,0,0,0,0,0,0,0,0,0,0,1,0,1,0,0,0,0,0
ORD-10812,2024-12-09,Linda Harris,Polarized Sunglasses,0.16365677144541152,-0.23003175272866105,-1.180873133858159,-0.05730810307514827,0.8632669425444138,0.09694574665434309,0.7906510702868802,-0.16298377301916223,-0.4650009413629875,1,1,2,1,0,2024,12,4,0,0,0,0,1,0,0,0,0,0,0,0,0,0,0,0,0,0,0,0,0,0,0,1,0,0,0,0,0,1,0,0,1,0,0,0,0,0
ORD-11514,2024-12-10,Ivan Park,Whiteboard Markers Set 8,-0.9458806620828024,-0.7372760394245474,0.19663999983464828,-0.5984490588693827,-0.5346958871170276,-0.6024185303042273,-1.6316307191758557,-0.7375855400561672,1.7683492647525556,0,2,0,2,1,2024,12,4,0,0,0,0,0,0,0,0,0,0,1,0,0,0,0,0,0,0,0,0,0,0,0,0,0,0,0,1,0,0,0,1,0,0,0,0,1,0
ORD-11709,2024-12-10,Elizabeth Leroy,Standing Desk Converter,0.9033483937975542,2.6345994576170284,-0.4921165670117554,3.572477605577501,1.363086529587751,3.586060237450147,0.5579459028096738,2.771742058481513,-0.6848370686572459,1,1,1,1,0,2024,12,4,0,1,0,1,0,0,0,0,0,0,0,0,1,0,0,0,0,0,0,0,0,0,0,0,0,0,1,0,0,0,1,0,0,0,0,0,1,0
ORD-10624,2024-12-11,Jennifer Zhang,Paper Clips Box 500pc,0.9033483937975542,-0.8524212492090687,0.8853965666810519,-0.5569052875505577,0.7809211868246303,-0.600891692814246,-1.1092971201770185,-0.8546825196729148,1.1890513617474154,0,1,0,0,1,2024,12,4,0,0,0,0,0,0,0,1,0,0,0,0,0,0,0,0,0,0,0,0,0,0,0,0,0,0,0,1,0,0,1,0,0,0,0,0,0,1
ORD-10742,2024-12-11,Nadia Santos,Desk Calendar 2025,3.1224232608539815,-0.7920110022355904,1.5741531335274555,-0.3691347616778072,3.816224043007349,-0.4946674274398338,-0.3127294315050429,-0.8059150716913516,0.3463462071194252,0,0,0,0,1,2024,12,4,0,0,0,0,0,0,0,0,0,0,0,0,0,0,0,0,0,0,0,0,0,1,0,0,0,0,0,1,0,0,0,0,0,0,0,0,0,1
ORD-11067,2024-12-11,Mia Li,Folding Table Portable,-0.2061890397306598,0.03569766349914409,-0.4921165670117554,-0.06593582147364561,-0.8908891560444633,-0.05610153507949522,0.46629586761865094,0.07479197617908037,-0.6003354942017951,1,2,2,1,0,2024,12,4,0,1,0,0,0,1,0,0,0,0,0,0,0,0,0,0,0,1,0,0,0,0,0,0,0,0,1,0,0,0,0,0,0,0,0,0,0,1
ORD-10494,2024-12-13,Ethan Johnson,Floating Wall Shelves Set,0.16365677144541152,0.14289747545625583,-0.4921165670117554,0.20766743016354935,0.12407015864124082,0.18572044071468358,0.45161754167008883,0.1861029873912359,-0.5868020389179144,1,1,2,1,0,2024,12,4,0,0,0,0,1,0,0,0,0,0,0,0,0,0,0,0,0,0,0,0,1,0,0,0,0,0,1,0,0,0,0,0,0,0,0,0,0,0
ORD-11384,2024-12-13,Ahmed Ali,Cotton Formal Shirt,3.1224232608539815,-0.3615722278713288,-0.4921165670117554,0.6976434013945739,0.23322616040932567,1.0731765551295198,0.8797950498281485,-0.337389392071871,-0.6343341745491055,1,0,3,1,0,2024,12,4,0,0,0,0,0,1,0,0,0,0,0,0,0,0,0,0,0,1,0,0,0,0,0,0,0,0,0,0,0,0,1,0,0,0,0,0,0,0
ORD-10645,2024-12-14,Ahmed Thomas,Corner L-Shaped Desk,-0.5760348509067311,3.2312609992277292,-1.180873133858159,1.089707841103258,-0.06934661642150683,1.248035801005948,0.6474478903009071,3.617871057076882,-0.66305150649295,1,2,1,1,0,2024,12,4,1,1,0,0,0,0,1,0,0,0,0,1,0,0,0,0,0,0,0,0,0,0,0,0,0,0,1,0,0,0,0,1,0,1,0,0,0,0
ORD-10666,2024-12-14,Ahmed Johnson,Binder Clips Assorted 48pc,0.5335025826214829,-0.8517906620799091,-0.4921165670117554,-0.5615328819642972,1.1160492624284004,-0.6085258802641526,-1.2711167135611683,-0.8461413282185167,1.5224364797161856,0,1,0,1,1,2024,12,4,1,1,0,1,0,0,0,0,0,0,0,0,0,0,0,1,0,0,0,0,0,0,0,0,0,0,0,1,0,0,0,0,0,1,0,0,0,0
ORD-10759,2024-12-14,Thomas Thompson,Paper Clips Box 500pc,0.9033483937975542,-0.8457370256399782,-0.4921165670117554,-0.5399897305692615,1.2366953696457577,-0.5815517512744831,-0.7716956233600868,-0.8398043152039633,1.0622990000642394,0,1,0,1,1,2024,12,4,1,0,0,0,0,1,0,0,0,0,0,0,0,0,0,0,0,0,0,0,0,0,0,0,0,1,0,1,0,1,0,0,0,1,0,0,0,0
ORD-11276,2024-12-14,Barbara Johnson,Ballpoint Pen Pack 12,-0.2061890397306598,-0.812063672942862,0.8853965666810519,-0.573820844531854,0.3845125488247421,-0.6079442278870169,-1.372790971351209,-0.8172114861955555,1.4326535568572691,0,2,0,0,1,2024,12,4,1,1,0,0,0,0,0,0,0,0,1,0,0,0,0,0,0,0,0,0,0,0,0,0,0,0,0,1,0,0,1,0,0,1,0,0,0,0
ORD-11950,2024-12-14,Isabella White,Laptop Stand Adjustable,0.5335025826214829,-0.4295495203947208,2.951666267220263,-0.2740991362882989,1.259675580544302,-0.505064463681135,-0.45700663534091085,-0.5432045538923662,-0.25803810080217676,1,1,3,3,1,2024,12,4,1,1,0,0,0,0,0,0,0,0,0,0,0,0,1,0,0,0,0,0,0,0,0,0,0,0,0,0,1,0,0,0,0,1,0,0,0,0
ORD-10994,2024-12-15,Jessica Nilsson,Stapler Full-Size,1.2731942049736253,-0.7515273085435517,-0.4921165670117554,-0.3945473140515629,1.7326849215393374,-0.387497976952576,0.3076983457841857,-0.7421316580883468,0.06709491028617824,0,1,0,1,2,2024,12,4,1,0,1,0,0,0,1,0,1,0,0,0,0,0,0,0,0,0,0,0,0,0,0,0,0,0,0,1,0,1,0,0,0,0,1,0,0,0
ORD-11908,2024-12-15,Zara Weber,Highlighters Neon Pack 6,0.16365677144541152,-0.7672919867725387,-0.4921165670117554,-0.5093482579539923,0.3557872852015617,-0.5032468000025858,0.054228717209013316,-0.7585252352346914,0.300794577139534,0,1,0,1,1,2024,12,4,1,0,0,0,0,0,0,0,0,0,0,0,0,0,0,0,1,0,0,0,0,0,0,0,0,0,0,1,0,0,0,0,0,0,1,0,0,0
ORD-10741,2024-12-16,Ivan Ali,Leather Wallet Minimalist,0.16365677144541152,-0.4358553916863156,-1.180873133858159,-0.22798005975814964,-0.06360156369687056,-0.10517845440032222,0.7831329033376165,-0.3878099738833176,-0.45806917158343885,1,1,3,1,0,2024,12,4,0,0,1,0,0,1,0,0,0,0,0,0,0,0,0,0,0,0,0,0,0,0,0,0,0,1,0,0,0,0,1,0,1,0,0,0,0,0
ORD-11476,2024-12-16,Ava Rossi,Bookshelf 5-Tier,-0.9458806620828024,1.2611806903076794,0.19663999983464828,-0.22557475644705344,-0.8142884530493157,-0.2623700093212526,0.2783416938870612,1.227164016760367,-0.5429008303141061,1,2,1,2,2,2024,12,4,0,0,0,1,0,0,0,0,0,0,0,0,0,0,0,1,0,0,0,0,0,0,0,0,0,0,1,0,0,1,0,0,1,0,0,0,0,0
ORD-10260,2024-12-17,Ayumi Taylor,Monitor Riser Wood,0.16365677144541152,-0.09004141005525637,-0.4921165670117554,0.024158474287632396,-0.1555224072910476,0.00824375914114461,0.4301370646721928,-0.055667835229225346,-0.5669969824049182,1,1,2,1,0,2024,12,4,0,0,1,1,0,0,0,0,0,0,0,0,0,0,0,0,0,0,0,0,0,0,1,0,0,0,1,0,0,0,1,0,0,0,0,0,1,0
ORD-10967,2024-12-18,Ahmed Sharma,Portable External SSD 1TB,-0.5760348509067311,-0.008695670393683309,0.19663999983464828,-0.29158987449616164,-0.10764696791908043,-0.29755997813796414,0.33777101358124006,-0.021227547106652624,-0.4141679629796305,1,2,2,2,2,2024,12,4,0,0,0,0,0,0,0,0,0,0,1,0,0,0,0,0,0,0,0,0,0,0,0,0,0,0,0,0,1,0,0,1,0,0,0,0,0,1
ORD-11242,2024-12-18,Clara Müller,Mesh Back Task Chair,2.3827316385018396,2.276678203106107,-1.180873133858159,6.00337648125593,1.849500993606937,6.641043935261273,0.6836066932473652,2.5751568938778666,-0.6963900182898269,1,0,1,1,0,2024,12,4,0,0,0,0,0,1,0,0,0,0,0,0,0,0,0,0,0,1,0,0,0,0,0,0,0,0,1,0,0,1,0,0,0,0,0,0,0,1
ORD-10029,2024-12-20,Clara Ali,Binder Clips Assorted 48pc,0.9033483937975542,-0.7675442216242025,-0.4921165670117554,-0.44759470990171757,-0.8755690154454338,-0.36612225209283805,0.748048124241053,-0.7586629963871817,-0.33890874823024475,0,1,0,1,2,2024,12,4,0,0,0,0,0,1,0,0,0,1,0,0,0,0,0,0,0,0,0,0,0,0,0,0,0,0,0,1,0,1,0,0,0,0,0,0,0,0
ORD-10815,2024-12-21,Sarah Davis,Smart LED Desk Lamp,-0.9458806620828024,-0.030640102488433178,-1.180873133858159,-0.4480653127234538,-0.2646784090591328,-0.42930424155920643,0.31306846503365976,0.0548166090679883,-0.1893805715571231,0,2,2,1,2,2024,12,4,1,0,0,0,1,0,0,0,0,0,0,0,0,0,0,0,0,0,0,0,1,0,0,0,0,0,0,0,1,0,0,1,0,1,0,0,0,0
ORD-11948,2024-12-21,Ingrid Santos,Ballpoint Pen Pack 12,-0.9458806620828024,-0.843466911975004,-0.4921165670117554,-0.6174038947448692,-1.0230253687110928,-0.6090348260941463,-3.245530557617773,-0.8374623756116283,3.3451618474622733,0,2,0,1,1,2024,12,4,1,0,0,1,0,0,0,0,0,0,0,0,1,0,0,0,0,0,0,0,0,0,0,0,0,0,0,1,0,1,0,0,0,1,0,0,0,0
ORD-10588,2024-12-23,Patricia Costa,Polarized Sunglasses,-0.5760348509067311,-0.050818890621536675,-1.180873133858159,-0.2710663625482211,-0.35085419992867356,-0.1541826671740073,0.7874289987371956,0.032774824669541576,-0.4620301828860381,1,2,2,1,2,2024,12,4,0,0,1,1,0,0,0,0,0,0,0,0,0,0,0,0,0,0,0,0,0,0,0,0,1,0,0,0,0,0,0,1,1,0,0,0,0,0
ORD-10761,2024-12-23,Liam Russo,Standing Desk Converter,1.2731942049736253,1.753290885903738,1.5741531335274555,2.475580861914002,0.21790601981029617,1.4818600566145106,0.1362125377509829,1.4183764964168912,-0.6868175743085454,1,1,1,0,0,2024,12,4,0,0,0,1,0,0,0,0,0,0,0,0,0,1,0,0,0,0,0,0,0,0,0,0,0,0,1,0,0,0,0,1,1,0,0,0,0,0
ORD-11477,2024-12-23,Karen Romano,Folding Table Portable,-0.5760348509067311,0.03620213320247175,-0.4921165670117554,-0.2549089990019443,-0.7702430488271058,-0.2542995825884944,0.38288001527682164,0.07534302078904162,-0.5234258580763265,1,2,2,1,2,2024,12,4,0,0,0,0,0,1,0,0,0,1,0,0,0,0,0,0,0,0,0,0,0,0,0,0,0,0,1,0,0,0,1,0,1,0,0,0,0,0
ORD-11880,2024-12-24,Richard Park,Smart LED Desk Lamp,-0.9458806620828024,-0.3616983452971607,-0.4921165670117554,-0.5225251369626064,0.035979350196821074,-0.5428718681949573,-0.31416146330490263,-0.3375271532243613,0.2928725545343354,0,2,3,1,1,2024,12,4,0,0,0,0,1,0,0,0,0,0,0,0,0,0,0,0,0,0,1,0,0,0,0,0,0,0,0,0,1,0,1,0,0,0,0,0,1,0
ORD-11764,2024-12-25,Mary Clark,Binder Clips Assorted 48pc,-0.2061890397306598,-0.7574548275576509,2.2629097003738594,-0.5553627560793113,-0.10764696791908043,-0.5803884465202117,-0.7634614405108933,-0.784837615360337,0.6384707906861199,0,2,0,3,1,2024,12,4,0,0,0,0,0,1,0,0,0,0,0,0,0,0,0,0,0,0,0,0,0,0,0,0,0,1,0,1,0,0,1,0,0,0,0,0,0,1
ORD-11426,2024-12-26,Jamal Chen,Mechanical Gaming Keyboard,-0.9458806620828024,0.3996725544499964,0.19663999983464828,-0.38631176467117906,-0.2551033211847392,-0.3944050989310628,0.23752878759105883,0.38020845125005615,-0.3217443659189813,0,2,1,2,2,2024,12,4,0,1,0,0,1,0,0,0,0,0,0,0,0,0,0,0,0,0,0,1,0,0,0,0,0,0,0,0,1,0,1,0,0,0,0,1,0,0
ORD-11195,2024-12-27,Nadia Robinson,Wool Blend Scarf,1.2731942049736253,-0.30570220822779876,-1.180873133858159,0.26497639601053763,1.0049782430854364,0.5396559122017738,0.8844491531776925,-0.245640464513337,-0.5514830214697377,1,1,2,1,0,2024,12,4,0,0,1,0,0,0,0,0,0,0,1,0,0,0,0,0,0,0,0,0,0,0,0,0,0,0,0,0,0,0,1,0,0,0,0,0,0,0
ORD-11309,2024-12-27,Giulia Johansson,Corner L-Shaped Desk,0.16365677144541152,4.332518361591847,-1.180873133858159,3.7260248484695455,0.07044966654463738,4.175346802035782,0.6868287647970497,4.820801440622105,-0.6993607767667763,1,1,1,1,0,2024,12,4,0,0,0,0,0,0,0,0,0,0,0,0,0,0,0,0,1,0,0,0,0,0,0,0,0,0,1,0,0,1,0,0,0,0,0,0,0,0
ORD-10654,2024-12-30,Pierre Ahmed,Cotton Formal Shirt,1.2731942049736253,-0.6706860385853063,0.19663999983464828,-0.30155096755624494,1.7805603609113045,-0.32875108686186755,0.24862703403997186,-0.6721489926232789,-0.14845012143026426,1,1,3,2,2,2024,12,4,0,1,0,1,0,0,0,0,0,0,0,0,0,0,0,0,0,0,0,0,0,0,0,0,1,0,0,0,0,1,0,0,1,0,0,0,0,0
ORD-11517,2024-12-30,Zara Davis,Stapler Full-Size,-0.5760348509067311,-0.7612383503326078,0.8853965666810519,-0.5757816896224215,0.2887616700808078,-0.6068536296798873,-1.3710009316013845,-0.770097172043876,1.4313332197564026,0,2,0,0,1,2024,12,4,0,0,1,0,1,0,0,0,0,0,0,0,0,0,0,0,0,0,0,0,0,0,0,1,0,0,0,1,0,0,1,0,1,0,0,0,0,0
ORD-10241,2024-12-31,Liam Taylor,Tablet Stand Holder,-0.5760348509067311,-0.32474593952841513,0.8853965666810519,-0.4219468561170937,-0.3297890066050081,-0.4512616187960801,0.05208066950922364,-0.36480386141743903,-0.2695910504347579,0,2,2,0,2,2024,12,4,0,1,0,0,0,0,0,0,0,0,0,0,0,0,0,0,0,0,0,0,0,1,0,0,0,0,0,0,1,0,1,0,0,0,0,0,1,0
ORD-10808,2024-12-31,Yuki Costa,Tape Dispenser Heavy Duty,0.5335025826214829,-0.6409223260889787,-0.4921165670117554,-0.3538924591737953,1.3113810550660265,-0.3120285810192153,0.5063927580147234,-0.6273766180639342,-0.11610186245903704,0,1,3,1,2,2024,12,4,0,0,0,0,1,0,0,0,0,0,0,0,0,0,0,0,0,0,0,0,1,0,0,0,0,0,0,1,0,1,0,0,0,0,0,0,1,0
ORD-10899,2025-01-01,Ayumi Khan,Mesh Back Task Chair,-0.9458806620828024,0.8687032611188183,-1.180873133858159,-0.2616281615122891,-1.1398414407786925,-0.21452910130183903,0.540403513261392,1.0371913874762553,-0.5643563082031853,1,2,1,1,2,2025,1,1,0,0,0,0,0,1,0,0,0,0,0,0,0,0,0,0,0,0,0,0,0,0,0,0,0,1,1,0,0,0,0,1,0,0,0,0,0,1
ORD-11129,2025-01-01,Jamal Taylor,USB-C Hub Multiport Adapter,-0.5760348509067311,-0.16583798298022595,-1.180873133858159,-0.3187541151508244,-0.8755690154454338,-0.24433878563004507,0.6467318744009771,-0.09286334640160403,-0.4973492003342147,1,2,2,1,2,2025,1,1,0,0,0,0,0,1,0,0,0,1,0,0,0,0,0,0,0,0,0,0,0,0,0,0,0,0,0,0,1,1,0,0,0,0,0,0,0,1
ORD-10026,2025-01-02,Layla Ahmed,Laptop Stand Adjustable,-0.2061890397306598,-0.36422069381379857,0.8853965666810519,-0.3370814805973293,0.6583600620323943,-0.4054564940966416,0.030958200461292606,-0.40144832797985647,-0.24978599392176165,1,2,3,0,2,2025,1,1,0,0,1,0,0,0,0,0,0,0,0,0,0,0,0,0,1,0,0,0,0,0,0,0,0,0,0,0,1,0,0,0,0,0,0,1,0,0
ORD-11083,2025-01-02,Ivan Jones,Filing Cabinet 3-Drawer,1.2731942049736253,2.027848521939776,-1.180873133858159,3.651251289015902,-0.4083047271750343,4.110347148890864,0.6918408760965588,2.3033541400145228,-0.7039819566198089,1,1,1,1,0,2025,1,1,0,0,0,0,0,1,0,0,0,0,0,0,0,0,0,0,0,1,0,0,0,0,0,0,0,0,1,0,0,0,0,1,0,0,0,1,0,0
ORD-10948,2025-01-03,Jessica Anderson,Filing Cabinet 3-Drawer,-0.9458806620828024,0.535122669793453,0.19663999983464828,-0.36105607990466876,-1.2336773019477483,-0.37208418895847917,0.25471316918937564,0.5132857245556777,-0.5211152681498102,0,2,1,2,2,2025,1,1,0,1,0,0,0,1,0,0,0,1,0,0,0,0,0,0,0,0,0,0,0,0,0,0,0,0,1,0,0,0,0,1,0,0,0,0,0,0
ORD-11036,2025-01-03,David Rossi,Corner L-Shaped Desk,-0.2061890397306598,1.8381679134886042,-0.4921165670117554,0.9989860749129982,0.7790061692497513,0.9716055087721934,0.5053187341648288,1.9453129046922555,-0.6359845959251884,1,2,1,1,0,2025,1,1,0,0,0,0,1,0,0,0,0,0,0,0,0,0,0,0,0,0,1,0,0,0,0,0,0,0,1,0,0,0,1,0,0,0,0,0,0,0
ORD-11331,2025-01-03,Thomas Thomas,Premium Notebook Set A5,-0.5760348509067311,-0.6242748258791685,-1.180873133858159,-0.508825365929841,-0.7721580664019848,-0.451479738437506,0.5858705229069386,-0.5936251357038128,-0.11148068260600456,0,2,3,1,2,2025,1,1,0,0,1,0,0,1,0,0,0,0,0,0,0,0,0,0,0,1,0,0,0,0,0,0,0,0,0,1,0,0,0,0,0,0,0,0,0,0
ORD-10975,2025-01-04,Oscar Nilsson,Filing Cabinet 3-Drawer,0.5335025826214829,0.6772570087059999,-0.4921165670117554,0.9441085569783138,0.6870853256555743,0.9188205555471263,0.5046027182648988,0.7405916261646582,-0.6356545116499718,1,1,1,1,0,2025,1,1,1,0,0,1,0,0,0,0,0,0,0,0,1,0,0,0,0,0,0,0,0,0,0,0,0,0,1,0,0,0,0,1,0,1,0,0,0,0
ORD-10074,2025-01-05,Nadia Oliveira,Canvas Messenger Bag,0.9033483937975542,-0.5914842951628755,-0.4921165670117554,-0.2395621180931021,-0.9196144196676437,-0.11761127396159841,0.786712982837266,-0.5759917081850555,-0.5481821787175718,1,1,3,1,0,2025,1,1,1,0,0,0,0,1,0,0,0,0,0,0,0,0,0,0,0,1,0,0,0,0,0,0,0,0,0,0,0,1,0,0,0,0,1,0,0,0
ORD-11866,2025-01-05,Oscar Schmidt,Binder Clips Assorted 48pc,-0.9458806620828024,-0.8086585024454006,1.5741531335274555,-0.6141619641951308,-0.33170402417988676,-0.635281889612396,-4.573382044037709,-0.8203799927028322,4.276989756398747,0,2,0,0,1,2025,1,1,1,1,0,0,0,0,0,0,0,0,0,0,0,0,0,0,1,0,0,0,0,0,0,0,0,0,0,1,0,0,1,0,0,0,1,0,0,0
ORD-10807,2025-01-06,Richard Jackson,Ballpoint Pen Pack 12,0.16365677144541152,-0.805883919077099,1.5741531335274555,-0.5545261288406691,-0.013811106750024742,-0.5747900423902803,-0.6714533973699055,-0.8180380531104973,0.6774207351616791,0,1,0,0,1,2025,1,1,0,0,0,0,0,1,0,0,0,0,0,0,0,0,0,0,0,0,0,0,0,0,0,0,0,1,0,1,0,0,0,1,1,0,0,0,0,0
ORD-11852,2025-01-06,James Johansson,Premium Notebook Set A5,-0.2061890397306598,-0.6955311714741899,-1.180873133858159,-0.4908378802990344,-1.0785608783825746,-0.41229090952798636,0.775614736388353,-0.6714601868608273,-0.2857651799203715,0,2,0,1,2,2025,1,1,0,0,1,0,0,1,0,0,0,0,0,0,0,0,0,0,0,1,0,0,0,0,0,0,0,0,0,1,0,0,0,1,1,0,0,0,0,0
ORD-10259,2025-01-08,Sakura Costa,Wireless Ergonomic Mouse,0.16365677144541152,-0.35400518232141504,-1.180873133858159,-0.16010867502330417,-1.0843059311072105,-0.037852191746861726,0.7512701957907375,-0.2984029859171186,-0.5937338086974631,1,1,3,1,0,2025,1,1,0,0,0,0,0,1,0,0,0,0,0,0,0,0,0,0,0,0,0,0,0,0,0,0,0,1,0,0,1,0,1,0,0,0,0,0,0,1
ORD-10973,2025-01-08,Richard Rossi,Stapler Full-Size,-0.5760348509067311,-0.7674181041983706,0.19663999983464828,-0.5747097609729113,-0.09807188004468687,-0.585986850650143,-0.9012945012473925,-0.7672041878415797,1.094977343310683,0,2,0,2,1,2025,1,1,0,0,0,0,0,0,1,0,1,0,0,0,0,0,0,0,0,0,0,0,0,0,0,0,0,0,0,1,0,0,0,0,0,0,0,0,0,1
ORD-10497,2025-01-09,Liam Davis,Premium Notebook Set A5,-0.2061890397306598,-0.8062622713545947,-0.4921165670117554,-0.5633891486500345,-0.3182989011557359,-0.5567588186990727,-0.33420990850293886,-0.7988892529143468,0.6592661000247659,0,2,0,1,1,2025,1,1,0,0,0,1,0,0,0,0,0,0,0,0,0,0,0,1,0,0,0,0,0,0,0,0,0,0,0,1,0,0,0,0,0,0,0,1,0,0
ORD-11804,2025-01-09,Jamal Kim,Ballpoint Pen Pack 12,-0.2061890397306598,-0.8004608697663275,0.19663999983464828,-0.5638336068705632,-0.9981301402376697,-0.5366918116878902,0.03919238331048608,-0.7997158198292885,0.22784595231666446,0,2,0,2,1,2025,1,1,0,0,0,0,0,1,0,0,0,1,0,0,0,0,0,0,0,0,0,0,0,0,0,0,0,0,0,1,0,0,1,0,0,0,0,1,0,0
ORD-11381,2025-01-10,Sophie Ahmed,Smart LED Desk Lamp,-0.2061890397306598,-0.0017592119729290567,0.19663999983464828,-0.11678707082236459,-0.10381693276932313,-0.10866836866313663,0.45161754167008883,-0.014477250634628227,-0.5194648467737272,1,2,2,2,0,2025,1,1,0,1,0,1,0,0,0,0,0,0,0,0,0,0,0,0,0,0,0,0,0,0,0,0,1,0,0,0,1,0,1,0,0,0,0,0,0,0
ORD-10668,2025-01-11,Christopher Jackson,Desk Calendar 2025,3.1224232608539815,-0.7826783127240301,0.19663999983464828,-0.3151984493865952,1.1754148072496395,-0.2734941110339734,0.5135529170140221,-0.7822201534630215,-0.20951571234533595,1,0,0,2,2,2025,1,1,1,0,0,0,0,0,0,0,0,0,0,0,0,0,0,0,1,0,0,0,0,0,0,0,0,0,0,1,0,0,1,0,0,1,0,0,0,0
ORD-10970,2025-01-12,Diego Kim,Leather Wallet Minimalist,2.3827316385018396,-0.2079612032080792,-0.4921165670117554,0.7783256407211276,2.270804860080249,1.1021137608920224,0.8149956108844956,-0.17799973864060403,-0.5742588364596835,1,0,2,1,0,2025,1,1,1,0,0,1,0,0,0,0,0,0,0,0,0,0,0,0,0,0,0,0,0,0,0,0,1,0,0,0,0,1,0,0,0,0,1,0,0,0
ORD-11364,2025-01-12,Barbara Khan,Leather Wallet Minimalist,-0.2061890397306598,-0.7020892776174484,-1.180873133858159,-0.494916438087415,-1.1877168801506597,-0.4336666343877244,0.6205972940535371,-0.6786237667903225,-0.3082109106351006,0,2,0,1,2,2025,1,1,1,0,0,0,0,1,0,0,0,0,0,0,0,0,0,0,0,0,0,0,0,0,0,0,0,1,0,0,0,0,1,0,0,0,1,0,0,0
ORD-10699,2025-01-14,Priya Ferrari,Wireless Bluetooth Headphones,0.5335025826214829,1.4084858436793337,-1.180873133858159,1.7850757994209334,-0.34319412962915896,2.3682255728222175,0.8515124217809186,1.6268091201347017,-0.6861574057581122,1,1,1,1,0,2025,1,1,0,0,0,0,0,1,0,0,0,1,0,0,0,0,0,0,0,0,0,0,0,0,0,0,0,0,0,0,1,0,0,0,0,0,0,0,1,0
ORD-11901,2025-01-16,Emma Müller,Travel Backpack 30L,0.5335025826214829,0.11552999405073434,0.19663999983464828,0.3370570615398015,-0.11147700306883772,0.5323852574875771,0.7559242991402817,0.10082883399974543,-0.6161795394121922,1,1,2,2,0,2025,1,1,0,1,0,1,0,0,0,0,0,0,0,0,0,1,0,0,0,0,0,0,0,0,0,0,0,0,0,0,0,0,1,0,0,0,0,1,0,0
ORD-11236,2025-01-17,Clara Laurent,Bookshelf 5-Tier,0.9033483937975542,-0.01916341673773067,-0.4921165670117554,0.43672028134304924,0.5070736736169782,0.40580315891341445,0.46629586761865094,0.017896620200590144,-0.6003354942017951,1,1,2,1,0,2025,1,1,0,1,0,0,0,1,0,0,0,0,0,0,0,0,0,0,0,0,0,0,0,0,0,0,0,1,1,0,0,0,1,0,0,0,0,0,0,0
ORD-10215,2025-01-18,Liam Rodriguez,Wireless Ergonomic Mouse,0.5335025826214829,-0.07074544390297624,-1.180873133858159,0.2518256616031312,0.2447162658585979,0.42717888377315244,0.7444680447414039,0.011008562576075579,-0.5874622074683475,1,1,2,1,0,2025,1,1,1,0,0,0,1,0,0,0,0,0,0,0,0,0,0,0,0,0,1,0,0,0,0,0,0,0,0,0,1,0,1,0,0,1,0,0,0,0
ORD-10702,2025-01-19,Marco Kim,Binder Clips Assorted 48pc,-0.5760348509067311,-0.8524212492090687,1.5741531335274555,-0.6094297913765611,0.02257422717267021,-0.6430614901565863,-4.230410427971303,-0.8586775930951331,3.955817756612991,0,2,0,0,1,2025,1,1,1,0,1,0,0,0,1,0,0,0,0,0,0,0,0,0,0,0,0,0,0,0,0,0,0,0,0,1,0,0,1,0,0,0,1,0,0,0
ORD-11730,2025-01-19,Robert Rodriguez,Webcam HD 1080p,0.16365677144541152,0.17606635845004465,-1.180873133858159,0.2794343604783226,-0.011896089175146096,0.47145717098260975,0.7627264501896154,0.2806071379995757,-0.6042965055043944,1,1,2,1,0,2025,1,1,1,0,0,0,0,0,0,0,0,0,0,0,0,0,0,0,1,0,0,0,0,0,0,0,0,0,0,0,1,0,0,0,0,0,1,0,0,0
ORD-11359,2025-01-20,Michael Nilsson,Noise Cancelling Earbuds,-0.5760348509067311,0.27910429535470366,0.19663999983464828,-0.1841878527354739,0.2753565470566569,-0.19598893178063773,0.3767938801274177,0.2617338601084057,-0.4501471489782403,1,2,1,2,2,2025,1,1,0,1,0,0,0,0,1,0,0,0,0,0,0,0,0,0,0,0,0,0,0,0,0,0,0,0,0,0,1,0,1,0,1,0,0,0,0,0
ORD-11600,2025-01-20,Ali Leroy,Floating Wall Shelves Set,-0.9458806620828024,-0.5187145404578714,-1.180873133858159,-0.5492449193967404,-0.3182989011557359,-0.5656290174503926,-0.5343363525333363,-0.47831905106943895,0.42655668599706,0,2,3,1,1,2025,1,1,0,0,0,0,0,0,0,0,0,0,0,0,0,0,0,0,0,0,0,0,0,1,0,0,0,0,1,0,0,0,1,0,1,0,0,0,0,0
ORD-11282,2025-01-21,Amir Rodriguez,Mesh Back Task Chair,-0.9458806620828024,2.4340727505443134,0.19663999983464828,-0.006744444339712575,-0.017641141899782033,-0.08976466640622542,0.2855018528863598,2.3802248631041047,-0.5495025158184381,1,2,1,2,0,2025,1,1,0,0,0,0,1,0,0,0,0,0,0,0,0,0,0,0,0,0,0,1,0,0,0,0,0,0,1,0,0,0,0,0,0,0,0,0,1,0
ORD-11421,2025-01-22,Karen Santos,Ergonomic Office Chair,1.6430400161496967,1.127496218925869,-0.4921165670117554,2.600003019060816,1.7269398688147017,2.5759481780068145,0.5389714814615324,1.207739694259236,-0.6673426020707658,1,0,1,1,0,2025,1,1,0,0,0,1,0,0,0,0,0,0,0,0,0,0,0,0,0,0,0,0,0,0,0,0,1,0,1,0,0,0,0,0,0,0,0,0,0,1
ORD-10655,2025-01-24,Patricia Ferrari,Highlighters Neon Pack 6,0.16365677144541152,-0.809415207000392,-1.180873133858159,-0.5377412948654107,0.2293961252595684,-0.5337108432550696,-0.1265652975232778,-0.7958585075595604,0.5457171093502543,0,1,0,1,1,2025,1,1,0,0,0,1,0,0,0,0,0,0,0,0,0,1,0,0,0,0,0,0,0,0,0,0,0,0,0,1,0,1,0,0,0,0,0,0,0,0
ORD-11194,2025-01-24,Robert Harris,Polarized Sunglasses,-0.5760348509067311,-0.5305695784860696,0.8853965666810519,-0.4944981244680938,-0.49256550046969644,-0.49357682923270435,0.06174688415827681,-0.5558785799214729,-0.08408368776302637,0,2,3,0,1,2025,1,1,0,0,1,0,0,0,0,0,0,0,1,0,0,0,0,0,0,0,0,0,0,0,0,0,0,0,0,0,0,1,0,0,0,0,0,0,0,0
ORD-11403,2025-01-24,Hanna Weber,Mesh Back Task Chair,0.5335025826214829,1.4299258060707563,0.8853965666810519,1.4411958597377967,-0.30106374298182775,1.036968694652821,0.285143844936395,1.2643595279327455,-0.6785654674281304,1,1,1,0,0,2025,1,1,0,0,0,0,0,1,0,0,0,1,0,0,0,0,0,0,0,0,0,0,0,0,0,0,0,0,1,0,0,0,0,0,0,0,0,0,0,0
ORD-11606,2025-01-24,Mary Khan,Desk Organizer Set,0.16365677144541152,-0.3022970377303376,1.5741531335274555,-0.22047655921157777,-0.05977152854711326,-0.3819722793697866,-0.10687486027520646,-0.37789117090401664,-0.4626903514364713,1,1,2,0,2,2025,1,1,0,0,1,0,0,1,0,0,0,0,0,0,0,0,0,0,0,0,0,0,0,0,0,0,0,1,1,0,0,0,0,1,0,0,0,0,0,0
ORD-10601,2025-01-25,Christopher Martinez,Bookshelf 5-Tier,-0.2061890397306598,-0.0669619211280194,0.8853965666810519,-0.17995242733984798,0.5262238493657649,-0.3204625404876834,0.013415810913010952,-0.12537497838931275,-0.42803150253872785,1,2,2,0,2,2025,1,1,1,0,0,0,0,0,0,0,0,0,0,0,0,0,1,0,0,0,0,0,0,0,0,0,0,0,1,0,0,0,0,1,0,1,0,0,0,0
ORD-10022,2025-01-26,Giulia Rodriguez,Floating Wall Shelves Set,0.16365677144541152,0.07466794808120004,1.5741531335274555,0.029596551338806416,1.0202983836844661,-0.2491374177414148,-0.07895024017794179,-0.04850425529973025,-0.4884369249033664,1,1,2,0,2,2025,1,1,1,0,1,0,1,0,0,0,0,0,0,0,0,0,0,0,0,0,0,1,0,0,0,0,0,0,1,0,0,0,1,0,0,0,1,0,0,0
ORD-10249,2025-01-26,Barbara Sharma,Wireless Ergonomic Mouse,-0.9458806620828024,-0.3793547849136261,-0.4921165670117554,-0.5260023689232128,-1.3945387782375578,-0.4926316441198587,0.30125420268481695,-0.35584938650557,-0.27421223028779035,0,2,3,1,1,2025,1,1,1,1,0,0,0,1,0,0,0,1,0,0,0,0,0,0,0,0,0,0,0,0,0,0,0,0,0,0,1,0,0,0,0,0,1,0,0,0
ORD-11042,2025-01-26,Thomas Laurent,Ergonomic Office Chair,-0.5760348509067311,2.9404342152593768,-1.180873133858159,0.969128940333956,-0.3068087957064637,1.1229078333746245,0.6495959380006965,3.3001938394342702,-0.6650320121442496,1,2,1,1,0,2025,1,1,1,0,0,0,0,0,0,0,0,0,1,0,0,0,0,0,0,0,0,0,0,0,0,0,0,0,1,0,0,0,1,0,0,0,1,0,0,0
ORD-11893,2025-01-26,Michael Davis,Tablet Stand Holder,-0.5760348509067311,-0.2662274539424153,0.8853965666810519,-0.40134491036553044,-0.5787412913392372,-0.421597347562158,0.14838480804979062,-0.3105259673362642,-0.35838372046802436,0,2,2,0,2,2025,1,1,1,0,1,0,0,1,0,0,0,0,0,0,0,0,0,0,0,1,0,0,0,0,0,0,0,0,0,0,1,1,0,0,0,0,1,0,0,0
ORD-11930,2025-01-26,Isabella Tanaka,Desk Organizer Set,-0.9458806620828024,-0.7189890126789226,0.19663999983464828,-0.5950241161111913,-0.6764071876580505,-0.6100527177541337,-1.8059805908087778,-0.719538829079939,1.379509988547396,0,2,0,2,1,2025,1,1,1,0,0,1,0,0,0,0,0,0,0,0,0,1,0,0,0,0,0,0,0,0,0,0,0,0,1,0,0,0,1,0,0,0,1,0,0,0
ORD-11957,2025-01-26,Barbara Singh,Portable External SSD 1TB,0.9033483937975542,0.2475749388967296,-1.180873133858159,0.8248107416681828,-0.5346958871170276,1.1738024163740008,0.8296739368330578,0.35871771146157067,-0.6660222649698995,1,1,1,1,0,2025,1,1,1,0,0,0,0,1,0,0,0,0,0,0,0,0,0,0,0,0,0,0,0,0,0,0,0,1,0,0,1,0,0,0,0,0,1,0,0,0
ORD-11351,2025-01-29,Raj Garcia,Laptop Stand Adjustable,1.2731942049736253,-0.12119241423573471,1.5741531335274555,0.2994872696045268,2.7591343416743133,0.03463623575367832,0.12833636285175443,-0.21960360669267204,-0.4732530482434026,1,1,2,0,0,2025,1,1,0,0,0,0,0,0,1,0,0,0,0,0,0,0,0,0,0,0,0,0,0,0,0,0,0,0,0,0,1,0,1,0,0,0,0,0,0,1
ORD-11115,2025-01-30,Kenji Martin,Mesh Back Task Chair,-0.9458806620828024,2.75176254621486,-1.180873133858159,0.12873687911790277,-0.789393224575893,0.20644180665014383,0.6077090078547995,3.0941031553087943,-0.6264121519439069,1,2,1,1,0,2025,1,1,0,0,0,1,0,0,0,0,0,0,0,0,0,0,0,1,0,0,0,0,0,0,0,0,0,0,1,0,0,0,1,0,0,0,0,1,0,0
ORD-11122,2025-02-01,Isabella Davis,Canvas Messenger Bag,-0.2061890397306598,-0.13645262276139417,1.5741531335274555,-0.24120922796917885,0.00916910414851935,-0.26266083550982045,0.31700655248327403,-0.23296643848423026,-0.44090478927217536,1,2,2,0,2,2025,2,1,1,0,0,1,0,0,0,0,0,0,0,0,1,0,0,0,0,0,0,0,0,0,0,0,0,0,0,0,0,0,0,1,0,1,0,0,0,0
ORD-11138,2025-02-02,Mary Patel,Noise Cancelling Earbuds,-0.9458806620828024,-0.013362015149463525,0.19663999983464828,-0.46338604903108843,-0.7051324512812306,-0.4607134699245357,0.16807524529786194,-0.02591142629132238,-0.2577080165269602,0,2,2,2,2,2025,2,1,1,0,0,1,0,0,0,0,0,0,0,0,0,0,0,0,0,0,0,0,0,0,1,0,0,0,0,0,1,0,0,0,0,0,1,0,0,0
ORD-10308,2025-02-03,Christopher Clark,Noise Cancelling Earbuds,-0.9458806620828024,-0.1350653310772433,0.19663999983464828,-0.48607956287925713,-0.3087238132813427,-0.5002658315697652,-0.041359405431623815,-0.1454881066528953,-0.06460871552524673,0,2,2,2,1,2025,2,1,0,1,0,0,0,0,1,0,0,0,0,1,0,0,0,0,0,0,0,0,0,0,0,0,0,0,0,0,1,0,0,1,1,0,0,0,0,0
ORD-10644,2025-02-03,Mia Weber,Folding Table Portable,1.2731942049736253,-0.339501678350747,2.2629097003738594,0.003582673137276675,-0.12679714366786723,-0.31224670066064125,-0.18026649001801773,-0.44236339026947297,-0.5600652126253695,1,1,3,3,2,2025,2,1,0,0,0,1,0,0,0,0,0,0,0,0,0,0,0,1,0,0,0,0,0,0,0,0,0,0,1,0,0,1,0,0,1,0,0,0,0,0
ORD-10805,2025-02-05,Marco Davis,Leather Belt Classic,0.16365677144541152,-0.5735756206947462,-0.4921165670117554,-0.3567422207054201,1.1505195787762168,-0.35056305100445734,0.33956105333106473,-0.5573939525988661,-0.13590691897203322,0,1,3,1,2,2025,2,1,0,0,0,0,0,0,0,1,0,0,0,0,0,0,0,0,0,0,0,0,0,0,0,0,0,0,0,0,0,0,0,1,0,0,0,0,0,1
ORD-10993,2025-02-05,Maria Moreau,Leather Belt Classic,0.9033483937975542,-0.4797442558758155,-0.4921165670117554,-0.10753188199488567,0.8728420304188074,-0.011750541322896026,0.6685703593488379,-0.4601345789407205,-0.4392543678960924,1,1,3,1,0,2025,2,1,0,0,0,1,0,0,0,0,0,0,0,0,0,1,0,0,0,0,0,0,0,0,0,0,0,0,0,0,0,1,0,0,0,0,0,0,0,1
ORD-11056,2025-02-05,James Patel,Mechanical Gaming Keyboard,-0.5760348509067311,0.9422297203788137,-0.4921165670117554,0.1019648074813535,-0.6342768010107193,0.21385787445862434,0.6689283672988031,1.0155628865352793,-0.6132087809352428,1,2,1,1,0,2025,2,1,0,1,0,0,0,1,0,0,0,0,0,0,0,0,0,0,0,1,0,0,0,0,0,0,0,0,0,0,1,0,1,0,0,0,0,0,0,1
ORD-11509,2025-02-05,Priya Singh,Polarized Sunglasses,0.5335025826214829,-0.5869440678329273,-1.180873133858159,-0.28322360210974007,1.0911540339549777,-0.22587132265598572,0.5762043082578854,-0.5528478345666866,-0.26728046050824167,1,1,3,1,2,2025,2,1,0,0,0,1,0,0,0,0,0,0,0,0,0,0,0,1,0,0,0,0,0,0,0,0,0,0,0,0,0,0,0,1,0,0,0,0,0,1
ORD-11689,2025-02-07,Ayumi Smith,Canvas Messenger Bag,-0.5760348509067311,-0.575089029804729,0.19663999983464828,-0.5029428306581383,-0.23020809271131648,-0.5013564297768947,0.03525429586087184,-0.5780581254724099,0.04795002232361526,0,2,3,2,1,2025,2,1,0,0,0,0,0,0,0,0,0,0,1,0,0,0,0,0,0,0,0,0,0,0,0,0,0,0,0,0,0,0,0,1,0,0,0,0,0,0
ORD-11732,2025-02-07,Emma Clark,Whiteboard Markers Set 8,0.16365677144541152,-0.8060100365029308,-0.4921165670117554,-0.5398328629620162,0.3079118458295946,-0.5460709562692038,-0.28373078755788333,-0.7986137306093661,0.6120640486687916,0,1,0,1,1,2025,2,1,0,0,0,0,0,1,0,0,0,0,0,0,0,0,0,0,0,1,0,0,0,0,0,0,0,0,0,1,0,1,0,0,0,0,0,0,0,0
ORD-10604,2025-02-08,Li Harris,Wireless Bluetooth Headphones,-0.9458806620828024,0.5807771779445993,-1.180873133858159,-0.321316286069166,-0.6074665549624175,-0.2577167903041668,0.6026968965552905,0.7226826763409202,-0.45674883448257236,1,2,1,1,2,2025,2,1,1,0,0,0,0,0,0,0,0,0,0,0,0,0,1,0,0,0,0,0,0,0,0,0,0,0,0,0,1,0,1,0,0,1,0,0,0,0
ORD-11436,2025-02-08,Noah Suzuki,Webcam HD 1080p,-0.2061890397306598,-0.20531273726560947,0.8853965666810519,-0.2530788769174146,-0.39106956900112616,-0.28316408180385483,0.2797737256869209,-0.2539061336627545,-0.47952464947251805,1,2,2,0,2,2025,2,1,1,0,0,0,0,0,0,0,0,0,0,0,0,0,0,0,1,0,0,0,0,0,0,0,0,0,0,0,1,0,0,0,0,1,0,0,0,0
ORD-10802,2025-02-10,Omar Yamamoto,Desk Calendar 2025,1.6430400161496967,-0.747491550916931,0.8853965666810519,-0.38346200313955425,2.012277487471626,-0.4206521624493125,0.0914615440053663,-0.7572853848622788,0.08227878694614206,0,0,0,0,2,2025,2,1,0,0,0,0,1,0,0,0,0,0,0,0,0,0,0,0,0,0,1,0,0,0,0,0,0,0,0,1,0,0,1,0,1,0,0,0,0,0
ORD-11496,2025-02-10,Robert Wang,Polarized Sunglasses,0.5335025826214829,-0.2803526056355876,0.19663999983464828,-0.032235430517091,-0.35659925265330983,0.08523999256448658,0.7025811145955067,-0.2883464217853273,-0.5673270666801348,1,1,2,2,0,2025,2,1,0,0,1,0,0,1,0,0,0,1,0,0,0,0,0,0,0,0,0,0,0,0,0,0,0,0,0,0,0,0,0,0,1,0,0,0,0,0
ORD-10611,2025-02-11,Ayumi Pereira,Wool Blend Scarf,-0.9458806620828024,-0.5912320603112117,0.8853965666810519,-0.5746574717704962,-1.3045329522182596,-0.5545049157376718,-0.21177118961493185,-0.6122228912900021,0.1684307827776757,0,2,3,0,1,2025,2,1,0,0,0,0,0,1,0,0,0,1,0,0,0,0,0,0,0,0,0,0,0,0,0,0,0,0,0,0,0,0,0,1,0,0,0,0,1,0
ORD-11694,2025-02-11,Chen Rossi,Stapler Full-Size,-0.9458806620828024,-0.7288261718938104,2.2629097003738594,-0.6029720748782919,-1.1858018625757811,-0.592457733345778,-1.346656391003769,-0.7614182194369876,1.1755179064635348,0,2,0,3,1,2025,2,1,0,1,0,0,0,1,0,0,0,1,0,0,0,0,0,0,0,0,0,0,0,0,0,0,0,0,0,1,0,1,0,0,0,0,0,0,1,0
ORD-10506,2025-02-12,Ahmed Dubois,Monitor Riser Wood,-0.9458806620828024,-0.38717406531520365,-1.180873133858159,-0.5219761003372474,-1.0977110541313615,-0.5057188226054127,0.11330002895322719,-0.33463416902206516,-0.17056576786977667,0,2,3,1,1,2025,2,1,0,0,0,0,0,1,0,0,0,0,0,0,0,0,0,0,0,1,0,0,0,0,0,0,0,0,1,0,0,0,1,0,0,0,0,0,0,1
ORD-10509,2025-02-12,Robert Chen,Standing Desk Converter,-0.9458806620828024,2.884942547893342,0.19663999983464828,0.07736273774503247,-1.28921281161923,0.03645389943222747,0.39541029352559426,2.823402490665372,-0.6508383883099356,1,2,1,2,0,2025,2,1,0,0,0,0,0,1,0,0,0,1,0,0,0,0,0,0,0,0,0,0,0,0,0,0,0,0,1,0,0,0,0,1,0,0,0,0,0,1
ORD-11744,2025-02-14,Kenji Smith,Desk Organizer Set,-0.2061890397306598,-0.639408916978996,-0.4921165670117554,-0.4647978574962971,-0.11913707336835265,-0.49401306851555615,-0.07895024017794179,-0.6257234842340507,-0.0972870587716906,0,2,3,1,1,2025,2,1,0,0,0,1,0,0,0,0,0,0,0,0,0,1,0,0,0,0,0,0,0,0,0,0,0,0,1,0,0,0,1,0,0,0,0,0,0,0
ORD-11876,2025-02-14,Jessica Moreau,Monitor Riser Wood,-0.5760348509067311,-0.16066716852111815,-1.180873133858159,-0.31661025785180386,-0.9406796129913091,-0.28323678835099686,0.4791841538173885,-0.08721513914950203,-0.5082419814163627,1,2,2,1,2,2025,2,1,0,0,0,0,0,1,0,0,0,0,0,0,0,0,0,0,0,0,0,0,0,0,0,0,0,1,1,0,0,0,1,0,0,0,0,0,0,0
ORD-10814,2025-02-15,Patricia Park,Tape Dispenser Heavy Duty,-0.5760348509067311,-0.7205024217889052,0.19663999983464828,-0.557192878163841,-1.2260172316482334,-0.5188060010909665,0.2754776302873418,-0.7210542017573323,0.009990330673705722,0,2,0,2,1,2025,2,1,1,1,0,0,0,1,0,0,0,0,0,0,0,0,0,0,0,1,0,0,0,0,0,0,0,0,0,1,0,0,0,0,0,1,0,0,0,0
ORD-11350,2025-02-15,James Ahmed,Wireless Bluetooth Headphones,-0.9458806620828024,1.9771493167553535,-0.4921165670117554,-0.06193569748888776,-1.074730843232817,0.03856238929934443,0.6714344229485576,2.0894110701971,-0.615519370861759,1,2,1,1,0,2025,2,1,1,0,1,0,0,1,0,0,0,1,0,0,0,0,0,0,0,0,0,0,0,0,0,0,0,0,0,0,1,0,1,0,0,1,0,0,0,0
ORD-11408,2025-02-17,Oscar Martinez,Webcam HD 1080p,1.2731942049736253,0.06268679262716988,0.8853965666810519,0.5845941457730517,2.5025219866405695,0.4290692539988435,0.3474372282302932,-0.005109492265288523,-0.5419105774884563,1,1,2,0,0,2025,2,1,0,1,0,0,0,0,0,0,0,0,0,0,0,0,0,0,1,0,0,0,0,0,0,0,0,0,0,0,1,0,1,0,1,0,0,0,0,0
ORD-11839,2025-02-18,Li Suzuki,Folding Table Portable,-0.2061890397306598,-0.3388710912215875,1.5741531335274555,-0.3419182318207293,-0.7989683124502862,-0.43839255995195214,-0.10186274897569739,-0.40985175828176423,-0.46731153128950376,0,2,2,0,2,2025,2,1,0,0,0,1,0,0,0,0,0,0,0,0,0,0,0,1,0,0,0,0,0,0,0,0,0,0,1,0,0,0,0,1,0,0,0,0,1,0
ORD-10079,2025-02-19,Jessica Schmidt,Cotton Formal Shirt,-0.2061890397306598,-0.24705760521596704,0.19663999983464828,-0.25407237176330216,0.623889745684578,-0.22616214884455357,0.47596208226770426,-0.2555592674926381,-0.3580536361928078,1,2,2,2,2,2025,2,1,0,0,0,0,0,0,0,0,0,0,0,0,0,0,1,0,0,0,0,0,0,0,0,0,0,0,0,0,0,0,1,0,0,0,0,0,0,1
ORD-11001,2025-02-20,Isabella Jackson,Paper Clips Box 500pc,-0.9458806620828024,-0.8865990716095125,1.5741531335274555,-0.6271035417928769,-0.3336190417547654,-0.6509865037950606,-15.658382198801926,-0.8885717631855263,14.496398917104809,0,2,0,0,1,2025,2,1,0,1,0,0,0,0,0,0,0,0,0,0,0,0,0,0,1,0,0,0,0,0,0,0,0,0,0,1,0,1,0,0,0,0,0,1,0,0
ORD-11801,2025-02-20,Thomas Tanaka,Whiteboard Markers Set 8,-0.9458806620828024,-0.7316007552621121,-1.180873133858159,-0.5933770062351146,-0.3891545514262475,-0.5952932886843146,-1.2868690633596251,-0.7108598764730507,1.6161804138777012,0,2,0,1,1,2025,2,1,0,0,0,0,0,0,0,0,0,0,0,0,0,0,1,0,0,0,0,0,0,0,0,0,0,0,0,1,0,0,1,0,0,0,0,1,0,0
ORD-11897,2025-02-20,Mary Miller,Wireless Ergonomic Mouse,-0.9458806620828024,-0.32638546606422975,1.5741531335274555,-0.5341856291011815,-0.8008833300251649,-0.5547230353790977,-0.4204898244444877,-0.39896862723503124,0.032436061388434786,0,2,2,0,1,2025,2,1,0,0,1,1,0,0,0,0,0,0,0,0,1,0,0,0,0,0,0,0,0,0,0,0,0,0,0,0,1,0,1,0,0,0,0,1,0,0
ORD-11919,2025-02-20,Sakura Harris,Sticky Notes Multicolor 6-Pack,-0.9458806620828024,-0.7617428200359353,-1.180873133858159,-0.5996255659237232,-0.7587529433778339,-0.5908581893086547,-1.223143648265867,-0.7437847919182303,1.5564351600634958,0,2,0,1,1,2025,2,1,0,0,0,1,0,0,0,0,0,0,0,0,0,1,0,0,0,0,0,0,0,0,0,0,0,0,0,1,0,0,0,1,0,0,0,1,0,0
ORD-10730,2025-02-21,Richard Dubois,Business Casual Blazer,-0.9458806620828024,-0.01790224247941178,-0.4921165670117554,-0.4548367644362138,-1.0785608783825746,-0.3951321644024824,0.598400801155711,0.01913647057300281,-0.37455784995363794,0,2,2,1,2,2025,2,1,0,0,1,0,0,1,0,0,0,0,0,0,0,0,0,0,0,1,0,0,0,0,0,0,0,0,0,0,0,0,1,0,0,0,0,0,0,0
ORD-11412,2025-02-21,Raj Yamamoto,Mechanical Gaming Keyboard,-0.9458806620828024,1.191059401545145,-1.180873133858159,-0.19480256082574635,-0.5423559574165422,-0.10183395323179174,0.679668605797751,1.38930889324144,-0.5277169536541423,1,2,1,1,0,2025,2,1,0,0,0,0,0,0,0,0,0,0,0,0,0,0,0,0,0,0,0,0,0,1,0,0,0,0,0,0,1,0,1,0,0,0,0,0,0,0
ORD-10873,2025-02-22,Ethan Li,Business Casual Blazer,-0.5760348509067311,-0.14868601306708806,-1.180873133858159,-0.311642783622366,-0.10764696791908043,-0.2198366792432025,0.7143953769443494,-0.07412782966292442,-0.3946929907418509,1,2,2,1,2,2025,2,1,1,0,0,0,0,0,0,0,0,0,1,0,0,0,0,0,0,0,0,0,0,0,0,0,0,0,0,0,0,0,1,0,0,1,0,0,0,0
ORD-11472,2025-02-22,Amir Taylor,Mechanical Gaming Keyboard,-0.9458806620828024,0.9190241140257447,-0.4921165670117554,-0.27030816911320166,-0.9598297887400961,-0.20973046919046923,0.5873025547067984,0.9914546848494784,-0.5382796504610736,1,2,1,1,2,2025,2,1,1,0,0,1,0,0,0,0,0,0,0,0,1,0,0,0,0,0,0,0,0,0,0,0,0,0,0,0,1,1,0,0,0,1,0,0,0,0
ORD-11818,2025-02-24,Clara Costa,Desk Organizer Set,-0.9458806620828024,-0.4163071906823717,0.19663999983464828,-0.5385517775028453,-0.69172732825708,-0.5571223514347825,-0.4394642457926291,-0.4219747397009099,0.11924822577040174,0,2,3,2,1,2025,2,1,0,1,0,1,0,0,0,0,0,0,0,0,0,1,0,0,0,0,0,0,0,0,0,0,0,0,1,0,0,1,0,0,1,0,0,0,0,0
ORD-10035,2025-02-25,Elizabeth Schmidt,Wireless Bluetooth Headphones,0.9033483937975542,1.9506646573306554,0.8853965666810519,2.406663693130853,1.6158688494717377,2.251168031923652,0.4813322015171782,1.747901173173668,-0.6650320121442496,1,1,1,0,0,2025,2,1,0,0,0,0,0,0,0,0,0,0,1,0,0,0,0,0,0,0,0,0,0,0,0,0,0,0,0,0,1,0,1,0,0,0,0,0,1,0
ORD-11120,2025-02-25,Raj Martinez,Wireless Bluetooth Headphones,2.012885827325768,0.4259049790230308,-1.180873133858159,1.8866475751123337,2.2688898425053696,2.3961448869247324,0.802465332635723,0.5535119810828425,-0.6409358600534375,1,0,1,1,0,2025,2,1,0,0,0,0,0,0,1,0,1,0,0,0,0,0,0,0,0,0,0,0,0,0,0,0,0,0,0,0,1,0,0,1,0,0,0,0,1,0
ORD-10647,2025-02-26,Ahmed Smith,Ballpoint Pen Pack 12,-0.9458806620828024,-0.7767507937099309,-0.4921165670117554,-0.6042793049386702,-1.09962607170624,-0.5869320357629887,-1.1307775971749146,-0.7683062770615021,1.3940336966569264,0,2,0,1,1,2025,2,1,0,0,0,0,0,1,0,0,0,0,0,0,0,0,0,0,0,1,0,0,0,0,0,0,0,0,0,1,0,0,1,0,0,0,0,0,0,1
ORD-11796,2025-02-26,Karen Suzuki,Noise Cancelling Earbuds,-0.5760348509067311,1.3769564872213598,-0.4921165670117554,0.27318580078971383,-0.46192521927163743,0.40776623568624765,0.6825326693974704,1.4665928997884932,-0.6257519833934736,1,2,1,1,0,2025,2,1,0,0,1,0,0,0,0,0,0,0,0,0,0,0,0,0,1,0,0,0,0,0,0,0,0,0,0,0,1,0,0,0,0,0,0,0,0,1
ORD-10657,2025-02-27,Jamal Singh,USB-C Hub Multiport Adapter,1.2731942049736253,-0.17895419526674314,0.8853965666810519,0.28654569200678087,2.0352576983701702,0.15431121234935424,0.3076983457841857,-0.22938464851948262,-0.5049411386641965,1,1,2,0,0,2025,2,1,0,0,1,0,0,0,1,0,0,0,0,1,0,0,0,0,0,0,0,0,0,0,0,0,0,0,0,0,1,0,1,0,0,0,0,1,0,0
ORD-11443,2025-02-28,Ayumi Clark,Ergonomic Office Chair,-0.5760348509067311,2.101122746348108,-1.180873133858159,0.6211442982612312,-1.1340963880540564,0.7672274047561273,0.6632002400993641,2.383393369611382,-0.6779052988776971,1,2,1,1,0,2025,2,1,0,0,1,0,0,1,0,0,0,0,0,0,0,0,0,0,0,0,0,0,0,0,0,0,0,1,1,0,0,0,1,0,0,0,0,0,0,0
ORD-10481,2025-03-01,Lucas Yamamoto,Webcam HD 1080p,-0.5760348509067311,-0.31326925377771253,0.19663999983464828,-0.40524045594545804,-0.008066054025388803,-0.4242874898064108,0.14802680009982563,-0.3207202926205458,-0.23955338139004692,0,2,2,2,2,2025,3,1,1,0,0,0,1,0,0,0,0,0,0,0,0,0,0,0,0,0,0,0,1,0,0,0,0,0,0,0,1,1,0,0,0,1,0,0,0,0
ORD-11017,2025-03-01,Olga Taylor,Tablet Stand Holder,0.16365677144541152,-0.34757319360398825,0.19663999983464828,-0.20264594118801663,0.0972599125929391,-0.20914881681333353,0.3843120470766814,-0.3544717749806672,-0.457078918757789,1,1,3,2,2,2025,3,1,1,0,1,0,0,1,0,0,0,0,0,0,0,0,0,0,0,0,0,0,0,0,0,0,0,1,0,0,1,0,1,0,0,1,0,0,0,0
ORD-11755,2025-03-03,Emma Dubois,Sticky Notes Multicolor 6-Pack,0.9033483937975542,-0.7396722705153534,0.8853965666810519,-0.43768590604404944,0.4668583045445256,-0.4329395689163047,0.23466472399133945,-0.7499840437802934,-0.04942483886528303,0,1,0,0,2,2025,3,1,0,0,0,1,0,0,0,0,0,0,0,0,1,0,0,0,0,0,0,0,0,0,0,0,0,0,0,1,0,0,1,0,1,0,0,0,0,0
ORD-10317,2025-03-05,Ingrid Williams,Ergonomic Office Chair,0.16365677144541152,1.1431347797290243,-1.180873133858159,1.0813415687168362,0.7368757826024205,1.2081199066250088,0.6241773735531865,1.336959655295129,-0.6415960286038707,1,1,1,1,0,2025,3,1,0,1,0,1,0,0,0,0,0,0,0,0,1,0,0,0,0,0,0,0,0,0,0,0,0,0,1,0,0,0,0,1,0,0,0,0,0,1
ORD-11275,2025-03-05,Jennifer Thomas,Travel Backpack 30L,-0.2061890397306598,-0.22284305945624305,-0.4921165670117554,-0.21869872632946316,0.7330457474526632,-0.15287394932545192,0.6016228727053956,-0.1934289877195166,-0.3775286084305874,1,2,2,1,2,2025,3,1,0,0,0,0,0,0,1,0,1,0,0,0,0,0,0,0,0,0,0,0,0,0,0,0,0,0,0,0,0,1,0,0,0,0,0,0,0,1
ORD-11471,2025-03-05,Joseph Weber,Noise Cancelling Earbuds,-0.9458806620828024,0.49653073748889276,-0.4921165670117554,-0.35352643475688933,-1.3064479697931384,-0.2940700638751497,0.5873025547067984,0.5529609364728815,-0.5382796504610736,0,2,1,1,2,2025,3,1,0,0,0,0,0,1,0,0,0,1,0,0,0,0,0,0,0,0,0,0,0,0,0,0,0,0,0,0,1,0,1,0,0,0,0,0,0,1
ORD-11595,2025-03-05,Hanna Williams,Webcam HD 1080p,0.16365677144541152,-0.029126693378450547,0.8853965666810519,-0.0021168499259730817,-1.051750632334273,-0.011750541322896026,0.4372972236714913,-0.09024588450428853,-0.6244316462926073,1,1,2,0,0,2025,3,1,0,1,0,0,0,1,0,0,0,0,0,0,0,0,0,0,0,1,0,0,0,0,0,0,0,0,0,0,1,0,0,1,0,0,0,0,0,1
ORD-11821,2025-03-06,Olivia Zhang,Paper Clips Box 500pc,-0.2061890397306598,-0.8778969692271117,-1.180873133858159,-0.6042531603374627,-0.6993873985565946,-0.6001646273428264,-1.714330555617755,-0.8706628133617885,2.0103010384863262,0,2,0,1,1,2025,3,1,0,0,0,0,0,1,0,0,0,0,0,0,0,0,0,0,0,1,0,0,0,0,0,0,0,0,0,1,0,0,0,1,0,0,0,1,0,0
ORD-10905,2025-03-07,Chen Romano,Whiteboard Markers Set 8,-0.5760348509067311,-0.7804081990590559,-0.4921165670117554,-0.5765660276586486,-0.2014828290881361,-0.5804611530673537,-0.7824358618590348,-0.77202582817874,1.0725316125959543,0,2,0,1,1,2025,3,1,0,0,0,0,0,0,0,0,0,0,0,0,0,0,0,0,0,0,0,0,0,1,0,0,0,0,0,1,0,0,0,0,0,0,0,0,0,0
ORD-11427,2025-03-07,Michael Leroy,Ballpoint Pen Pack 12,0.9033483937975542,-0.7363932174437242,0.8853965666810519,-0.4342348186846505,-0.47916037744554557,-0.39251472870537163,0.4791841538173885,-0.746953298425507,-0.27520248311344014,0,1,0,0,2,2025,3,1,0,0,1,0,0,1,0,0,0,0,0,0,0,0,0,0,0,0,0,0,0,0,0,0,0,1,0,1,0,0,1,0,0,0,0,0,0,0
ORD-11511,2025-03-07,Kenji Johansson,Webcam HD 1080p,-0.9458806620828024,-0.2647140448324325,-0.4921165670117554,-0.503439578081082,-0.9694048766144895,-0.48238002097284155,0.22607253319218099,-0.2369615119064487,-0.20522461676752013,0,2,2,1,1,2025,3,1,0,0,0,1,0,0,0,0,0,0,0,0,0,0,0,1,0,0,0,0,0,0,0,0,0,0,0,0,1,0,0,0,0,0,0,0,0,0
ORD-11727,2025-03-08,Robert Patel,Filing Cabinet 3-Drawer,0.9033483937975542,0.691760512676668,-0.4921165670117554,1.276772462743404,0.5855893941870044,1.2635222955471868,0.52429315551297,0.7556075917860998,-0.6538091467868851,1,1,1,1,0,2025,3,1,1,1,0,0,0,0,0,0,0,0,0,0,0,0,0,0,0,0,0,0,0,1,0,0,0,0,1,0,0,1,0,0,0,1,0,0,0,0
ORD-10519,2025-03-09,Jessica Park,Binder Clips Assorted 48pc,-0.9458806620828024,-0.8314857565209738,-1.180873133858159,-0.6140835303915081,-0.9291895075420369,-0.6064900969441774,-2.641929153976896,-0.8199667092453614,2.8648892270221142,0,2,0,1,1,2025,3,1,1,0,1,1,0,0,0,0,0,0,0,0,0,0,0,0,0,0,0,0,0,0,1,0,0,0,0,1,0,0,0,1,0,0,1,0,0,0
ORD-11845,2025-03-09,Maria Müller,Whiteboard Markers Set 8,-0.9458806620828024,-0.7674181041983706,0.19663999983464828,-0.6040701481290097,-1.4136889539863449,-0.5768985322573973,-0.6879217630682924,-0.7672041878415797,0.8965966939055042,0,2,0,2,1,2025,3,1,1,1,0,0,0,1,0,0,0,0,0,0,0,0,0,0,0,0,0,0,0,0,0,0,0,1,0,1,0,0,1,0,0,0,1,0,0,0
ORD-11166,2025-03-10,Hans Müller,Corner L-Shaped Desk,-0.9458806620828024,4.354336676260764,-1.180873133858159,0.46095632666246433,-0.08275173944565735,0.5491804698773713,0.6087830317046944,4.844634120002925,-0.6274024047695567,1,2,1,1,0,2025,3,1,0,0,0,0,1,0,0,0,0,0,0,0,0,0,0,0,0,0,1,0,0,0,0,0,0,0,1,0,0,0,1,0,1,0,0,0,0,0
ORD-10619,2025-03-11,John Rodriguez,Smart LED Desk Lamp,-0.5760348509067311,-0.5692876282164618,-0.4921165670117554,-0.493400051217376,-0.11147700306883772,-0.5031740934554438,-0.032767214632465354,-0.5529855957191768,0.03342631421408464,0,2,3,1,1,2025,3,1,0,0,0,0,0,0,1,0,0,0,0,0,0,0,0,0,0,0,0,0,0,0,0,0,0,0,0,0,1,1,0,0,0,0,0,0,1,0
ORD-11249,2025-03-12,Susan White,Wireless Ergonomic Mouse,2.012885827325768,-0.34530307993901416,1.5741531335274555,0.23153745106605858,2.2325045085826747,-0.004407180061557428,0.13657054570094776,-0.4154999655338662,-0.4808449865733845,1,0,3,0,0,2025,3,1,0,0,1,0,0,0,1,0,1,0,0,0,0,0,0,0,0,0,0,0,0,0,0,0,0,0,0,0,1,0,1,0,0,0,0,0,0,1
ORD-11308,2025-03-14,Ivan Leroy,Leather Wallet Minimalist,-0.9458806620828024,-0.3165483068493419,-1.180873133858159,-0.5073351236610096,-1.2815527413197154,-0.447408171797556,0.6120051032543786,-0.2574879236275021,-0.30061897230511864,0,2,2,1,2,2025,3,1,0,0,1,0,0,1,0,0,0,0,0,0,0,0,0,0,0,1,0,0,0,0,0,0,0,0,0,0,0,0,0,0,0,0,0,0,0,0
ORD-10159,2025-03-15,Sarah Sharma,Sticky Notes Multicolor 6-Pack,0.5335025826214829,-0.758589884390138,1.5741531335274555,-0.4955961977188117,-0.14786233699153267,-0.49808463515550616,0.025588081211818665,-0.7767097073634099,0.033756398489301294,0,1,0,0,1,2025,3,1,1,0,1,0,0,1,0,0,0,0,0,0,0,0,0,0,0,1,0,0,0,0,0,0,0,0,0,1,0,0,0,0,0,1,0,0,0,0
ORD-10247,2025-03-15,Giulia Singh,Leather Belt Classic,-0.9458806620828024,-0.7081429140573795,-1.180873133858159,-0.5885141104105069,-1.1015410892811188,-0.5670831483932319,-0.4165517369948734,-0.6852363021098565,0.6480432346674013,0,2,0,1,1,2025,3,1,1,0,0,0,0,1,0,0,0,0,0,0,0,0,0,0,0,0,0,0,0,0,0,0,0,1,0,0,0,0,0,1,0,1,0,0,0,0
ORD-10444,2025-03-15,Giulia Taylor,Bookshelf 5-Tier,-0.5760348509067311,0.786474699476422,0.19663999983464828,0.005125204608523173,-0.8583338572715257,-0.04686780359246557,0.35316535542973215,0.7604292321232602,-0.6118884438343763,1,2,1,2,0,2025,3,1,1,0,0,1,0,0,0,0,0,0,0,0,0,1,0,0,0,0,0,0,0,0,0,0,0,0,1,0,0,0,0,1,0,1,0,0,0,0
ORD-10136,2025-03-16,Xiao Weber,Silk Tie Collection,-0.9458806620828024,-0.49386940756898784,-0.4921165670117554,-0.5485651597653437,-0.8047133651749225,-0.5289849176908417,0.020217961962344596,-0.4747372611046914,0.15885833879639422,0,2,3,1,1,2025,3,1,1,0,1,1,0,0,0,0,0,0,0,0,0,0,0,0,0,0,0,0,0,0,0,0,1,0,0,0,0,0,0,0,0,0,1,0,0,0
ORD-10387,2025-03-16,Jennifer Harris,Webcam HD 1080p,-0.5760348509067311,-0.27757802226728595,1.5741531335274555,-0.41875721476977057,-0.1899927236388639,-0.47758138886147183,-0.11689908287422462,-0.3562626699630409,-0.24714531972002882,0,2,2,0,2,2025,3,1,1,0,1,1,0,0,0,0,0,0,0,0,0,0,0,1,0,0,0,0,0,0,0,0,0,0,0,0,1,0,1,0,0,0,1,0,0,0
ORD-10751,2025-03-16,Pierre Leroy,Travel Backpack 30L,2.012885827325768,-0.11349925125998905,-0.4921165670117554,0.8045748203335255,1.8590760814813307,1.1522812784199787,0.8321799924828123,-0.08005155922000694,-0.5901028816700805,1,0,2,1,0,2025,3,1,1,0,1,0,0,1,0,0,0,0,0,0,0,0,0,0,0,1,0,0,0,0,0,0,0,0,0,0,0,0,0,1,0,0,1,0,0,0
ORD-11820,2025-03-17,Mia Anderson,Filing Cabinet 3-Drawer,-0.2061890397306598,0.8089236012744995,0.19663999983464828,0.33697862773617887,-0.03870633522344782,0.22963519518843095,0.354239379279627,0.7824710165217067,-0.6128786966600261,1,2,1,2,0,2025,3,1,0,0,0,1,0,0,0,0,0,0,0,0,1,0,0,0,0,0,0,0,0,0,0,0,0,0,1,0,0,0,0,1,1,0,0,0,0,0
ORD-10538,2025-03-18,Richard Ali,Cotton Formal Shirt,-0.9458806620828024,-0.14477637286629927,-1.180873133858159,-0.4717261768163025,-0.3336190417547654,-0.43381204748200836,0.4276310090224383,-0.06985723393572536,-0.130295486293351,0,2,2,1,2,2025,3,1,0,0,0,0,0,0,0,0,0,0,0,0,0,0,0,0,1,0,0,0,0,0,0,0,0,0,0,0,0,0,0,1,0,0,0,0,1,0
ORD-11584,2025-03-18,Richard Zhang,Smart LED Desk Lamp,0.16365677144541152,-0.07515955380709254,0.19663999983464828,0.0006544778020290909,0.556864130563824,-0.006733789570100289,0.4423093349710004,-0.08666409453954088,-0.5105525713428789,1,1,2,2,0,2025,3,1,0,1,0,0,1,0,0,0,0,0,0,0,0,0,0,0,0,0,0,1,0,0,0,0,0,0,0,0,1,0,0,1,0,0,0,0,1,0
ORD-11281,2025-03-19,Ali Taylor,Webcam HD 1080p,-0.2061890397306598,0.10417942572586379,-0.4921165670117554,-0.02549012340553852,-1.07090080808306,0.08116842592453646,0.6782365739978913,0.14587673086407082,-0.622121056366091,1,2,2,1,0,2025,3,1,0,0,0,0,0,1,0,0,0,0,0,0,0,0,0,0,0,1,0,0,0,0,0,0,0,0,0,0,1,0,0,1,0,0,0,0,0,1
ORD-10348,2025-03-20,Olivia White,Desk Organizer Set,-0.2061890397306598,-0.31112525753857034,-0.4921165670117554,-0.27085720573856054,-0.2685084442088901,-0.28970767104663175,0.30555029808439615,-0.2850401541255604,-0.45212765462953997,1,2,2,1,2,2025,3,1,0,0,0,0,0,0,0,0,0,0,0,0,0,0,1,0,0,0,0,0,0,0,0,0,0,0,1,0,0,1,0,0,0,0,0,1,0,0
ORD-10585,2025-03-20,Ahmed Zhang,Sports Water Bottle 750ml,1.2731942049736253,-0.5468387264183843,-0.4921165670117554,-0.11236863321828566,0.5109037087667354,-0.0043344735144154245,0.6997170509957873,-0.5297039609483176,-0.46797169983993697,1,1,3,1,0,2025,3,1,0,1,0,0,0,1,0,0,0,0,0,0,0,0,0,0,0,0,0,0,0,0,0,0,0,1,0,0,0,0,0,0,0,0,0,1,0,0
ORD-10889,2025-03-21,Layla Johansson,USB-C Hub Multiport Adapter,-0.9458806620828024,-0.5588198818724145,-0.4921165670117554,-0.5613498697558442,-0.19765279393837884,-0.5794432614073661,-0.7502151463621909,-0.5421024646724438,0.6952452860233757,0,2,3,1,1,2025,3,1,0,1,0,0,1,0,0,0,0,0,0,0,0,0,0,0,0,0,1,0,0,0,0,0,0,0,0,0,1,1,0,0,0,0,0,0,0,0
ORD-10987,2025-03-22,Patricia Wang,Floating Wall Shelves Set,-0.5760348509067311,0.06899266391876469,-0.4921165670117554,-0.2419935660054059,-0.3278739890301295,-0.25786220339845073,0.33490694998152065,0.10937002545414355,-0.4791945651973015,1,2,2,1,2,2025,3,1,1,1,0,1,0,0,0,0,0,0,0,0,0,1,0,0,0,0,0,0,0,0,0,0,0,0,1,0,0,0,0,1,0,1,0,0,0,0
ORD-11487,2025-03-22,Sakura Zhang,Webcam HD 1080p,-0.5760348509067311,-0.06834921281217024,-1.180873133858159,-0.2783345616839249,-0.7510928730783191,-0.19846095438346453,0.6578301208498901,0.013626024473391082,-0.5075818128659294,1,2,2,1,2,2025,3,1,1,0,0,1,0,0,0,0,0,0,0,0,0,0,0,0,0,0,0,0,0,0,1,0,0,0,0,0,1,0,0,1,0,1,0,0,0,0
ORD-11238,2025-03-25,Carlos Jones,Premium Notebook Set A5,-0.2061890397306598,-0.7043593912824225,0.19663999983464828,-0.510028017585389,-0.9559997535903386,-0.4634763187159304,0.4734560266179497,-0.7052116692209487,-0.17254627352107624,0,2,0,2,2,2025,3,1,0,0,1,0,0,1,0,0,0,0,0,0,0,0,0,0,0,1,0,0,0,0,0,0,0,0,0,1,0,0,0,1,0,0,0,0,1,0
ORD-10894,2025-03-26,John Martin,Leather Wallet Minimalist,-0.5760348509067311,-0.22725716936035933,0.19663999983464828,-0.37313488566256503,-0.4370299907982147,-0.3330407731432435,0.4927884559160561,-0.23613494499150692,-0.3735675971279882,0,2,2,2,2,2025,3,1,0,0,1,1,0,0,0,0,0,0,0,0,0,1,0,0,0,0,0,0,0,0,0,0,0,0,0,0,0,0,0,1,0,0,0,0,0,1
ORD-11005,2025-03-26,Emma Anderson,Tablet Stand Holder,0.5335025826214829,-0.6037176854685694,-0.4921165670117554,-0.3172377282807855,0.6621900971821516,-0.3262790642590407,0.30662432193429084,-0.5886657342141624,-0.27916349441603944,1,1,3,1,2,2025,3,1,0,0,1,0,0,1,0,0,0,0,0,0,0,0,0,0,0,1,0,0,0,0,0,0,0,0,0,0,1,0,1,0,0,0,0,0,0,1
ORD-11310,2025-03-26,Hans Ali,Stapler Full-Size,0.16365677144541152,-0.6846850728526468,-0.4921165670117554,-0.4442743455483565,0.1872657386122375,-0.4016030470981174,0.4809741935672133,-0.6727000372332399,-0.09266587891865813,0,1,3,1,2,2025,3,1,0,1,0,1,0,0,0,0,0,0,0,0,0,0,0,1,0,0,0,0,0,0,0,0,0,0,0,1,0,0,1,0,0,0,0,0,0,1
ORD-11862,2025-03-26,Thomas Clark,Desk Organizer Set,-0.5760348509067311,-0.5566758856332722,1.5741531335274555,-0.5113352476457673,-0.2282930751364375,-0.5778437173702429,-0.7197844706151715,-0.6002376710233468,0.1017537591839217,0,2,3,0,1,2025,3,1,0,0,0,1,0,0,0,0,0,0,0,0,0,1,0,0,0,0,0,0,0,0,0,0,0,0,1,0,0,0,1,0,0,0,0,0,0,1
ORD-11221,2025-03-27,Olivia Kim,Portable External SSD 1TB,-0.5760348509067311,0.7964379761171416,0.8853965666810519,-0.026823498067124443,0.48217844514355507,-0.09427247232902734,0.30913037758404543,0.6762571679516922,-0.506261475765063,1,2,1,0,0,2025,3,1,0,0,0,0,1,0,0,0,0,0,0,0,0,0,0,0,0,0,0,0,1,0,0,0,0,0,0,0,1,0,0,0,0,0,0,1,0,0
ORD-11757,2025-03-27,Oscar Thompson,Whiteboard Markers Set 8,-0.5760348509067311,-0.669803216604483,2.2629097003738594,-0.5541339598225555,-0.42362486777406383,-0.5670831483932319,-0.5465086228321441,-0.7130640549128954,0.43777955135442465,0,2,3,3,1,2025,3,1,0,0,0,0,0,0,0,0,0,0,0,0,0,0,0,0,0,0,0,0,0,1,0,0,0,0,0,1,0,0,0,1,0,0,0,1,0,0
ORD-11860,2025-03-27,Hans Patel,Tablet Stand Holder,-0.5760348509067311,-0.30734173476361343,-0.4921165670117554,-0.3902334548523142,-0.728112662179775,-0.3589970104729253,0.44051929522117583,-0.2811828418558322,-0.40294509762226594,0,2,2,1,2,2025,3,1,0,0,0,0,0,1,0,0,0,1,0,0,0,0,0,0,0,0,0,0,0,0,0,0,0,0,0,0,1,0,0,1,0,0,0,1,0,0
ORD-10337,2025-03-28,Mary Chen,Cotton Formal Shirt,-0.9458806620828024,-0.3228541781409367,-0.4921165670117554,-0.5148909134099966,-1.3332582158414399,-0.4645669169230599,0.5103308454643378,-0.2973008966971962,-0.2933571182503534,0,2,2,1,2,2025,3,1,0,0,1,0,0,1,0,0,0,0,0,0,0,0,0,0,0,0,0,0,0,0,0,0,0,1,0,0,0,0,0,1,0,0,0,0,0,0
ORD-11695,2025-03-29,Sophie Jackson,Corner L-Shaped Desk,-0.9458806620828024,2.465349872150624,1.5741531335274555,-0.07119088631636668,-0.48490543017018184,-0.26207918313268475,0.005897643963747332,2.040643622215537,-0.5666668981297015,1,2,1,0,2,2025,3,1,1,0,0,0,0,0,0,1,0,0,0,0,0,0,0,0,0,0,0,0,0,0,0,0,0,0,1,0,0,0,1,0,0,1,0,0,0,0
ORD-10774,2025-03-30,Lucas Tanaka,USB-C Hub Multiport Adapter,2.012885827325768,-0.28312718900388933,0.19663999983464828,0.4440669142823757,0.849861819520263,0.4616417871184444,0.5250091714128999,-0.2911016448351332,-0.5868020389179144,1,0,2,2,0,2025,3,1,1,0,1,0,1,0,0,0,0,0,0,0,0,0,0,0,0,0,0,1,0,0,0,0,0,0,0,0,1,0,0,1,0,0,1,0,0,0
ORD-11193,2025-03-30,Raj Harris,USB-C Hub Multiport Adapter,0.16365677144541152,-0.37645408411949255,0.19663999983464828,-0.22418909258305236,-0.659172029484142,-0.20376853232482808,0.45913570861935243,-0.3828505723936671,-0.5263966165532759,1,1,3,2,2,2025,3,1,1,0,0,0,0,1,0,0,0,0,0,0,0,0,0,0,0,1,0,0,0,0,0,0,0,0,0,0,1,0,1,0,0,0,1,0,0,0
ORD-10331,2025-03-31,Giulia White,Folding Table Portable,0.5335025826214829,-0.3551402391539021,-1.180873133858159,-0.0429547170121937,0.6775102377811814,-0.04025150780254659,0.45483961321977306,-0.2996428362895312,-0.48546616642641693,1,1,3,1,0,2025,3,1,0,0,0,0,0,0,0,1,0,0,0,0,0,0,0,0,0,0,0,0,0,0,0,0,0,0,1,0,0,0,1,0,1,0,0,0,0,0
ORD-10704,2025-03-31,Fatima Müller,Wireless Bluetooth Headphones,-0.9458806620828024,0.05638092133557507,0.8853965666810519,-0.46053628749946357,-0.6974723809817159,-0.47518207280578695,0.045636526409854855,-0.01089546066988078,-0.263649533480859,0,2,2,0,2,2025,3,1,0,1,0,1,0,0,0,0,0,0,0,0,0,0,0,1,0,0,0,0,0,0,0,0,0,0,0,0,1,0,0,0,1,0,0,0,0,0
ORD-11754,2025-03-31,Sakura Chen,Stapler Full-Size,2.7525774496779105,-0.7382849788312026,2.2629097003738594,-0.3144141113503682,1.954826960225265,-0.3906970650268225,0.03740234356066139,-0.7691328439764439,-0.10058790152385658,1,0,0,3,2,2025,3,1,0,1,0,0,0,0,0,0,0,0,0,0,0,0,1,0,0,0,0,0,0,0,0,0,0,0,0,1,0,0,0,0,1,0,0,0,0,0
ORD-10976,2025-04-01,Ahmed Jackson,Desk Calendar 2025,0.9033483937975542,-0.6999452813783062,-0.4921165670117554,-0.36772295321259857,1.6273589549210095,-0.34423758140310623,0.41402670692377075,-0.6885425697696235,-0.030610035177936593,0,1,0,1,2,2025,4,2,0,1,0,0,1,0,0,0,0,0,0,0,0,0,0,0,0,0,0,0,1,0,0,0,0,0,0,1,0,0,0,0,0,0,0,0,1,0
ORD-10087,2025-04-02,Omar Schmidt,Standing Desk Converter,1.6430400161496967,1.8821828951039359,-1.180873133858159,4.02177257732955,-0.5002255707692114,4.52593777235434,0.6947049396962782,2.144240008888236,-0.7066226308215418,1,0,1,1,0,2025,4,2,0,1,0,0,0,1,0,0,0,1,0,0,0,0,0,0,0,0,0,0,0,0,0,0,0,0,1,0,0,0,0,1,0,0,0,0,0,1
ORD-11637,2025-04-02,Sarah Brown,Wireless Ergonomic Mouse,-0.2061890397306598,-0.3826338379852554,-1.180873133858159,-0.29624361351110867,-1.1513315462279647,-0.2056589025505192,0.7032971304954364,-0.3296747675324147,-0.5495025158184381,1,2,3,1,2,2025,4,2,0,0,0,0,0,1,0,0,0,1,0,0,0,0,0,0,0,0,0,0,0,0,0,0,0,0,0,0,1,0,1,0,0,0,0,0,0,1
ORD-11935,2025-04-02,Isabella Thompson,Stapler Full-Size,3.8621148832061243,-0.7800298467815602,-1.180873133858159,-0.21323450467708152,5.15673634542243,-0.2244171917131464,0.3653376257285399,-0.7637601590293225,0.0921813152026402,1,0,0,1,2,2025,4,2,0,0,0,0,0,0,0,0,0,0,0,0,0,0,0,0,1,0,0,0,0,0,0,0,0,0,0,1,0,0,0,1,0,0,0,0,0,1
ORD-10541,2025-04-04,Clara Garcia,USB-C Hub Multiport Adapter,-0.2061890397306598,-0.6040960377460651,-0.4921165670117554,-0.44393446573265816,-0.2991487254069491,-0.4381017337633843,0.2307266365417252,-0.5890790176716332,-0.20918562807011934,0,2,3,1,2,2025,4,2,0,0,0,0,0,1,0,0,0,1,0,0,0,0,0,0,0,0,0,0,0,0,0,0,0,0,0,0,1,0,1,0,0,0,0,0,0,0
ORD-11429,2025-04-04,Olga Wang,Desk Organizer Set,-0.5760348509067311,-0.48441060063159563,-1.180873133858159,-0.45083664045145594,-0.18807770606398527,-0.4610770026602456,0.10470783815406885,-0.44084801759207976,-0.16231366098936156,0,2,3,1,2,2025,4,2,0,1,0,1,0,0,0,0,0,0,0,0,1,0,0,0,0,0,0,0,0,0,0,0,0,0,1,0,0,1,0,0,0,0,0,0,0,0
ORD-11614,2025-04-04,Carlos Ali,Leather Wallet Minimalist,-0.2061890397306598,-0.6183473068650694,-0.4921165670117554,-0.45237917192270244,-0.4083047271750343,-0.417380367827924,0.4222608897729642,-0.6039572221405847,-0.21248647082228536,0,2,3,1,2,2025,4,2,0,0,0,0,0,0,0,0,0,0,0,0,0,0,0,0,0,0,0,0,0,1,0,0,0,0,0,0,0,0,0,1,0,0,0,0,0,0
ORD-11856,2025-04-04,Kenji Martin,Premium Notebook Set A5,-0.5760348509067311,-0.7555630661701724,-0.4921165670117554,-0.5667618022058107,-0.0999868976195655,-0.5699914102789105,-0.5704951554797946,-0.7462644926630555,0.876791637392508,0,2,0,1,1,2025,4,2,0,0,1,0,0,0,1,0,0,0,0,1,0,0,0,0,0,0,0,0,0,0,0,0,0,0,0,1,0,0,0,1,0,0,0,0,0,0
ORD-10255,2025-04-05,Diego Rossi,Tablet Stand Holder,-0.5760348509067311,-0.3922187623484796,0.19663999983464828,-0.4347054215063867,-0.6476819240348701,-0.4318489707091752,0.22714655704207581,-0.3982798214725798,-0.31250200621291646,0,2,3,2,2,2025,4,2,1,1,0,0,0,1,0,0,0,1,0,0,0,0,0,0,0,0,0,0,0,0,0,0,0,0,0,0,1,0,0,1,0,1,0,0,0,0
ORD-10906,2025-04-05,Wei Moreau,Tablet Stand Holder,0.16365677144541152,-0.24743595749346275,0.19663999983464828,-0.12789852633558083,0.16428552771369306,-0.13084386554143623,0.4208288579731045,-0.25597255095010885,-0.4907475148298826,1,1,2,2,0,2025,4,2,1,1,0,0,0,0,0,0,0,0,0,0,0,0,1,0,0,0,0,0,0,0,0,0,0,0,0,0,1,0,1,0,0,1,0,0,0,0
ORD-11368,2025-04-05,Elizabeth Williams,USB-C Hub Multiport Adapter,1.2731942049736253,-0.6336075153907288,-1.180873133858159,-0.21085534596719288,1.5201179707278032,-0.2002786180620137,0.43264312032194735,-0.6038194609880942,-0.30028888802990206,1,1,3,1,2,2025,4,2,1,0,0,0,0,1,0,0,0,1,0,0,0,0,0,0,0,0,0,0,0,0,0,0,0,0,0,0,1,0,0,0,0,1,0,0,0,0
ORD-10300,2025-04-06,David Johansson,Mechanical Gaming Keyboard,0.16365677144541152,1.1541069957763994,-0.4921165670117554,1.0042411397557192,-0.2972337078320705,1.2574876521344036,0.7258516313432273,1.2354296859097844,-0.6660222649698995,1,1,1,1,0,2025,4,2,1,1,0,1,0,0,0,0,0,0,0,0,0,0,0,0,0,0,0,0,0,0,1,0,0,0,0,0,1,1,0,0,0,0,1,0,0,0
ORD-10803,2025-04-06,Emma Romano,Wireless Bluetooth Headphones,-0.9458806620828024,1.845608841612686,-1.180873133858159,-0.0591120805584705,-0.9943001050879123,0.08509457947020267,0.7688125853390193,2.104289274666051,-0.6099079381830766,1,2,1,1,0,2025,4,2,1,0,1,1,0,0,0,0,0,0,0,0,0,0,0,0,0,0,0,0,0,0,1,0,0,0,0,0,1,1,0,0,0,0,1,0,0,0
ORD-10264,2025-04-07,Omar Thomas,Desk Calendar 2025,0.16365677144541152,-0.7217635960472242,2.2629097003738594,-0.5071521114525567,0.034064332621942424,-0.5321840057650883,-0.2540161277107939,-0.7554944898799051,0.16810069850245904,0,1,0,3,1,2025,4,2,0,0,0,0,0,0,0,0,0,0,0,0,0,0,0,0,1,0,0,0,0,0,0,0,0,0,0,1,0,0,0,1,1,0,0,0,0,0
ORD-10615,2025-04-07,Giulia Smith,Travel Backpack 30L,-0.9458806620828024,0.21806346125206605,0.8853965666810519,-0.43203867218321484,-1.0383455093101222,-0.4013122209095496,0.4100886194741565,0.13926419554453678,-0.40525568754878216,0,2,1,0,2,2025,4,2,0,1,0,0,0,1,0,0,0,1,0,0,0,0,0,0,0,0,0,0,0,0,0,0,0,0,0,0,0,1,0,0,1,0,0,0,0,0
ORD-11666,2025-04-07,Xiao Rodriguez,Ballpoint Pen Pack 12,-0.5760348509067311,-0.8014698091729826,0.8853965666810519,-0.5899520634769232,-0.5404409398416636,-0.5939118642886173,-1.2009471553680413,-0.8072926832162546,1.2748732733037325,0,2,0,0,1,2025,4,2,0,1,0,1,0,0,0,0,0,0,0,0,0,1,0,0,0,0,0,0,0,0,0,0,0,0,0,1,0,0,0,0,1,0,0,0,0,0
ORD-10778,2025-04-08,Raj Harris,Standing Desk Converter,0.9033483937975542,1.0296290964803179,0.19663999983464828,1.5544542721689798,0.19875584406150937,1.3492433146275646,0.41724877847345526,0.9994448316939154,-0.6706434448229319,1,1,1,2,0,2025,4,2,0,0,0,0,0,1,0,0,0,0,0,0,0,0,0,0,0,0,0,0,0,0,0,0,0,1,1,0,0,0,1,0,0,0,0,0,1,0
ORD-11647,2025-04-08,Emma Chen,Premium Notebook Set A5,-0.5760348509067311,-0.6653891067003667,-0.4921165670117554,-0.5312574337659339,-0.05211145824759834,-0.5198238927509541,0.010909755263256412,-0.6527246701221477,0.34106485871595965,0,2,3,1,1,2025,4,2,0,0,0,0,0,0,0,0,0,0,1,0,0,0,0,0,0,0,0,0,0,0,0,0,0,0,0,1,0,0,0,0,0,0,0,0,1,0
ORD-11591,2025-04-09,Priya Romano,Wireless Bluetooth Headphones,-0.9458806620828024,0.5406718365300565,-1.180873133858159,-0.3296302692531725,-1.0172803159864565,-0.2525546254570872,0.6606941844496095,0.6788746298490077,-0.5102224870676623,1,2,1,1,2,2025,4,2,0,0,1,1,0,0,0,0,0,0,0,0,0,0,0,1,0,0,0,0,0,0,0,0,0,0,0,0,1,0,1,0,0,0,0,0,0,1
ORD-11057,2025-04-10,Ali Müller,Laptop Stand Adjustable,0.5335025826214829,-0.5806381965413324,0.19663999983464828,-0.3123748324561779,1.4052169162350818,-0.3775371799941266,0.08537540885596238,-0.5835685715720215,-0.1817886332271412,1,1,3,2,2,2025,4,2,0,0,0,0,0,0,0,0,0,0,0,0,0,0,0,0,0,0,0,0,0,1,0,0,0,0,0,0,1,0,1,0,0,0,0,1,0,0
ORD-11127,2025-04-10,Diego Weber,Filing Cabinet 3-Drawer,0.16365677144541152,0.6983186188199264,-1.180873133858159,0.7124935348804722,-0.5040556059189686,0.8449507036508889,0.6442258187512225,0.8510760704618716,-0.6600807480160006,1,1,1,1,0,2025,4,2,0,0,1,1,0,0,0,0,0,0,0,0,0,1,0,0,0,0,0,0,0,0,0,0,0,0,1,0,0,0,1,0,0,0,0,1,0,0
ORD-11410,2025-04-10,William Wang,Portable External SSD 1TB,-0.2061890397306598,0.2516106965233504,0.19663999983464828,0.025047390728689705,0.9762529794622563,0.003735953218342792,0.41975483412320963,0.23459491306781838,-0.4897572620042328,1,2,1,2,0,2025,4,2,0,0,1,0,1,0,0,0,0,0,0,0,0,0,0,0,0,0,1,0,0,0,0,0,0,0,0,0,1,0,0,1,0,0,0,1,0,0
ORD-10123,2025-04-11,Priya Patel,Bookshelf 5-Tier,-0.9458806620828024,1.5141722465264627,0.19663999983464828,-0.17838375126739386,-0.16126746001568354,-0.2433936005171995,0.2289365967919005,1.4758228970053429,-0.4970191160589981,1,2,1,2,2,2025,4,2,0,0,1,0,0,0,1,0,1,0,0,0,0,0,0,0,0,0,0,0,0,0,0,0,0,0,1,0,0,0,1,0,0,0,0,0,0,0
ORD-11126,2025-04-11,David Park,Leather Belt Classic,2.7525774496779105,-0.5266599382852809,-0.4921165670117554,0.22910600315375493,2.2497396667565828,0.3794833888480228,0.7118893212945948,-0.5087642657697934,-0.4791945651973015,1,0,3,1,0,2025,4,2,0,0,0,0,1,0,0,0,0,0,0,0,0,0,0,0,0,0,1,0,0,0,0,0,0,0,0,0,0,0,1,0,0,0,0,0,0,0
ORD-11157,2025-04-11,James Miller,Monitor Riser Wood,2.012885827325768,-0.49941857430559133,0.8853965666810519,0.04117860967375881,0.202585879211267,-0.12728124473147986,0.14265668085035169,-0.5269487378985118,-0.5471919258919219,1,0,3,0,0,2025,4,2,0,0,1,0,0,1,0,0,0,1,0,0,0,0,0,0,0,0,0,0,0,0,0,0,0,0,1,0,0,0,1,0,0,0,0,0,0,0
ORD-11219,2025-04-11,Olga Ali,Whiteboard Markers Set 8,-0.9458806620828024,-0.7392939182378578,0.19663999983464828,-0.5988150832862886,-0.23212311028619514,-0.6144151105826516,-2.087374839481215,-0.7395141961910312,2.1885465471032925,0,2,0,2,1,2025,4,2,0,0,0,0,1,0,0,0,0,0,0,0,0,0,0,0,0,0,0,1,0,0,0,0,0,0,0,1,0,0,0,1,0,0,0,0,0,0
ORD-11438,2025-04-11,Olga Russo,Noise Cancelling Earbuds,-0.9458806620828024,0.5372666660325953,-0.4921165670117554,-0.3455000421861661,-0.69172732825708,-0.30795701437926526,0.4888503684664418,0.5952536102874008,-0.4471763905012909,0,2,1,1,2,2025,4,2,0,0,0,1,0,0,0,0,0,0,0,0,0,0,0,1,0,0,0,0,0,0,0,0,0,0,0,0,1,0,1,0,0,0,0,0,0,0
ORD-11493,2025-04-11,Amina Khan,Leather Wallet Minimalist,-0.9458806620828024,-0.4247570582131088,-1.180873133858159,-0.5297671914971026,-0.36234430537794576,-0.513498423149603,0.07893126575659361,-0.37568699246417203,0.19087651349240475,0,2,3,1,1,2025,4,2,0,1,0,0,0,0,0,0,0,0,0,0,0,0,0,0,1,0,0,0,0,0,0,0,0,0,0,0,0,0,0,0,0,0,0,0,0,0
ORD-10684,2025-04-12,Ingrid Clark,Ballpoint Pen Pack 12,-0.9458806620828024,-0.7577070624093146,-0.4921165670117554,-0.6005144823647806,-1.381133655213407,-0.5707184757503302,-0.44913046044168237,-0.7484686711029002,0.765883320919729,0,2,0,1,1,2025,4,2,1,1,0,0,0,1,0,0,0,1,0,0,0,0,0,0,0,0,0,0,0,0,0,0,0,0,0,1,0,0,0,1,0,1,0,0,0,0
ORD-11089,2025-04-12,Hans Zhang,Desk Calendar 2025,-0.2061890397306598,-0.8065145062062584,-0.4921165670117554,-0.56354601625728,-0.7568379258029554,-0.5403271390449884,-0.030977174882640793,-0.7991647752193274,0.3793546346410856,0,2,0,1,1,2025,4,2,1,0,1,1,0,0,0,0,0,0,0,0,0,0,0,0,0,0,0,0,0,0,1,0,0,0,0,1,0,0,0,1,0,1,0,0,0,0
ORD-11190,2025-04-12,Jennifer Leroy,Smart LED Desk Lamp,0.16365677144541152,-0.2297795178769973,0.19663999983464828,-0.11472164732696676,0.17960566831272257,-0.1171750346787466,0.42619897722257855,-0.23861464573633218,-0.49536869468291506,1,1,2,2,0,2025,4,2,1,1,0,0,0,0,0,0,0,0,0,0,0,0,0,0,1,0,0,0,0,0,0,0,0,0,0,0,1,1,0,0,0,1,0,0,0,0
ORD-11312,2025-04-12,Ahmed Hassan,Noise Cancelling Earbuds,-0.2061890397306598,-0.1679819792193682,0.19663999983464828,-0.20980956191889016,-0.3182989011557359,-0.20115109662771724,0.4272730010724733,-0.17786197748811378,-0.49668903178378143,1,2,2,2,2,2025,4,2,1,1,0,0,0,1,0,0,0,0,0,0,0,0,0,0,0,1,0,0,0,0,0,0,0,0,0,0,1,0,1,0,0,1,0,0,0,0
ORD-11485,2025-04-12,Joseph Garcia,Stapler Full-Size,-0.5760348509067311,-0.6763613227477415,0.19663999983464828,-0.5407217794030734,-0.48107539502042423,-0.524186285579472,0.024514057361923823,-0.6776594387228904,0.24137940760054521,0,2,3,2,1,2025,4,2,1,0,0,0,0,0,0,0,0,0,1,0,0,0,0,0,0,0,0,0,0,0,0,0,0,0,0,1,0,0,1,0,0,1,0,0,0,0
ORD-10148,2025-04-13,Sarah Smith,Highlighters Neon Pack 6,-0.9458806620828024,-0.8142076691820042,1.5741531335274555,-0.6150770252373957,-0.3374490769045227,-0.6362270747252414,-4.832221791862354,-0.8252016330399925,4.512339844628186,0,2,0,0,1,2025,4,2,1,0,1,0,0,0,1,0,1,0,0,0,0,0,0,0,0,0,0,0,0,0,0,0,0,0,0,1,0,0,0,1,0,0,1,0,0,0
ORD-10679,2025-04-13,Sophie Jones,Laptop Stand Adjustable,-0.5760348509067311,-0.3577887050963719,-1.180873133858159,-0.39833828122666026,-0.27233847935864736,-0.36684931756425765,0.4372972236714913,-0.3025358204918273,-0.30424989933250135,0,2,3,1,2,2025,4,2,1,0,0,1,0,0,0,0,0,0,0,0,0,0,0,0,0,0,0,0,0,0,1,0,0,0,0,0,1,0,1,0,0,0,1,0,0,0
ORD-11027,2025-04-13,Amir Ali,Desk Calendar 2025,0.16365677144541152,-0.6826671940393364,0.19663999983464828,-0.4527190517384008,0.0015090338490047661,-0.42014321661931875,0.40471850022468253,-0.6838586905849535,-0.10917009267948832,0,1,3,2,2,2025,4,2,1,0,0,1,0,0,0,0,0,0,0,0,0,0,0,1,0,0,0,0,0,0,0,0,0,0,0,1,0,0,1,0,0,0,1,0,0,0
ORD-10990,2025-04-14,Richard Yamamoto,Corner L-Shaped Desk,-0.5760348509067311,1.1650792118237745,-1.180873133858159,0.2330538379360976,-0.09232682732005093,0.29601627272904596,0.5812164195573944,1.3609300958284398,-0.6019859155778782,1,2,1,1,0,2025,4,2,0,1,0,0,0,0,1,0,0,0,0,0,0,0,0,0,0,0,0,0,0,0,0,0,0,0,1,0,0,0,0,0,1,0,0,0,0,0
ORD-11848,2025-04-14,Richard Weber,Noise Cancelling Earbuds,-0.9458806620828024,1.0327820321261152,0.8853965666810519,-0.2884786669524611,-1.1647366692521155,-0.28854436629236035,0.3621155541788555,0.8957106838687261,-0.5551139484971205,1,2,1,0,2,2025,4,2,0,0,0,0,0,1,0,0,0,1,0,0,0,0,0,0,0,0,0,0,0,0,0,0,0,0,0,0,1,0,1,0,1,0,0,0,0,0
ORD-10080,2025-04-16,Hans Sharma,Wireless Bluetooth Headphones,-0.5760348509067311,2.0891415908940774,-0.4921165670117554,0.5536912271457067,-0.09807188004468687,0.7223674651695342,0.6932729078964185,2.2056814828989055,-0.6356545116499718,1,2,1,1,0,2025,4,2,0,0,0,0,1,0,0,0,0,0,0,0,0,0,0,0,0,0,0,0,1,0,0,0,0,0,0,0,1,1,0,0,0,0,0,0,0,1
ORD-10187,2025-04-17,Wei Müller,Desk Calendar 2025,-0.9458806620828024,-0.7372760394245474,0.8853965666810519,-0.6003837593587427,0.005339068998762058,-0.6283020610867672,-2.6934822987718463,-0.7477798653404487,2.6506645324065383,0,2,0,0,1,2025,4,2,0,1,0,0,1,0,0,0,0,0,0,0,0,0,0,0,0,0,0,0,0,0,0,1,0,0,0,1,0,0,0,0,0,0,0,1,0,0
ORD-10198,2025-04-17,Mary Weber,Binder Clips Assorted 48pc,-0.5760348509067311,-0.7632562291459181,-1.180873133858159,-0.5664480669913199,0.26003640645762743,-0.5787889024830885,-0.7401909237631727,-0.7454379257481137,1.1114815570715133,0,2,0,1,1,2025,4,2,0,0,0,0,1,0,0,0,0,0,0,0,0,0,0,0,0,0,1,0,0,0,0,0,0,0,0,1,0,0,0,0,0,0,0,1,0,0
ORD-11003,2025-04-18,Layla Jackson,Binder Clips Assorted 48pc,-0.5760348509067311,-0.747491550916931,0.8853965666810519,-0.5709449383990215,-0.41021974474991296,-0.5739902703717187,-0.6431707693226759,-0.7572853848622788,0.7602718882410469,0,2,0,0,1,2025,4,2,0,0,1,0,0,0,0,0,0,0,0,0,0,0,1,0,0,0,0,0,0,0,0,0,0,0,0,1,0,0,0,0,0,0,0,0,0,0
ORD-11524,2025-04-18,Olivia Anderson,Paper Clips Box 500pc,-0.9458806620828024,-0.807145093335418,-1.180873133858159,-0.6090376223584475,-1.3121930225177745,-0.5842418935187359,-1.069558237730911,-0.7933788068147352,1.414498921720356,0,2,0,1,1,2025,4,2,0,0,0,0,0,1,0,0,0,0,0,0,0,0,0,0,0,1,0,0,0,0,0,0,0,0,0,1,0,1,0,0,0,0,0,0,0,0
ORD-11540,2025-04-18,Noah Moreau,Business Casual Blazer,2.3827316385018396,0.9326447960155897,-1.180873133858159,3.2171463305654493,2.774454482273343,4.577414007730853,1.0068878720656995,1.107036291788833,-0.6643718435938164,1,0,1,1,0,2025,4,2,0,0,1,0,0,0,0,0,0,0,0,0,0,0,1,0,0,0,0,0,0,0,0,0,0,0,0,0,0,0,0,1,0,0,0,0,0,0
ORD-11554,2025-04-18,Hanna Li,Travel Backpack 30L,-0.5760348509067311,-0.5150571351087464,-0.4921165670117554,-0.4720399120307933,-0.3163838835808573,-0.4467538128732783,0.3266727671323272,-0.49677904550313806,-0.12435396933945214,0,2,3,1,2,2025,4,2,0,0,0,0,0,0,0,0,0,0,1,0,0,0,0,0,0,0,0,0,0,0,0,0,0,0,0,0,0,0,1,0,0,0,0,0,0,0
ORD-11278,2025-04-19,Wei Anderson,Bookshelf 5-Tier,0.16365677144541152,-0.07364614469710991,0.19663999983464828,0.001778695653954516,-0.2282930751364375,-0.0739146391292769,0.3041182662845365,-0.08514872186214768,-0.5666668981297015,1,1,2,2,0,2025,4,2,1,0,0,0,0,0,0,1,0,0,0,0,0,0,0,0,0,0,0,0,0,0,0,0,0,0,1,0,0,0,1,0,0,1,0,0,0,0
ORD-11829,2025-04-19,Nadia Wang,Ergonomic Office Chair,1.2731942049736253,2.784174724653657,-1.180873133858159,4.748775503108384,0.42089788274743706,5.299680847039143,0.6893348204468043,3.129507771498799,-0.7016713666932926,1,1,1,1,0,2025,4,2,1,0,0,1,0,0,0,0,0,0,0,0,0,0,0,0,0,0,0,0,0,0,1,0,0,0,1,0,0,0,0,1,0,1,0,0,0,0
ORD-10966,2025-04-20,Wei Li,Wireless Ergonomic Mouse,0.5335025826214829,-0.15398294495202772,1.5741531335274555,0.0057526750375047455,1.74417502698861,-0.1821019812765222,0.08000528960648844,-0.24825792641065259,-0.42869167108916106,1,1,2,0,2,2025,4,2,1,1,0,0,0,0,1,0,1,0,0,0,0,0,0,0,0,0,0,0,0,0,0,0,0,0,0,0,1,0,1,0,0,0,1,0,0,0
ORD-11078,2025-04-20,Layla Leroy,USB-C Hub Multiport Adapter,0.16365677144541152,-0.33584427300162195,-1.180873133858159,-0.14504938472774517,0.7943263098487812,-0.09034631878336113,0.5676121174587269,-0.2785653799585166,-0.4244005755113452,1,1,2,1,0,2025,4,2,1,1,0,0,1,0,0,0,0,0,0,0,0,0,0,0,0,0,0,1,0,0,0,0,0,0,0,0,1,0,1,0,0,0,1,0,0,0
ORD-11656,2025-04-20,Hans Kumar,Tablet Stand Holder,0.16365677144541152,-0.6049788597268884,1.5741531335274555,-0.421267096485697,0.2868466525059291,-0.4978665155140803,-0.23289365866286288,-0.6423925836853759,-0.14019801454984915,0,1,3,0,1,2025,4,2,1,0,0,0,0,0,1,0,1,0,0,0,0,0,0,0,0,0,0,0,0,0,0,0,0,0,0,0,1,1,0,0,0,0,1,0,0,0
ORD-10634,2025-04-21,Priya Sharma,Folding Table Portable,3.492269072030053,0.14668099823121267,0.8853965666810519,1.8210507706825465,3.670682707316569,1.196850391818004,0.21425827084333826,0.07300108119670665,-0.6128786966600261,1,0,2,0,0,2025,4,2,0,1,0,0,0,1,0,0,0,0,0,0,0,0,0,0,0,0,0,0,0,0,0,0,0,1,1,0,0,1,0,0,1,0,0,0,0,0
ORD-11841,2025-04-21,Pierre Garcia,Binder Clips Assorted 48pc,-0.9458806620828024,-0.7278172324871552,-1.180873133858159,-0.5925926681988876,-1.2068670558994468,-0.5630842883004238,-0.2604602708101627,-0.706727041898342,0.6688385440060475,0,2,0,1,1,2025,4,2,0,0,1,0,0,1,0,0,0,0,0,0,0,0,0,0,0,0,0,0,0,0,0,0,0,1,0,1,0,0,0,0,1,0,0,0,0,0
ORD-10172,2025-04-22,Amina Singh,Noise Cancelling Earbuds,-0.2061890397306598,1.036943907178568,-1.180873133858159,0.5866072800660344,-0.6495969416097488,0.8800679659204583,0.8214397539838644,1.220964764898304,-0.6584303266399175,1,2,1,1,0,2025,4,2,0,0,0,0,0,1,0,0,0,0,0,0,0,0,0,0,0,1,0,0,0,0,0,0,0,0,0,0,1,0,0,1,0,0,0,0,1,0
ORD-10626,2025-04-22,David Chen,Sports Water Bottle 750ml,-0.5760348509067311,-0.7902453582739438,0.8853965666810519,-0.5860042286945805,0.02257422717267021,-0.617905024845466,-1.8120667259581817,-0.7969605967794827,1.6435774087206791,0,2,0,0,1,2025,4,2,0,1,0,0,0,0,1,0,0,0,0,0,0,0,0,0,0,0,0,0,0,0,0,0,0,0,0,0,0,0,0,0,0,0,0,0,1,0
ORD-11577,2025-04-22,Xiao White,Filing Cabinet 3-Drawer,-0.2061890397306598,0.8225442832643445,-1.180873133858159,0.4532698139074395,-0.7434328027788045,0.5656848560785976,0.6377816756518537,0.9867708056648088,-0.6541392310621017,1,2,1,1,0,2025,4,2,0,1,0,1,0,0,0,0,0,0,0,0,0,1,0,0,0,0,0,0,0,0,0,0,0,0,1,0,0,0,0,1,0,0,0,0,1,0
ORD-10027,2025-04-24,Pierre Pereira,Webcam HD 1080p,-0.5760348509067311,0.045534822714032,0.19663999983464828,-0.2713539531615043,0.007254086573640704,-0.28003770027675035,0.34135109308088946,0.0319482577545998,-0.4174688057317965,1,2,2,2,2,2025,4,2,0,0,0,0,0,0,0,0,0,0,1,0,0,0,0,0,0,0,0,0,0,0,0,0,0,0,0,0,1,0,1,0,0,0,0,1,0,0
ORD-11416,2025-04-25,Liam Clark,Wireless Ergonomic Mouse,2.3827316385018396,-0.530065108782742,0.19663999983464828,0.10306288073207139,0.6621900971821516,0.09999942163430567,0.4677278994185107,-0.5338367955230263,-0.5339885548832578,1,0,3,2,0,2025,4,2,0,0,0,0,1,0,0,0,0,0,0,0,0,0,0,0,0,0,1,0,0,0,0,0,0,0,0,0,1,0,0,1,0,0,0,0,0,0
ORD-11879,2025-04-25,Giulia Miller,Standing Desk Converter,-0.5760348509067311,3.1185120205340144,-1.180873133858159,1.042961294144127,-0.15360738971616894,1.1992497078736888,0.6478058982508719,3.4947125867505617,-0.6633815907681665,1,2,1,1,0,2025,4,2,0,0,0,0,0,0,0,1,0,0,0,0,0,0,0,0,0,0,0,0,0,0,0,0,0,0,1,0,0,0,1,0,0,0,0,0,0,0
ORD-10854,2025-04-26,Ingrid Robinson,Mechanical Gaming Keyboard,-0.9458806620828024,1.2469294211886748,-1.180873133858159,-0.18322050249079394,-0.0999868976195655,-0.10416056274033471,0.6370656597519241,1.4503370837946385,-0.4884369249033664,1,2,1,1,0,2025,4,2,1,0,1,0,0,0,1,0,0,0,0,0,0,0,0,0,0,0,0,0,0,0,0,0,0,0,0,0,1,0,1,0,0,1,0,0,0,0
ORD-10244,2025-04-27,Michael Tanaka,Mesh Back Task Chair,-0.5760348509067311,1.1404863137865544,0.8853965666810519,0.0944090177323665,-0.33553405932964403,-0.06329948324654981,0.19313580179540724,0.9957252805766774,-0.5934037244222464,1,2,1,0,0,2025,4,2,1,0,0,1,0,0,0,0,0,0,0,0,0,1,0,0,0,0,0,0,0,0,0,0,0,0,1,0,0,0,0,1,0,0,1,0,0,0
ORD-10756,2025-04-27,Lucas Costa,Laptop Stand Adjustable,-0.5760348509067311,-0.4636012253693328,0.8853965666810519,-0.4708895495776603,-0.8372686639478601,-0.4800534114642987,0.055660749008873016,-0.49374830014835164,-0.2728918931869239,0,2,3,0,1,2025,4,2,1,0,0,0,0,1,0,0,0,0,0,0,0,0,0,0,0,0,0,0,0,0,0,0,0,1,0,0,1,0,0,1,0,0,1,0,0,0
ORD-10289,2025-04-28,Chen Santos,Tablet Stand Holder,1.2731942049736253,-0.673460621953608,0.19663999983464828,-0.30515892252288923,1.502882812553895,-0.37339290680703463,0.08394337705610268,-0.6747664545205944,-0.18013821185105816,1,1,3,2,2,2025,4,2,0,1,0,0,0,0,0,0,0,0,0,0,0,0,0,0,1,0,0,0,0,0,0,0,0,0,0,0,1,0,0,1,1,0,0,0,0,0
ORD-10982,2025-04-28,Sophie Johnson,Stapler Full-Size,-0.9458806620828024,-0.8050010970962757,0.19663999983464828,-0.6110769012526378,-0.8813140681700697,-0.6068536296798873,-2.4038538672502154,-0.8041241767089778,2.4786906250186873,0,2,0,2,1,2025,4,2,0,0,1,1,0,0,0,0,0,0,0,0,0,0,0,1,0,0,0,0,0,0,0,0,0,0,0,1,0,0,0,1,1,0,0,0,0,0
ORD-11772,2025-04-28,Christopher Tanaka,Stapler Full-Size,1.6430400161496967,-0.6994408116749785,1.5741531335274555,-0.3344147312741574,1.123709332727915,-0.3501995182687475,0.26223133613863925,-0.7249115140270604,-0.18409922315365743,1,0,0,0,2,2025,4,2,0,0,1,0,1,0,0,0,0,0,0,0,0,0,0,0,0,0,0,0,1,0,0,0,0,0,0,1,0,0,0,1,1,0,0,0,0,0
ORD-10371,2025-04-30,Sophie Rossi,Stapler Full-Size,-0.2061890397306598,-0.777885850542418,0.8853965666810519,-0.5557549250974247,-0.21105791696252935,-0.5617028639047263,-0.45378456379122645,-0.7855264211227886,0.5853272223762466,0,2,0,0,1,2025,4,2,0,1,0,0,0,1,0,0,0,0,0,0,0,0,0,0,0,1,0,0,0,0,0,0,0,0,0,1,0,0,1,0,0,0,0,0,0,1
ORD-10856,2025-04-30,Raj Pereira,Noise Cancelling Earbuds,-0.9458806620828024,0.8002214988920987,0.19663999983464828,-0.3115904944199509,-1.113031194730391,-0.28105559193673785,0.46951793916833545,0.7739298250673086,-0.5356389762593408,1,2,1,2,2,2025,4,2,0,0,0,0,0,1,0,0,0,0,0,0,0,0,0,0,0,1,0,0,0,0,0,0,0,0,0,0,1,0,1,0,0,0,0,0,0,1
ORD-10191,2025-05-01,Karen Hassan,Cotton Formal Shirt,2.012885827325768,-0.599429692990285,-1.180873133858159,-0.026352895245388284,0.805816415298053,0.14216921897664592,0.8096254916350216,-0.5664861886632254,-0.4824954079494675,1,0,3,1,0,2025,5,2,0,0,1,1,0,0,0,0,0,0,0,0,1,0,0,0,0,0,0,0,0,0,0,0,0,0,0,0,0,0,0,1,0,0,0,1,0,0
ORD-11469,2025-05-01,Jennifer Harris,Travel Backpack 30L,1.6430400161496967,-0.4960134038081301,2.951666267220263,-0.13563732829302086,0.4362180233464666,-0.29239781329088455,0.020933977862274574,-0.5940384191612837,-0.4626903514364713,1,0,3,3,2,2025,5,2,0,1,0,0,0,0,1,0,0,0,0,1,0,0,0,0,0,0,0,0,0,0,0,0,0,0,0,0,0,1,0,0,0,0,0,1,0,0
ORD-11952,2025-05-01,Hanna Rodriguez,Filing Cabinet 3-Drawer,-0.5760348509067311,1.0322775624227878,2.2629097003738594,-0.024862652976556873,-0.8315236112232239,-0.30134071858934636,-0.13229342472271674,0.6813543305938329,-0.6042965055043944,1,2,1,3,2,2025,5,2,0,0,0,1,0,0,0,0,0,0,0,0,0,0,0,0,0,0,0,0,0,0,0,0,1,0,1,0,0,0,1,0,0,0,0,1,0,0
ORD-11041,2025-05-02,Christopher Harris,Monitor Riser Wood,-0.5760348509067311,-0.1715132671426613,-0.4921165670117554,-0.3367154561804234,-0.4657552544213947,-0.3496905724387537,0.2718975507876924,-0.14025318285826419,-0.42109973275917917,1,2,2,1,2,2025,5,2,0,1,0,1,0,0,0,0,0,0,0,0,0,1,0,0,0,0,0,0,0,0,0,0,0,0,1,0,0,0,0,1,0,0,0,0,0,0
ORD-11317,2025-05-02,John Pereira,Standing Desk Converter,0.5335025826214829,1.8183674776329963,0.8853965666810519,1.7834286895448566,0.7483658880516924,1.2770457133155926,0.2711815348877626,1.625018225152328,-0.6656921806946827,1,1,1,0,0,2025,5,2,0,0,0,0,0,1,0,0,0,0,0,0,0,0,0,0,0,0,0,0,0,0,0,0,0,1,1,0,0,0,1,0,0,0,0,0,0,0
ORD-11405,2025-05-03,Layla Ferrari,Monitor Riser Wood,-0.5760348509067311,-0.16054105109528627,0.19663999983464828,-0.34824522531296065,-0.4561801665470015,-0.38967917336683494,0.13155843440143883,-0.1705606364061283,-0.4075662774752984,0,2,2,2,2,2025,5,2,1,1,0,0,0,0,0,0,0,0,0,0,0,0,0,0,0,0,0,0,0,1,0,0,0,0,1,0,0,0,1,0,0,1,0,0,0,0
ORD-11819,2025-05-03,Mia Johansson,Standing Desk Converter,0.5335025826214829,1.1769342498519726,-0.4921165670117554,1.4361499517047362,0.20833093193590294,1.4411443902150094,0.5389714814615324,1.2591246041381143,-0.6673426020707658,1,1,1,1,0,2025,5,2,1,0,0,0,0,0,0,0,0,0,0,0,0,0,0,0,1,0,0,0,0,0,0,0,0,0,1,0,0,0,0,0,0,1,0,0,0,0
ORD-10293,2025-05-04,Emma Wang,Tape Dispenser Heavy Duty,0.9033483937975542,-0.7626256420167586,0.8853965666810519,-0.4619480959646722,0.6449549390082434,-0.47140133235440473,0.08036329755645343,-0.7713370224162885,0.09317156802828994,0,1,0,0,2,2025,5,2,1,0,0,1,0,0,0,0,0,0,0,0,0,0,0,1,0,0,0,0,0,0,0,0,0,0,0,1,0,0,1,0,0,0,1,0,0,0
ORD-10485,2025-05-04,Omar Patel,Mechanical Gaming Keyboard,0.5335025826214829,-0.2475620749192946,-0.4921165670117554,0.03343980771631885,1.2079701060225776,0.0635734415161808,0.5210710839632857,-0.21919032323520116,-0.4772140595460018,1,1,2,1,0,2025,5,2,1,0,1,1,0,0,0,0,0,0,0,0,1,0,0,0,0,0,0,0,0,0,0,0,0,0,0,0,1,0,0,1,0,0,1,0,0,0
ORD-10490,2025-05-04,Hans Costa,Standing Desk Converter,-0.9458806620828024,0.7038677855565298,-1.180873133858159,-0.2957991552905801,-0.13445721396738217,-0.29065285615947734,0.3775098960273476,0.8571375611714444,-0.4138378787044139,1,2,1,1,2,2025,5,2,1,0,0,0,1,0,0,0,0,0,0,0,0,0,0,0,0,0,0,0,0,0,0,1,0,0,1,0,0,0,0,1,0,0,1,0,0,0
ORD-11756,2025-05-04,Jessica Brown,Smart LED Desk Lamp,-0.9458806620828024,-0.5260293511561214,-0.4921165670117554,-0.5548921532575751,-1.0728158256579385,-0.5386548884607233,-0.07895024017794179,-0.5080754600073419,0.07633726999224319,0,2,3,1,1,2025,5,2,1,0,1,0,0,1,0,0,0,0,0,0,0,0,0,0,0,0,0,0,0,0,0,0,0,1,0,0,1,0,0,0,0,0,1,0,0,0
ORD-10135,2025-05-06,Ayumi Harris,USB-C Hub Multiport Adapter,1.6430400161496967,-0.21086190400221289,0.19663999983464828,0.43219726533414,-0.16509749516544117,0.4873799048067003,0.5701181731084815,-0.22001689015014284,-0.6283926575952066,1,0,2,2,0,2025,5,2,0,0,0,0,0,1,0,0,0,1,0,0,0,0,0,0,0,0,0,0,0,0,0,0,0,0,0,0,1,0,1,0,0,0,0,0,1,0
ORD-10698,2025-05-06,Joseph Thompson,Wireless Bluetooth Headphones,-0.9458806620828024,0.11262929325660086,0.19663999983464828,-0.4398820525454851,-0.3374490769045227,-0.4492258354761051,0.13692855365091275,0.0979358497974494,-0.22899068458311558,0,2,2,2,2,2025,5,2,0,0,0,0,0,0,1,0,0,0,0,1,0,0,0,0,0,0,0,0,0,0,0,0,0,0,0,0,1,0,1,0,0,0,0,0,1,0
ORD-10911,2025-05-06,Xiao Sharma,Polarized Sunglasses,-0.9458806620828024,-0.5501177794900135,-1.180873133858159,-0.5557549250974247,-0.22637805756155885,-0.5547957419262397,-0.3392220198024479,-0.5126215780395215,0.5764149469453984,0,2,3,1,1,2025,5,2,0,0,0,0,0,0,1,0,0,0,0,0,0,0,0,0,0,0,0,0,0,0,0,0,0,0,0,0,0,0,0,1,0,0,0,0,1,0
ORD-11206,2025-05-06,Christopher Jones,Portable External SSD 1TB,0.16365677144541152,0.8917827500460552,0.8853965666810519,0.646975164254308,-0.6802372228078079,0.6111991545894683,0.47882614586742367,0.7648375890029494,-0.6627214222177333,1,1,1,0,0,2025,5,2,0,0,0,0,0,1,0,0,0,1,0,0,0,0,0,0,0,0,0,0,0,0,0,0,0,0,0,0,1,0,0,1,0,0,0,0,1,0
ORD-11578,2025-05-07,Sarah Leroy,Leather Belt Classic,2.7525774496779105,-0.33899720864741933,-0.4921165670117554,0.6356284073302235,-0.3853245162764899,1.0149386108688052,0.8987694711762898,-0.3139699961485215,-0.6518286411355855,1,0,2,1,0,2025,5,2,0,1,0,0,0,1,0,0,0,0,0,0,0,0,0,0,0,0,0,0,0,0,0,0,0,1,0,0,0,0,0,1,0,0,0,0,0,1
ORD-11677,2025-05-07,Robert Davis,Mesh Back Task Chair,-0.9458806620828024,1.7961708106865828,-0.4921165670117554,-0.09757078893480241,-0.44469006109772924,-0.10546928058889003,0.4176067864234201,1.9016426193528329,-0.555444032772337,1,2,1,1,0,2025,5,2,0,0,0,0,0,0,0,0,0,0,0,0,0,0,0,0,0,0,0,0,0,1,0,0,0,0,1,0,0,0,1,0,0,0,0,0,0,1
ORD-10081,2025-05-08,Sarah Tanaka,Desk Calendar 2025,0.16365677144541152,-0.6927565881058881,0.8853965666810519,-0.46986991013056517,0.5798443414623681,-0.479326345992879,0.05673477285876786,-0.7064515195933614,0.11462704591736927,0,1,0,0,2,2025,5,2,0,0,0,0,0,0,0,0,0,0,0,0,0,0,0,0,0,0,0,0,0,1,0,0,0,0,0,1,0,1,0,0,0,0,0,1,0,0
ORD-10618,2025-05-08,Isabella Nilsson,Mesh Back Task Chair,0.16365677144541152,2.230645342677465,-0.4921165670117554,1.8522935691255897,0.15279542226442086,1.8696040725226146,0.550785743810375,2.3525348714535563,-0.6782353831529137,1,1,1,1,0,2025,5,2,0,1,0,1,0,0,0,0,0,0,0,0,0,1,0,0,0,0,0,0,0,0,0,0,0,0,1,0,0,0,0,1,0,0,0,1,0,0
ORD-11389,2025-05-08,Fatima Yamamoto,Desk Calendar 2025,1.2731942049736253,-0.7083951489090433,-1.180873133858159,-0.319381585579806,1.106474174554007,-0.23299656427589835,0.6957789635461731,-0.6855118244148372,-0.21248647082228536,1,1,0,1,2,2025,5,2,0,0,0,0,0,0,1,0,1,0,0,0,0,0,0,0,0,0,0,0,0,0,0,0,0,0,0,1,0,0,0,1,0,0,0,1,0,0
ORD-11495,2025-05-08,Joseph Schmidt,Tape Dispenser Heavy Duty,-0.2061890397306598,-0.6859462471109657,-0.4921165670117554,-0.4923019779666582,0.29833675795520137,-0.4761272579186325,0.20853014364389932,-0.6740776487581429,0.15852825452117755,0,2,3,1,2,2025,5,2,0,0,1,0,0,0,0,0,0,0,0,0,0,0,1,0,0,0,0,0,0,0,0,0,0,0,0,1,0,0,1,0,0,0,0,1,0,0
ORD-11913,2025-05-08,Richard Williams,Noise Cancelling Earbuds,-0.5760348509067311,-0.35438353459891075,0.19663999983464828,-0.4205873368543003,-0.006151036450510157,-0.440937289101921,0.10971994945357781,-0.36122207145269136,-0.20390427966665367,0,2,3,2,2,2025,5,2,0,0,0,0,0,0,0,0,0,0,1,0,0,0,0,0,0,0,0,0,0,0,0,0,0,0,0,0,1,0,0,1,0,0,0,1,0,0
ORD-10002,2025-05-09,Patricia Leroy,Tablet Stand Holder,1.2731942049736253,-0.5952678179378325,0.8853965666810519,-0.22696042031105454,0.35195725005180445,-0.28578151750096564,0.2074561197940045,-0.6159424424072399,-0.41284762587876406,1,1,3,0,2,2025,5,2,0,0,0,0,0,0,0,0,0,0,0,0,0,0,0,0,0,0,0,0,0,1,0,0,0,0,0,0,1,0,0,1,0,0,0,0,0,0
ORD-10324,2025-05-09,Nadia Rodriguez,Travel Backpack 30L,-0.2061890397306598,-0.4493499562503285,0.19663999983464828,-0.36730463959327747,-1.1819718274260236,-0.29755997813796414,0.6377816756518537,-0.4544863716886186,-0.5075818128659294,0,2,3,2,2,2025,5,2,0,0,0,0,0,1,0,0,0,0,0,0,0,0,0,0,0,1,0,0,0,0,0,0,0,0,0,0,0,0,0,0,0,0,0,0,0,0
ORD-10849,2025-05-09,Zara Miller,Wool Blend Scarf,-0.5760348509067311,-0.5952678179378325,-1.180873133858159,-0.49679884937435986,0.3691924082257126,-0.4953944929112535,0.057450788758697705,-0.5619400706310459,0.2110116542806176,0,2,3,1,1,2025,5,2,0,0,0,0,0,0,1,0,0,0,0,0,0,0,0,0,0,0,0,0,0,0,0,0,0,0,0,0,0,0,0,1,0,0,0,0,0,0
ORD-10039,2025-05-10,Oscar Ali,Folding Table Portable,-0.9458806620828024,0.6535469326496035,1.5741531335274555,-0.37167078799494124,-0.8142884530493157,-0.45845956696313483,-0.13086139292285703,0.45735469664461936,-0.4405747049969588,0,2,1,0,2,2025,5,2,1,1,0,1,0,0,0,0,0,0,0,0,0,1,0,0,0,0,0,0,0,0,0,0,0,0,1,0,0,0,0,1,0,1,0,0,0,0
ORD-10158,2025-05-10,David Fischer,Mesh Back Task Chair,1.6430400161496967,1.3981442147611183,-0.4921165670117554,3.026395320155036,-0.11913707336835265,3.0828582246806007,0.5708341890084114,1.4886346841869396,-0.6967201025650436,1,0,1,1,0,2025,5,2,1,0,0,1,0,0,0,0,0,0,0,0,0,1,0,0,0,0,0,0,0,0,0,0,0,0,1,0,0,1,0,0,0,1,0,0,0,0
ORD-10267,2025-05-11,Barbara White,Whiteboard Markers Set 8,-0.2061890397306598,-0.7741023277674611,-0.4921165670117554,-0.5443820235721328,-0.3240439538803718,-0.5286940915022739,-0.01021271378467462,-0.7655510540116963,0.36053983095373915,0,2,0,1,1,2025,5,2,1,0,0,0,0,0,0,0,0,0,0,0,0,0,1,0,0,0,0,0,0,0,0,0,0,0,0,1,0,0,1,0,0,0,1,0,0,0
ORD-11873,2025-05-11,Susan Garcia,Whiteboard Markers Set 8,-0.9458806620828024,-0.8374132755350729,0.19663999983464828,-0.6171163041315859,-0.117222055793474,-0.6442247949108578,-5.9778472317501405,-0.8359470029342351,5.775572365882129,0,2,0,2,1,2025,5,2,1,1,0,0,0,0,1,0,0,0,0,0,0,0,0,0,0,0,0,0,0,0,0,0,0,0,0,1,0,0,0,1,0,0,1,0,0,0
ORD-10692,2025-05-12,Sakura Davis,Premium Notebook Set A5,-0.9458806620828024,-0.7894886537189524,-0.4921165670117554,-0.6067891866545968,-1.1628216516772367,-0.588240753611544,-1.2331678708648852,-0.7815313477005701,1.4867873779927923,0,2,0,1,1,2025,5,2,0,0,0,0,0,1,0,0,0,1,0,0,0,0,0,0,0,0,0,0,0,0,0,0,0,0,0,1,0,0,1,0,1,0,0,0,0,0
ORD-11014,2025-05-12,Thomas Costa,Leather Wallet Minimalist,-0.5760348509067311,-0.27316391236316956,0.19663999983464828,-0.3902595994535218,-1.0440905620347583,-0.3311504029175524,0.588018570606728,-0.28132060300832246,-0.46137001433560487,0,2,2,2,2,2025,5,2,0,1,0,0,0,1,0,0,0,1,0,0,0,0,0,0,0,0,0,0,0,0,0,0,0,0,0,0,0,0,1,0,1,0,0,0,0,0
ORD-11563,2025-05-12,Oscar Martin,Wireless Ergonomic Mouse,-0.9458806620828024,-0.43333304316967775,-1.180873133858159,-0.5315450243792171,-0.8334386287981025,-0.5121897053010477,0.10936194150361295,-0.3850547508335118,-0.0015626189588753502,0,2,3,1,1,2025,5,2,0,0,0,1,0,0,0,0,0,0,0,0,0,0,0,0,0,0,0,0,0,0,1,0,0,0,0,0,1,0,1,0,1,0,0,0,0,0
ORD-10764,2025-05-13,Susan Leroy,Binder Clips Assorted 48pc,-0.5760348509067311,-0.8176128396794653,-1.180873133858159,-0.5889847132322432,0.0589595610953655,-0.6056176183784738,-1.5295984534358498,-0.8048129824714293,1.8393173839241252,0,2,0,1,1,2025,5,2,0,0,0,0,0,0,0,0,0,0,0,0,0,0,0,0,1,0,0,0,0,0,0,0,0,0,0,1,0,0,0,1,0,0,0,0,1,0
ORD-11386,2025-05-13,David Smith,Business Casual Blazer,-0.9458806620828024,0.07378512610037687,0.8853965666810519,-0.45747736915817816,-1.2106970910492039,-0.42392395707070096,0.40758256382440194,0.005222594171483322,-0.40294509762226594,0,2,2,0,2,2025,5,2,0,1,0,0,0,1,0,0,0,0,0,0,0,0,0,0,0,0,0,0,0,0,0,0,0,1,0,0,0,1,0,0,0,0,0,0,1,0
ORD-11397,2025-05-13,Thomas Zhang,Wool Blend Scarf,0.16365677144541152,-0.4079834405774666,0.19663999983464828,-0.2477192336698632,0.6679351499067878,-0.21998209233748647,0.4770361061175991,-0.4138468317039827,-0.35904388901845763,1,1,3,2,2,2025,5,2,0,0,1,0,0,0,0,0,0,0,0,0,0,0,0,0,1,0,0,0,0,0,0,0,0,0,0,0,0,0,0,0,0,0,0,0,1,0
ORD-11538,2025-05-13,Pierre Fischer,Polarized Sunglasses,-0.5760348509067311,-0.37733690610031584,-1.180873133858159,-0.40644310760100616,-0.8027983476000435,-0.3252611725990531,0.7143953769443494,-0.32388879912782254,-0.3946929907418509,0,2,3,1,2,2025,5,2,0,0,0,1,0,0,0,0,0,0,0,0,0,1,0,0,0,0,0,0,0,0,0,0,0,0,0,0,0,0,1,0,0,0,0,0,1,0
ORD-11978,2025-05-13,Ingrid Davis,Smart LED Desk Lamp,-0.9458806620828024,-0.44430525921705266,-0.4921165670117554,-0.5387870789137134,-0.33936409447940136,-0.547597793759185,-0.3091493520053935,-0.42321459007332246,0.2892416275069528,0,2,3,1,1,2025,5,2,0,1,0,0,0,0,1,0,0,0,0,1,0,0,0,0,0,0,0,0,0,0,0,0,0,0,0,0,1,0,0,1,0,0,0,0,1,0
ORD-11989,2025-05-13,Fatima Davis,Silk Tie Collection,0.16365677144541152,-0.7366454522953879,-0.4921165670117554,-0.48519064643819976,0.428557953046952,-0.4923408179312909,0.023440033512029113,-0.7265646478569439,0.1555574960442281,0,1,0,1,1,2025,5,2,0,0,0,0,1,0,0,0,0,0,0,0,0,0,0,0,0,0,0,1,0,0,0,0,0,0,0,0,0,0,1,0,0,0,0,0,1,0
ORD-11459,2025-05-14,Lucas Brown,Bookshelf 5-Tier,-0.5760348509067311,0.623657102727444,0.8853965666810519,-0.08771427427954946,0.5338839196652796,-0.2452839707428906,0.06711700340775088,0.5157654253005028,-0.47754414382121846,1,2,1,0,2,2025,5,2,0,0,0,0,1,0,0,0,0,0,0,0,0,0,0,0,0,0,0,0,1,0,0,0,0,0,1,0,0,0,1,0,0,0,0,0,0,1
ORD-10789,2025-05-15,Jamal Hassan,Standing Desk Converter,1.6430400161496967,3.152059255805298,0.19663999983464828,5.45164696197263,0.549204060264309,4.948508224343447,0.4526915655199834,3.0859752473118673,-0.7033217880693756,1,0,1,2,0,2025,5,2,0,0,0,0,0,0,0,1,0,0,0,0,0,0,0,0,0,0,0,0,0,0,0,0,0,0,1,0,0,0,0,1,0,0,0,1,0,0
ORD-11076,2025-05-15,Jamal Pereira,Stapler Full-Size,2.012885827325768,-0.6921260009767286,0.8853965666810519,-0.2644256338414989,3.5423765297996965,-0.3229345630905102,0.1716553247975112,-0.7059004749834001,0.008669993572839334,1,0,0,0,2,2025,5,2,0,1,0,0,0,0,0,0,0,0,0,0,0,0,0,0,1,0,0,0,0,0,0,0,0,0,0,1,0,0,1,0,0,0,0,1,0,0
ORD-11611,2025-05-15,Olga Kim,Highlighters Neon Pack 6,-0.5760348509067311,-0.8565831242615213,0.19663999983464828,-0.6079656937089373,-0.34319412962915896,-0.6229217765982618,-3.0103193344908115,-0.8548202808254051,3.0395038086116974,0,2,0,2,1,2025,5,2,0,1,0,0,0,0,1,0,0,0,0,0,0,0,0,0,0,0,0,0,0,0,0,0,0,0,0,1,0,0,1,0,0,0,0,1,0,0
ORD-10470,2025-05-16,Hans Khan,Laptop Stand Adjustable,-0.5760348509067311,-0.3509783641014495,-0.4921165670117554,-0.40741045784568614,-0.6859822755324437,-0.3806635615212312,0.40471850022468253,-0.326506261025138,-0.36993667010060555,0,2,3,1,2,2025,5,2,0,0,0,0,0,1,0,0,0,0,0,0,0,0,0,0,0,1,0,0,0,0,0,0,0,0,0,0,1,0,0,1,0,0,0,0,0,0
ORD-11729,2025-05-16,Oscar Miller,Wireless Bluetooth Headphones,0.9033483937975542,0.4088791265357249,-1.180873133858159,1.0254444113350567,1.1792448423993969,1.3597857639631497,0.7870709907872309,0.5349142254966534,-0.6267422362191235,1,1,1,1,0,2025,5,2,0,0,1,0,1,0,0,0,0,0,0,0,0,0,0,0,0,0,0,0,1,0,0,0,0,0,0,0,1,1,0,0,0,0,0,0,0,0
ORD-11916,2025-05-16,Barbara Weber,Floating Wall Shelves Set,-0.5760348509067311,-0.4210996528639838,-0.4921165670117554,-0.43501915672087754,0.48409346271843373,-0.48645158761279167,-0.12549127367338295,-0.39924414954001186,-0.05470618726874871,0,2,3,1,1,2025,5,2,0,1,0,0,1,0,0,0,0,0,0,0,0,0,0,0,0,0,1,0,0,0,0,0,0,0,1,0,0,0,0,1,0,0,0,0,0,0
ORD-10328,2025-05-17,Ivan Sharma,Stapler Full-Size,0.16365677144541152,-0.791380415106431,0.8853965666810519,-0.5393884047414874,-0.4963955356194537,-0.5294211569736935,-0.05782777113001075,-0.798062685999405,0.22025401398668254,0,1,0,0,1,2025,5,2,1,1,0,0,0,1,0,0,0,0,0,0,0,0,0,0,0,1,0,0,0,0,0,0,0,0,0,1,0,0,0,0,0,1,0,0,0,0
ORD-10583,2025-05-17,Christopher Ahmed,Sports Water Bottle 750ml,-0.9458806620828024,-0.6985579896941554,0.19663999983464828,-0.5912070043348865,-1.09962607170624,-0.5774074780873911,-0.7122663036659079,-0.6994257008163565,0.7374960732511011,0,2,0,2,1,2025,5,2,1,1,0,0,0,1,0,0,0,0,0,0,0,0,0,0,0,0,0,0,0,0,0,0,0,1,0,0,0,0,1,0,0,1,0,0,0,0
ORD-10482,2025-05-18,Hanna Nilsson,Binder Clips Assorted 48pc,-0.2061890397306598,-0.8423318551425168,-1.180873133858159,-0.5821348277158604,-0.9866400347883976,-0.5554501008505173,-0.16200808456980614,-0.8318141683595264,0.5780653683214814,0,2,0,1,1,2025,5,2,1,0,0,0,0,1,0,0,0,0,0,0,0,0,0,0,0,1,0,0,0,0,0,0,0,0,0,1,0,0,0,1,0,0,1,0,0,0
ORD-10685,2025-05-18,William Zhang,Desk Calendar 2025,-0.2061890397306598,-0.7643912859784051,2.2629097003738594,-0.5586046866290496,0.7521959232014496,-0.6166690135440527,-1.3896173449995608,-0.790485822612439,1.2154581037647438,0,2,0,3,1,2025,5,2,1,0,0,0,0,0,1,0,1,0,0,0,0,0,0,0,0,0,0,0,0,0,0,0,0,0,0,1,0,0,0,1,0,0,1,0,0,0
ORD-10946,2025-05-18,Liam White,Silk Tie Collection,-0.9458806620828024,-0.32474593952841513,0.19663999983464828,-0.5214793529143037,-1.3658135146143777,-0.4811440096714281,0.39218822197590986,-0.3320167071247497,-0.2808139157921224,0,2,2,2,1,2025,5,2,1,1,0,0,0,1,0,0,0,0,0,0,0,0,0,0,0,0,0,0,0,0,0,0,0,1,0,0,0,1,0,0,0,0,1,0,0,0
ORD-11954,2025-05-18,Kenji Yamamoto,Ballpoint Pen Pack 12,-0.5760348509067311,-0.7627517594425904,-1.180873133858159,-0.5662389101816594,0.09151485986830317,-0.5720999001460275,-0.6120240776757266,-0.7448868811381526,0.9926512179935362,0,2,0,1,1,2025,5,2,1,0,0,0,0,0,0,0,0,0,0,0,0,0,0,0,1,0,0,0,0,0,0,0,0,0,0,1,0,1,0,0,0,0,1,0,0,0
ORD-10492,2025-05-20,Ingrid Clark,Ballpoint Pen Pack 12,0.5335025826214829,-0.8490160787116074,0.8853965666810519,-0.5666572238009805,-0.9521697184405813,-0.5478159134006109,-0.1433916711716296,-0.851514013165638,0.29914415576345094,0,1,0,0,1,2025,5,2,0,0,0,0,0,1,0,0,0,0,0,0,0,0,0,0,0,0,0,0,0,0,0,0,0,1,0,1,0,0,1,0,0,0,0,0,1,0
ORD-10851,2025-05-20,Emma Martin,Ergonomic Office Chair,0.5335025826214829,2.1513174818292025,-0.4921165670117554,2.395604526820052,0.9168874346410172,2.397235485131862,0.5479216802106557,2.270153702264362,-0.6752646246759643,1,1,1,1,0,2025,5,2,0,1,0,1,0,0,0,0,0,0,0,0,0,0,0,1,0,0,0,0,0,0,0,0,0,0,1,0,0,0,1,0,0,0,0,0,1,0
ORD-11521,2025-05-20,Michael Miller,Sticky Notes Multicolor 6-Pack,1.2731942049736253,-0.833755870185948,0.19663999983464828,-0.514498744391883,2.2765499128048843,-0.5923850267986361,-0.876949960649777,-0.8323652129694875,1.0731917811463874,0,1,0,2,1,2025,5,2,0,1,0,0,1,0,0,0,0,0,0,0,0,0,0,0,0,0,0,0,1,0,0,0,0,0,0,1,0,0,0,1,0,0,0,0,1,0
ORD-11571,2025-05-20,Olivia Clark,Monitor Riser Wood,-0.9458806620828024,-0.3400061480540746,-1.180873133858159,-0.5121980194856172,-0.04062135279832647,-0.5349468545564829,-0.264040350309812,-0.2831114979906963,0.17767314248374064,0,2,3,1,1,2025,5,2,0,1,0,0,1,0,0,0,0,0,0,0,0,0,0,0,0,0,0,0,0,0,0,1,0,0,1,0,0,0,0,0,0,0,0,0,1,0
ORD-11528,2025-05-21,Noah Nilsson,Bookshelf 5-Tier,-0.5760348509067311,0.7554498127217754,-0.4921165670117554,0.028393899683258287,-1.258572530421171,0.05448512312343506,0.5128369011140924,0.8217329449814397,-0.6432464499799537,1,2,1,1,0,2025,5,2,0,0,0,0,0,1,0,0,0,0,0,0,0,0,0,0,0,0,0,0,0,0,0,0,0,1,1,0,0,0,0,0,0,0,0,0,0,1
ORD-10122,2025-05-22,William Khan,Wireless Ergonomic Mouse,-0.9458806620828024,-0.4508633653603113,1.5741531335274555,-0.55483986405516,-0.8985492263439778,-0.568973518618923,-0.5758652747292685,-0.5077999377023613,0.17569263683244096,0,2,3,0,1,2025,5,2,0,1,0,1,0,0,0,0,0,0,0,0,0,0,0,0,0,0,0,0,0,0,1,0,0,0,0,0,1,1,0,0,0,0,0,1,0,0
ORD-10612,2025-05-22,Ingrid Romano,Mesh Back Task Chair,0.5335025826214829,1.2933406338948126,-0.4921165670117554,1.5507678833987124,0.08002475441903095,1.5634368025077965,0.5454156245609011,1.3799411348721,-0.6732841190246647,1,1,1,1,0,2025,5,2,0,0,0,1,0,0,0,0,0,0,0,0,1,0,0,0,0,0,0,0,0,0,0,0,0,0,1,0,0,0,1,0,0,0,0,1,0,0
ORD-10163,2025-05-24,Priya Brown,Premium Notebook Set A5,2.012885827325768,-0.6154466060709357,0.8853965666810519,-0.14282709362510193,2.8223299216453106,-0.13651497621850958,0.4408773031711407,-0.6346779591459196,-0.23955338139004692,1,0,3,0,2,2025,5,2,1,1,0,0,0,0,0,0,0,0,1,0,0,0,0,0,0,0,0,0,0,0,0,0,0,0,0,1,0,0,1,0,0,1,0,0,0,0
ORD-10406,2025-05-24,Barbara Fischer,Whiteboard Markers Set 8,-0.2061890397306598,-0.7968034644172025,0.8853965666810519,-0.5657683073599232,0.6047395699357908,-0.6057630314727578,-1.2532163160629215,-0.8030220874890555,1.32273549321014,0,2,0,0,1,2025,5,2,1,1,0,0,0,0,0,0,0,0,0,0,0,0,1,0,0,0,0,0,0,0,0,0,0,0,0,1,0,0,0,1,0,1,0,0,0,0
ORD-10507,2025-05-26,Patricia Kim,Desk Organizer Set,-0.9458806620828024,-0.5018148053963973,-1.180873133858159,-0.5457415428349264,-0.9445096481410665,-0.5379278229893035,-0.13479948037247128,-0.45985905663574,0.0585127191305466,0,2,3,1,1,2025,5,2,0,0,1,1,0,0,0,0,0,0,0,0,0,0,0,0,0,0,0,0,0,0,0,0,1,0,1,0,0,0,1,0,1,0,0,0,0,0
ORD-11235,2025-05-27,Ayumi Zhang,Standing Desk Converter,0.16365677144541152,1.766407098190255,-0.4921165670117554,1.486582887434134,1.0739188757810696,1.459902679377637,0.5207130760133208,1.8707841211950076,-0.6505083040347189,1,1,1,1,0,2025,5,2,0,0,0,0,0,0,0,0,0,0,0,0,0,0,0,0,0,0,0,0,0,1,0,0,0,0,1,0,0,0,1,0,0,0,0,0,1,0
ORD-10194,2025-05-29,Patricia Zhang,Filing Cabinet 3-Drawer,0.5335025826214829,0.5252855105785651,1.5741531335274555,0.5690119634533414,-0.9138693669430074,0.19931656503023112,0.11509006870305187,0.3452171185175223,-0.6673426020707658,1,1,1,0,0,2025,5,2,0,1,0,0,0,1,0,0,0,0,0,0,0,0,0,0,0,1,0,0,0,0,0,0,0,0,1,0,0,0,1,0,0,0,0,1,0,0
ORD-10206,2025-05-29,Ava Oliveira,Leather Wallet Minimalist,0.9033483937975542,-0.5662608099964963,-0.4921165670117554,-0.209757272716475,0.7732611165251158,-0.14262232617843468,0.6048449442550798,-0.5498170892119001,-0.38082945118275346,1,1,3,1,2,2025,5,2,0,0,0,1,0,0,0,0,0,0,0,0,0,1,0,0,0,0,0,0,0,0,0,0,0,0,0,0,0,0,0,1,0,0,0,1,0,0
ORD-10209,2025-05-29,Michael Yamamoto,Ballpoint Pen Pack 12,-0.2061890397306598,-0.861627821294797,-1.180873133858159,-0.5941351996701341,-0.19956781151325748,-0.6036545416056408,-1.5718433915317118,-0.852891624690541,1.8789274969501177,0,2,0,1,1,2025,5,2,0,1,0,0,0,0,0,0,0,0,1,0,0,0,0,0,0,0,0,0,0,0,0,0,0,0,0,1,0,0,0,1,0,0,0,1,0,0
ORD-10762,2025-05-29,Ava Yamamoto,Whiteboard Markers Set 8,-0.9458806620828024,-0.7995780477855041,-0.4921165670117554,-0.6087761763463718,-1.3619834794646202,-0.5835875345944581,-1.0316093950346281,-0.7920011952898323,1.3009499310458443,0,2,0,1,1,2025,5,2,0,0,0,0,0,1,0,0,0,1,0,0,0,0,0,0,0,0,0,0,0,0,0,0,0,0,0,1,0,0,1,0,0,0,0,1,0,0
ORD-10390,2025-05-30,Layla Chen,Leather Belt Classic,-0.2061890397306598,-0.40457827008000535,-0.4921165670117554,-0.32607460348894335,-0.7644979961024699,-0.23743166365155827,0.7079512338449806,-0.38202400547872545,-0.4755636381699188,1,2,3,1,2,2025,5,2,0,1,0,1,0,0,0,0,0,0,0,0,0,1,0,0,0,0,0,0,0,0,0,0,0,0,0,0,0,0,0,1,0,0,0,0,0,0
ORD-10534,2025-05-30,Thomas Weber,Portable External SSD 1TB,0.5335025826214829,0.5275556242435391,-0.4921165670117554,0.7967052953700475,0.713895571703876,0.9761133146949954,0.6821746614475055,0.5851970461556097,-0.6254218991182571,1,1,1,1,0,2025,5,2,0,0,1,0,1,0,0,0,0,0,0,0,0,0,0,0,0,0,0,0,1,0,0,0,0,0,0,0,1,1,0,0,0,0,0,0,0,0
ORD-11645,2025-05-30,Wei Harris,Desk Organizer Set,2.012885827325768,-0.24037338164687652,-0.4921165670117554,0.5797051053472365,1.7250248512398227,0.5060654874221855,0.43335913622187705,-0.21161345984823507,-0.5699677408818676,1,0,2,1,0,2025,5,2,0,1,0,0,0,0,0,0,0,0,0,0,0,0,0,0,0,0,0,0,0,1,0,0,0,0,1,0,0,0,0,1,0,0,0,0,0,0
ORD-11536,2025-05-31,Linda Wang,Portable External SSD 1TB,-0.9458806620828024,0.3430458302514751,0.19663999983464828,-0.3968741835590364,-0.7051324512812306,-0.3887339882539894,0.3109204173338701,0.3245529456439786,-0.3894116423383852,0,2,1,2,2,2025,5,2,1,0,0,1,0,0,0,0,0,0,0,0,1,0,0,0,0,0,0,0,0,0,0,0,0,0,0,0,1,0,0,0,0,1,0,0,0,0
ORD-11725,2025-05-31,Maria Yamamoto,Wireless Ergonomic Mouse,0.9033483937975542,-0.4526290093219578,-0.4921165670117554,-0.0754786009144078,0.5051586560420992,-0.037197832822584105,0.530021282712409,-0.43189354268021085,-0.48546616642641693,1,1,3,1,0,2025,5,2,1,0,0,0,0,0,0,0,0,0,0,0,0,0,0,0,0,0,0,0,0,1,0,0,0,0,0,0,1,0,1,0,0,1,0,0,0,0
ORD-10181,2025-06-01,Lucas Kim,Floating Wall Shelves Set,-0.9458806620828024,-0.09407716768187696,-1.180873133858159,-0.4612160471308603,-1.2049520383245678,-0.43403016712343423,0.35638742697941656,-0.014477250634628227,-0.3946929907418509,0,2,2,1,2,2025,6,2,1,0,0,0,0,1,0,0,0,0,0,0,0,0,0,0,0,0,0,0,0,0,0,0,0,1,1,0,0,0,0,1,0,0,1,0,0,0
ORD-10423,2025-06-01,Amina Tanaka,Binder Clips Assorted 48pc,-0.5760348509067311,-0.7830566650015257,0.19663999983464828,-0.5805400070421989,-1.1896318977255382,-0.5526872520591226,-0.11117095567478569,-0.7824956757680022,0.36582117935720493,0,2,0,2,1,2025,6,2,1,0,0,0,0,1,0,0,0,0,0,0,0,0,0,0,0,1,0,0,0,0,0,0,0,0,0,1,0,0,0,1,0,0,1,0,0,0
ORD-10784,2025-06-01,Christopher Hassan,Standing Desk Converter,2.012885827325768,0.9475266522637535,0.19663999983464828,2.5105361937285195,2.67678858595453,2.141453852286426,0.39684232532545405,0.918716796334605,-0.6518286411355855,1,0,1,2,0,2025,6,2,1,0,0,0,0,1,0,0,0,0,0,0,0,0,0,0,0,1,0,0,0,0,0,0,0,0,1,0,0,1,0,0,0,0,1,0,0,0
ORD-11616,2025-06-02,Sarah Hassan,Highlighters Neon Pack 6,-0.5760348509067311,-0.7978124038238577,0.8853965666810519,-0.5886709780177524,-1.2987878994936235,-0.5634478210361337,-0.31093939175521823,-0.8039864155564875,0.4542837651152548,0,2,0,0,1,2025,6,2,0,1,0,0,0,1,0,0,0,0,0,0,0,0,0,0,0,1,0,0,0,0,0,0,0,0,0,1,0,0,1,0,1,0,0,0,0,0
ORD-10597,2025-06-03,Thomas Brown,Wireless Bluetooth Headphones,-0.5760348509067311,1.0886520517696452,-0.4921165670117554,0.1596136531440401,-0.8659939275710402,0.2900543358634047,0.6918408760965588,1.1673756765795804,-0.634664258824322,1,2,1,1,0,2025,6,2,0,0,1,1,0,0,0,0,0,0,0,0,1,0,0,0,0,0,0,0,0,0,0,0,0,0,0,0,1,0,0,0,0,0,0,0,1,0
ORD-10974,2025-06-03,Chen Rossi,Premium Notebook Set A5,-0.9458806620828024,-0.7776336156907542,0.19663999983464828,-0.6059787040171621,-1.2911278291941088,-0.5841691869715939,-1.026955291685084,-0.7772607519733711,1.2108369239117114,0,2,0,2,1,2025,6,2,0,0,1,0,0,1,0,0,0,1,0,0,0,0,0,0,0,0,0,0,0,0,0,0,0,0,0,1,0,0,1,0,0,0,0,0,1,0
ORD-11013,2025-06-03,Nadia Martin,Leather Belt Classic,-0.5760348509067311,-0.7141965504973105,0.8853965666810519,-0.5592060124568237,-0.2857436023827982,-0.5755171078617,-0.6811196120189589,-0.7262891255519632,0.600841183311427,0,2,0,0,1,2025,6,2,0,0,1,1,0,0,0,0,0,0,0,0,0,0,0,0,0,0,0,0,0,0,0,0,1,0,0,0,0,1,0,0,0,0,0,0,1,0
ORD-11486,2025-06-03,Sakura Davis,Ergonomic Office Chair,0.5335025826214829,4.2224178488406015,0.8853965666810519,3.9014812671735317,-0.9157843845178864,3.0726066015335833,0.31951260813302856,3.8571621789525183,-0.7102535578489244,1,1,1,0,0,2025,6,2,0,1,0,0,0,1,0,0,0,0,0,0,0,0,0,0,0,0,0,0,0,0,0,0,0,1,1,0,0,0,1,0,0,0,0,0,1,0
ORD-10622,2025-06-04,Nadia Pereira,Leather Wallet Minimalist,-0.2061890397306598,-0.6354992767782073,-0.4921165670117554,-0.4624971325900311,0.1566254574141785,-0.4521340973617837,0.22786257294200568,-0.6217284108118323,-0.03292062510445283,0,2,3,1,2,2025,6,2,0,0,0,0,1,0,0,0,0,0,0,0,0,0,0,0,0,0,0,0,1,0,0,0,0,0,0,0,0,0,0,0,0,0,0,0,0,1
ORD-11736,2025-06-04,Richard Rossi,Filing Cabinet 3-Drawer,0.9033483937975542,0.49072933590062545,0.19663999983464828,0.9511937439055647,0.4477081287957388,0.780605409430249,0.3868181027264359,0.46975320036874546,-0.6429163657047371,1,1,1,2,0,2025,6,2,0,0,0,0,0,1,0,0,0,1,0,0,0,0,0,0,0,0,0,0,0,0,0,0,0,0,1,0,0,0,0,1,0,0,0,0,0,1
ORD-11844,2025-06-05,Linda Johnson,Mesh Back Task Chair,-0.5760348509067311,0.7616295665875384,-0.4921165670117554,0.030825347595562092,0.12407015864124082,0.004535725236904413,0.4115206512740163,0.8282077191484835,-0.5498326000936546,1,2,1,1,0,2025,6,2,0,0,0,0,0,0,0,0,0,0,0,0,0,0,1,0,0,0,0,0,0,0,0,0,0,0,1,0,0,1,0,0,0,0,0,1,0,0
ORD-11985,2025-06-05,Richard Leroy,Mechanical Gaming Keyboard,0.16365677144541152,0.7417030133060987,2.2629097003738594,0.40299374578528707,0.7177256068536333,0.06997161766467377,0.08788146450571692,0.4433030590906095,-0.587132123193131,1,1,1,3,0,2025,6,2,0,1,0,0,0,0,0,0,0,0,0,0,0,0,0,0,1,0,0,0,0,0,0,0,0,0,0,0,1,0,0,1,0,0,0,1,0,0
ORD-10777,2025-06-06,Carlos Ferrari,Wireless Bluetooth Headphones,2.3827316385018396,1.3137716568795799,-1.180873133858159,4.007236179058143,0.41323781244792246,5.120386501787055,0.8640427000296913,1.5233504946144931,-0.6977103553906934,1,0,1,1,0,2025,6,2,0,0,0,0,0,0,0,0,0,0,0,0,0,0,0,0,0,0,0,0,0,1,0,0,0,0,0,0,1,0,1,0,0,0,0,0,0,0
ORD-11116,2025-06-06,Mia Brown,Portable External SSD 1TB,-0.2061890397306598,0.23458484403604446,-0.4921165670117554,0.051558016353163226,0.8039013977231747,0.10021754127573158,0.5572298869097438,0.28115818260953673,-0.5102224870676623,1,2,1,1,0,2025,6,2,0,0,0,0,0,0,1,0,0,0,0,1,0,0,0,0,0,0,0,0,0,0,0,0,0,0,0,0,1,1,0,0,0,0,0,0,0,0
ORD-10270,2025-06-07,Ahmed Weber,Binder Clips Assorted 48pc,-0.2061890397306598,-0.802226513727974,-1.180873133858159,-0.557192878163841,0.15279542226442086,-0.560539559150455,-0.429440023193611,-0.7880061218676138,0.8249684061835011,0,2,0,1,1,2025,6,2,1,1,0,0,0,0,0,0,0,0,1,0,0,0,0,0,0,0,0,0,0,0,0,0,0,0,0,1,0,0,0,0,0,1,0,0,0,0
ORD-11392,2025-06-07,Diego Li,Laptop Stand Adjustable,-0.9458806620828024,-0.2605521697799799,-0.4921165670117554,-0.5026029508424399,-0.8238635409237093,-0.48688782689564347,0.17559341224712557,-0.23255315502675938,-0.15835264968676227,0,2,2,1,1,2025,6,2,1,0,0,1,0,0,0,0,0,0,0,0,0,0,0,0,0,0,0,0,0,0,0,0,1,0,0,0,1,0,1,0,0,1,0,0,0,0
ORD-11662,2025-06-07,Jennifer Thompson,Paper Clips Box 500pc,-0.9458806620828024,-0.8814282571504048,2.2629097003738594,-0.6266852281735557,-1.1896318977255382,-0.6187047968640277,-8.570540805396183,-0.8863675847456818,7.83331773758244,0,2,0,3,1,2025,6,2,1,1,0,0,0,1,0,0,0,0,0,0,0,0,0,0,0,1,0,0,0,0,0,0,0,0,0,1,0,0,1,0,0,1,0,0,0,0
ORD-11722,2025-06-07,Michael Yamamoto,Wool Blend Scarf,0.5335025826214829,-0.7106652625740173,0.8853965666810519,-0.44474494837009276,-0.48299041259530284,-0.43693842900911284,0.24289890684053292,-0.7231206190446866,-0.251106331022628,0,1,0,0,2,2025,6,2,1,0,0,1,0,0,0,0,0,0,0,0,0,1,0,0,0,0,0,0,0,0,0,0,0,0,0,0,0,0,0,1,0,1,0,0,0,0
ORD-11050,2025-06-08,Christopher Khan,Binder Clips Assorted 48pc,0.16365677144541152,-0.8370349232575774,0.8853965666810519,-0.5715724088280032,0.23897121313396197,-0.5995102684185487,-1.1733805432207414,-0.8403553598139244,1.2484665312864043,0,1,0,0,1,2025,6,2,1,0,1,1,0,0,0,0,0,0,0,0,0,0,0,0,0,0,0,0,0,0,0,0,1,0,0,1,0,0,1,0,0,0,1,0,0,0
ORD-11800,2025-06-08,Ethan Jones,Leather Belt Classic,-0.5760348509067311,-0.2975045755487255,-1.180873133858159,-0.3733440424722256,0.2485463010083552,-0.319153822639128,0.5626000061592178,-0.23668598960146808,-0.25473725805001074,0,2,2,1,2,2025,6,2,1,0,0,0,1,0,0,0,0,0,0,0,0,0,0,0,0,0,0,0,1,0,0,0,0,0,0,0,0,0,1,0,0,0,1,0,0,0
ORD-10304,2025-06-10,Li Pereira,Ballpoint Pen Pack 12,-0.9458806620828024,-0.7392939182378578,0.19663999983464828,-0.5988150832862886,-0.14211728426689674,-0.6178323182983242,-2.2144676617187664,-0.7395141961910312,2.305726464805187,0,2,0,2,1,2025,6,2,0,1,0,0,1,0,0,0,0,0,0,0,0,0,0,0,0,0,0,1,0,0,0,0,0,0,0,1,0,0,1,0,0,0,0,0,1,0
ORD-10428,2025-06-10,Felix Patel,Bookshelf 5-Tier,-0.9458806620828024,0.6703205502852457,-0.4921165670117554,-0.31927700717497576,-0.6802372228078079,-0.32366162856192987,0.32380870353260766,0.733428046235163,-0.4689619526655867,1,2,1,1,2,2025,6,2,0,0,0,1,0,0,0,0,0,0,0,0,0,0,0,1,0,0,0,0,0,0,0,0,0,0,1,0,0,0,0,0,0,0,0,0,1,0
ORD-11134,2025-06-10,Noah Chen,Floating Wall Shelves Set,-0.5760348509067311,0.09749520215677328,0.19663999983464828,-0.25195465906548914,-0.6361918185855979,-0.293561118045156,0.24182488299063806,0.08319540648098814,-0.5089021499667958,1,2,2,2,2,2025,6,2,0,0,0,0,0,1,0,0,0,1,0,0,0,0,0,0,0,0,0,0,0,0,0,0,0,0,1,0,0,0,0,1,0,0,0,0,1,0
ORD-11313,2025-06-11,Clara Moreau,Portable External SSD 1TB,-0.9458806620828024,0.2804915870388545,2.951666267220263,-0.45852315320648085,-1.21644214377384,-0.5209144909580835,-0.2998411453063053,-0.0002878519281282112,-0.40261501334704936,0,2,1,3,1,2025,6,2,0,1,0,0,0,1,0,0,0,0,0,0,0,0,0,0,0,0,0,0,0,0,0,0,0,1,0,0,1,0,0,1,0,0,0,0,0,1
ORD-11243,2025-06-12,Isabella Russo,Bookshelf 5-Tier,-0.9458806620828024,1.309862016678791,0.19663999983464828,-0.21650257982802748,-0.9598297887400961,-0.2484103522699951,0.2998221708849572,1.274967136674498,-0.5623758025518857,1,2,1,2,2,2025,6,2,0,1,0,1,0,0,0,0,0,0,0,0,0,1,0,0,0,0,0,0,0,0,0,0,0,0,1,0,0,1,0,0,0,0,0,1,0,0
ORD-11097,2025-06-14,Ivan Patel,Standing Desk Converter,-0.9458806620828024,0.776889775113198,0.8853965666810519,-0.33357810403551524,-0.27042346178376875,-0.41585353033794276,-0.022384984083482332,0.6580726958229737,-0.39502307501706746,1,2,1,0,2,2025,6,2,1,0,1,0,0,0,0,1,0,0,0,0,0,0,0,0,0,0,0,0,0,0,0,0,0,0,1,0,0,0,1,0,0,1,0,0,0,0
ORD-11105,2025-06-14,Diego Suzuki,Mechanical Gaming Keyboard,1.6430400161496967,0.1470593505087084,-0.4921165670117554,1.0553015459140986,0.6947453959550896,1.2795904424655613,0.6993590430458222,0.19037358311843475,-0.6412659443286541,1,0,2,1,0,2025,6,2,1,1,0,0,0,0,1,0,1,0,0,0,0,0,0,0,0,0,0,0,0,0,0,0,0,0,0,0,1,0,1,0,0,1,0,0,0,0
ORD-11878,2025-06-14,Sophie Chen,Floating Wall Shelves Set,-0.5760348509067311,0.2051994838172125,-0.4921165670117554,-0.18834484432747714,-0.5787412913392372,-0.19337149608352688,0.3946942776256644,0.25071296790918246,-0.5343186391584743,1,2,2,1,2,2025,6,2,1,1,0,0,0,1,0,0,0,1,0,0,0,0,0,0,0,0,0,0,0,0,0,0,0,0,1,0,0,0,0,0,0,1,0,0,0,0
ORD-10357,2025-06-16,Robert Taylor,Sticky Notes Multicolor 6-Pack,-0.9458806620828024,-0.8618800561464609,-1.180873133858159,-0.6203843792825319,-1.2566575128462925,-0.6037272481527827,-3.299231750112513,-0.8531671469955215,3.4679531978428497,0,2,0,1,1,2025,6,2,0,0,1,0,0,1,0,0,0,0,0,0,0,0,0,0,0,0,0,0,0,0,0,0,0,1,0,1,0,0,0,0,1,0,0,0,0,0
ORD-11377,2025-06-16,Giulia Müller,Wireless Ergonomic Mouse,-0.5760348509067311,-0.6096452044826686,-0.4921165670117554,-0.5092959687515771,-0.4561801665470015,-0.5086997910382333,-0.0023365388854461387,-0.5948649860762255,0.0056992350958899015,0,2,3,1,1,2025,6,2,0,1,0,0,0,0,0,0,0,0,0,0,0,0,0,0,1,0,0,0,0,0,0,0,0,0,0,0,1,0,0,1,1,0,0,0,0,0
ORD-10617,2025-06-17,Yuki Suzuki,Floating Wall Shelves Set,-0.9458806620828024,-0.5198495972903585,1.5741531335274555,-0.5662650547828669,-0.5346958871170276,-0.6043816070770605,-1.2306618152151307,-0.5680015613406186,0.5731141041932324,0,2,3,0,1,2025,6,2,0,1,0,0,0,0,0,0,0,0,1,0,0,0,0,0,0,0,0,0,0,0,0,0,0,0,1,0,0,0,0,0,0,0,0,0,1,0
ORD-10797,2025-06-18,Amina Taylor,Travel Backpack 30L,-0.9458806620828024,-0.42210859227063896,-1.180873133858159,-0.5292181548717437,-0.21488795211228698,-0.5182970552609727,0.015563858612800503,-0.3727940082618759,0.24963151448096033,0,2,3,1,1,2025,6,2,0,0,1,0,1,0,0,0,0,0,0,0,0,0,0,0,0,0,0,0,1,0,0,0,0,0,0,0,0,0,0,0,0,0,0,0,0,1
ORD-10886,2025-06-18,Ava Clark,Leather Wallet Minimalist,0.16365677144541152,-0.361319993019665,0.19663999983464828,-0.21289462486138316,-0.021471177049539665,-0.15076545945833486,0.5898086103565529,-0.36797236792471566,-0.4633505199869045,1,1,3,2,2,2025,6,2,0,0,0,1,0,0,0,0,0,0,0,0,0,0,0,0,0,0,0,0,0,0,0,0,1,0,0,0,0,0,1,0,0,0,0,0,0,1
ORD-11185,2025-06-18,William Garcia,Tape Dispenser Heavy Duty,-0.9458806620828024,-0.6850634251301424,0.8853965666810519,-0.591180859733679,-0.6630020646338997,-0.5908581893086547,-1.1218273984257912,-0.6992879396638663,1.2025848170312963,0,2,3,0,1,2025,6,2,0,1,0,1,0,0,0,0,0,0,0,0,0,0,0,0,0,0,0,0,0,0,0,0,1,0,0,1,0,0,1,0,0,0,0,0,0,1
ORD-11382,2025-06-18,Ivan Santos,Ergonomic Office Chair,1.2731942049736253,4.402387415502717,2.951666267220263,4.777874444252406,0.49941360331746326,1.4594664400947852,-0.2318196348129681,3.1514117947447557,-0.7010111981428594,1,1,1,3,0,2025,6,2,0,1,0,0,0,1,0,0,0,1,0,0,0,0,0,0,0,0,0,0,0,0,0,0,0,0,1,0,0,0,0,1,0,0,0,0,0,1
ORD-10870,2025-06-19,Emma Jones,Corner L-Shaped Desk,-0.2061890397306598,1.9499079527756642,-1.180873133858159,1.15438958449078,-0.5825713264889948,1.3395006373105414,0.663916255999294,2.2182177477755225,-0.6782353831529137,1,2,1,1,0,2025,6,2,0,0,1,0,0,1,0,0,0,0,0,0,0,0,0,0,0,1,0,0,0,0,0,0,0,0,1,0,0,0,1,0,0,0,0,1,0,0
ORD-10535,2025-06-20,Liam Zhang,USB-C Hub Multiport Adapter,-0.9458806620828024,-0.6415529132181382,-0.4921165670117554,-0.5776379563081588,-0.5883163792136308,-0.5836602411416002,-0.8576175313516707,-0.6279276626738953,0.7946006528635737,0,2,3,1,1,2025,6,2,0,0,1,0,0,0,0,0,0,0,1,0,0,0,0,0,0,0,0,0,0,0,0,0,0,0,0,0,1,0,0,1,0,0,0,0,0,0
ORD-10570,2025-06-20,Felix Pereira,Highlighters Neon Pack 6,-0.5760348509067311,-0.7820477255948706,-1.180873133858159,-0.574239158151175,-0.5519310452909358,-0.5598852002261773,-0.3324198687531142,-0.7659643374691671,0.7351854833245848,0,2,0,1,1,2025,6,2,0,0,0,1,0,0,0,0,0,0,0,0,0,0,0,1,0,0,0,0,0,0,0,0,0,0,0,1,0,0,0,1,0,0,0,0,0,0
ORD-11320,2025-06-20,Sophie Chen,Floating Wall Shelves Set,-0.5760348509067311,-0.2099790820213896,0.8853965666810519,-0.3815011580489867,-0.8698239627207979,-0.432285209992027,0.025588081211818665,-0.25817672938995356,-0.4392543678960924,0,2,2,0,2,2025,6,2,0,0,1,1,0,0,0,0,0,0,0,0,0,0,0,0,0,0,0,0,0,0,1,0,0,0,1,0,0,0,1,0,0,0,0,0,0,0
ORD-10735,2025-06-21,Ali Yamamoto,Folding Table Portable,-0.5760348509067311,0.660231156218694,0.19663999983464828,-0.04198736676751369,-0.16892753031519847,-0.1167387953958948,0.2865758767362547,0.6363064337295077,-0.550492768644088,1,2,1,2,0,2025,6,2,1,0,0,0,0,0,0,0,0,0,1,0,0,0,0,0,0,0,0,0,0,0,0,0,0,0,1,0,0,0,1,0,0,1,0,0,0,0
ORD-10200,2025-06-22,Lucas Moreau,Mesh Back Task Chair,0.9033483937975542,0.4815227638148971,0.8853965666810519,0.8534129353892619,-0.2551033211847392,0.5544153412715929,0.263663367938499,0.38379024121480376,-0.658760410915134,1,1,1,0,0,2025,6,2,1,0,1,0,0,1,0,0,0,0,0,0,0,0,0,0,0,1,0,0,0,0,0,0,0,0,1,0,0,1,0,0,0,0,1,0,0,0
ORD-10776,2025-06-22,Karen Yamamoto,Laptop Stand Adjustable,-0.5760348509067311,-0.5754673820822247,2.2629097003738594,-0.5247997172676647,-0.789393224575893,-0.5608303853390229,-0.5182259947849144,-0.6356422872133516,-0.028299445251420356,0,2,3,3,1,2025,6,2,1,1,0,1,0,0,0,0,0,0,0,0,0,0,0,0,0,0,0,0,0,0,0,0,1,0,0,0,1,0,1,0,0,0,1,0,0,0
ORD-11022,2025-06-22,Amina Anderson,Desk Calendar 2025,-0.9458806620828024,-0.7701926875666724,0.19663999983464828,-0.6045930401531611,-0.39489960415088343,-0.6163054808083428,-2.4464568132960425,-0.7699594108913856,2.51830073804468,0,2,0,2,1,2025,6,2,1,1,0,0,0,0,0,0,0,0,0,0,0,0,1,0,0,0,0,0,0,0,0,0,0,0,0,1,0,0,1,0,0,0,1,0,0,0
ORD-10033,2025-06-23,Olga Johansson,Filing Cabinet 3-Drawer,0.5335025826214829,1.18008718549777,2.2629097003738594,1.0029077650941334,1.1409444909018231,0.19546311803170693,-0.10830689207506629,0.8025841447852893,-0.6264121519439069,1,1,1,3,0,2025,6,2,0,1,0,0,0,0,0,1,0,0,0,0,0,0,0,0,0,0,0,0,0,0,0,0,0,0,1,0,0,0,0,1,1,0,0,0,0,0
ORD-11875,2025-06-23,David Kumar,Wireless Ergonomic Mouse,-0.9458806620828024,-0.27366838206649713,-1.180873133858159,-0.4984459592504366,-0.9770649469140043,-0.4653666889416215,0.35352336337969714,-0.21064913178080302,-0.227010178931816,0,2,2,1,2,2025,6,2,0,0,0,1,0,0,0,0,0,0,0,0,0,0,0,0,0,0,0,0,0,0,1,0,0,0,0,0,1,0,0,1,1,0,0,0,0,0
ORD-11958,2025-06-23,Susan Harris,Bookshelf 5-Tier,-0.9458806620828024,0.9025027312417663,0.19663999983464828,-0.2925049355384265,-0.9215294372425223,-0.32031712739339946,0.25471316918937564,0.8744954663852214,-0.5211152681498102,1,2,1,2,2,2025,6,2,0,0,0,1,0,0,0,0,0,0,0,0,1,0,0,0,0,0,0,0,0,0,0,0,0,0,1,0,0,0,1,0,1,0,0,0,0,0
ORD-10564,2025-06-24,Christopher Chen,Binder Clips Assorted 48pc,1.2731942049736253,-0.7541757744860216,-1.180873133858159,-0.3858150172482353,1.363086529587751,-0.3443829944973902,0.49565251951577544,-0.7355191227688128,-0.0279693609762037,0,1,0,1,2,2025,6,2,0,0,0,0,0,0,0,0,0,0,0,0,0,0,0,0,0,0,0,0,0,1,0,0,0,0,0,1,0,0,1,0,0,0,0,0,1,0
ORD-10630,2025-06-24,Carlos Jackson,Tape Dispenser Heavy Duty,0.16365677144541152,-0.6864507168142934,1.5741531335274555,-0.4753079871817393,0.6162296753850633,-0.5023743214368822,-0.10436880462545192,-0.7136150995228565,0.15390707466814507,0,1,3,0,1,2025,6,2,0,1,0,0,1,0,0,0,0,0,0,0,0,0,0,0,0,0,0,1,0,0,0,0,0,0,0,1,0,0,1,0,0,0,0,0,1,0
ORD-10639,2025-06-24,Hans Ferrari,Ballpoint Pen Pack 12,-0.9458806620828024,-0.7191151301047544,-1.180873133858159,-0.5907886907155654,-0.7913082421507717,-0.5760987602388357,-0.6725274212198004,-0.6972215223765118,1.0490956290555755,0,2,0,1,1,2025,6,2,0,0,1,1,0,0,0,0,0,0,0,0,0,1,0,0,0,0,0,0,0,0,0,0,0,0,0,1,0,0,1,0,0,0,0,0,1,0
ORD-11585,2025-06-24,Clara Martinez,Polarized Sunglasses,-0.5760348509067311,-0.03139680704342458,0.8853965666810519,-0.3185711029423714,-1.1149462123052696,-0.2684773592811778,0.5472056643107257,-0.09231230179164288,-0.5316779649567416,1,2,2,0,2,2025,6,2,0,0,1,0,0,1,0,0,0,0,0,0,0,0,0,0,0,0,0,0,0,0,0,0,0,1,0,0,0,0,0,1,0,0,0,0,1,0
ORD-11963,2025-06-24,Sarah Rossi,Whiteboard Markers Set 8,0.5335025826214829,-0.6774963795802287,1.5741531335274555,-0.42835228341294784,-0.4963955356194537,-0.4029844714938147,0.3792999357771723,-0.7057627138309099,-0.29203678114948695,0,1,3,0,2,2025,6,2,0,1,0,1,0,0,0,0,0,0,0,0,0,0,0,0,0,0,0,0,0,0,0,0,1,0,0,1,0,1,0,0,0,0,0,0,1,0
ORD-10522,2025-06-25,Lucas Nilsson,Mesh Back Task Chair,1.6430400161496967,2.6667594012041618,-0.4921165670117554,5.025123937872372,2.5044370042154482,5.03110286189672,0.5593779346095336,2.8050802573841636,-0.6861574057581122,1,0,1,1,0,2025,6,2,0,1,0,1,0,0,0,0,0,0,0,0,0,1,0,0,0,0,0,0,0,0,0,0,0,0,1,0,0,0,0,0,0,0,0,0,0,1
ORD-11032,2025-06-25,Jamal Robinson,Wireless Bluetooth Headphones,2.7525774496779105,-0.15158671386122163,-0.4921165670117554,1.041627919482541,4.005810782920339,1.1378853820858696,0.6019808806553605,-0.11958900998472051,-0.5514830214697377,1,0,2,1,0,2025,6,2,0,1,0,0,0,0,0,0,0,0,0,0,0,0,0,0,1,0,0,0,0,0,0,0,0,0,0,0,1,0,0,1,0,0,0,0,0,1
ORD-11425,2025-06-25,Li Harris,Tablet Stand Holder,-0.2061890397306598,-0.6397872692564917,0.19663999983464828,-0.47389617871653056,-1.2241022140733548,-0.45235221700320966,0.2937360357355533,-0.6417037779229244,-0.3735675971279882,0,2,3,2,2,2025,6,2,0,0,0,0,0,1,0,0,0,0,0,0,0,0,0,0,0,1,0,0,0,0,0,0,0,0,0,0,1,0,1,0,0,0,0,0,0,1
ORD-11602,2025-06-25,Chen Martin,Whiteboard Markers Set 8,0.16365677144541152,-0.8357737489992584,-1.180873133858159,-0.5595981814749372,0.13747528166539136,-0.5636659406775595,-0.47454902488919254,-0.8246505884300313,0.8662289405855766,0,1,0,1,1,2025,6,2,0,0,0,1,0,0,0,0,0,0,0,0,0,0,0,1,0,0,0,0,0,0,0,0,0,0,0,1,0,1,0,0,0,0,0,0,0,1
ORD-11865,2025-06-25,Olga Yamamoto,Wireless Ergonomic Mouse,-0.9458806620828024,-0.48630236201907406,-1.180873133858159,-0.5425257568863956,-0.21871798726204428,-0.5492700443434503,-0.3159515030547273,-0.4429144348794341,0.39057749999845026,0,2,3,1,1,2025,6,2,0,0,0,0,1,0,0,0,0,0,0,0,0,0,0,0,0,0,0,0,0,0,0,1,0,0,0,0,1,0,1,0,0,0,0,0,0,1
ORD-11907,2025-06-25,Nadia Thomas,Leather Belt Classic,0.9033483937975542,-0.6986841071199872,0.19663999983464828,-0.3802985063934386,0.4668583045445256,-0.3762284621455713,0.3073403378342208,-0.6995634619688468,-0.20291402684100387,0,1,0,2,2,2025,6,2,0,0,0,0,0,0,0,0,0,0,0,0,0,0,0,0,1,0,0,0,0,0,0,0,0,0,0,0,0,0,1,0,0,0,0,0,0,1
ORD-10232,2025-06-27,Elizabeth Johnson,Cotton Formal Shirt,0.9033483937975542,-0.10189644808345458,-0.4921165670117554,0.3389394728267464,-0.8410986990976175,0.6414450782005261,0.8973374393764301,-0.06792857780086127,-0.6501782197595024,1,1,2,1,0,2025,6,2,0,0,1,0,0,1,0,0,0,0,0,0,0,0,0,0,0,1,0,0,0,0,0,0,0,0,0,0,0,0,0,1,0,0,0,0,0,0
ORD-10829,2025-06-27,Jennifer Ferrari,Laptop Stand Adjustable,-0.5760348509067311,-0.44518808119787595,-0.4921165670117554,-0.44450964695922457,-0.69172732825708,-0.423851250523559,0.33096886253190644,-0.4241789181407545,-0.3012791408555519,0,2,3,1,2,2025,6,2,0,0,0,0,0,1,0,0,0,0,0,0,0,0,0,0,0,1,0,0,0,0,0,0,0,0,0,0,1,0,0,1,0,0,0,0,0,0
ORD-10914,2025-06-27,Patricia Jackson,Leather Belt Classic,-0.2061890397306598,-0.24491360897682488,-1.180873133858159,-0.21059389995511724,-0.14977735456641167,-0.0777680861278011,0.8049713882854774,-0.1792395890130167,-0.47853439664686825,1,2,2,1,0,2025,6,2,0,1,0,1,0,0,0,0,0,0,0,0,0,0,0,0,0,0,0,0,0,0,1,0,0,0,0,0,0,0,1,0,0,0,0,0,0,0
ORD-10656,2025-06-28,Emma Johnson,Wireless Ergonomic Mouse,0.16365677144541152,-0.42021683088316053,-1.180873133858159,-0.21501233755919616,0.6736802026314241,-0.1733044890723443,0.5271572191126896,-0.37072759097452157,-0.38710105241186893,1,1,3,1,2,2025,6,2,1,1,0,0,1,0,0,0,0,0,0,0,0,0,0,0,0,0,0,0,1,0,0,0,0,0,0,0,1,1,0,0,0,1,0,0,0,0
ORD-11872,2025-06-28,Noah Tanaka,Laptop Stand Adjustable,2.012885827325768,-0.1829899528933638,-0.4921165670117554,0.6814076040446746,2.4508165121188448,0.7751524183946016,0.6077090078547995,-0.15210064197242923,-0.5570944541484201,1,0,2,1,0,2025,6,2,1,0,0,0,0,0,0,0,0,0,1,0,0,0,0,0,0,0,0,0,0,0,0,0,0,0,0,0,1,0,0,1,0,1,0,0,0,0
ORD-10834,2025-06-30,Chen Khan,Binder Clips Assorted 48pc,-0.5760348509067311,-0.8115592032395342,0.19663999983464828,-0.591180859733679,-0.6208716779865684,-0.5890405256301056,-1.0666941741311915,-0.8105989508760215,1.2474762784607543,0,2,0,2,1,2025,6,2,0,1,0,0,0,1,0,0,0,0,0,0,0,0,0,0,0,0,0,0,0,0,0,0,0,1,0,1,0,0,0,1,1,0,0,0,0,0
ORD-11775,2025-06-30,Ayumi Romano,Desk Organizer Set,-0.2061890397306598,-0.5575587076140953,-1.180873133858159,-0.40503129913579755,-0.2857436023827982,-0.4064743857566291,0.247553010190077,-0.5207494860364487,-0.2946774553512198,0,2,3,1,2,2025,6,2,0,0,0,0,0,1,0,0,0,0,0,0,0,0,0,0,0,1,0,0,0,0,0,0,0,0,1,0,0,1,0,0,1,0,0,0,0,0
ORD-10479,2025-07-02,Joseph Clark,Desk Organizer Set,0.16365677144541152,-0.7043593912824225,0.19663999983464828,-0.46890255988588514,-0.02338619462441831,-0.5179335225252629,-0.2500780402611797,-0.7052116692209487,-0.055366355819181895,0,1,0,2,1,2025,7,3,0,0,0,0,0,0,0,0,0,0,1,0,0,0,0,0,0,0,0,0,0,0,0,0,0,0,1,0,0,1,0,0,0,0,0,0,0,1
ORD-10161,2025-07-03,Robert Harris,Premium Notebook Set A5,-0.9458806620828024,-0.7714538618249913,-0.4921165670117554,-0.6032335208903675,-1.2106970910492039,-0.5811882185387733,-0.871579841400303,-0.7627958309618905,1.1547225971248885,0,2,0,1,1,2025,7,3,0,0,0,0,0,1,0,0,0,0,0,0,0,0,0,0,0,0,0,0,0,0,0,0,0,1,0,1,0,0,0,0,0,0,0,1,0,0
ORD-10596,2025-07-03,Elizabeth Park,Ballpoint Pen Pack 12,1.6430400161496967,-0.7019631601916165,0.19663999983464828,-0.30081891872243305,2.362725703674425,-0.29857786979795164,0.36318957802875035,-0.7028697296286138,-0.07088031675436225,1,0,0,2,2,2025,7,3,0,1,0,1,0,0,0,0,0,0,0,0,0,0,0,0,0,0,0,0,0,0,0,0,1,0,0,1,0,0,0,1,0,0,0,1,0,0
ORD-11574,2025-07-03,Emma Kim,Folding Table Portable,-0.9458806620828024,0.26888878386232024,0.19663999983464828,-0.4107046775978397,-0.7644979961024699,-0.4358478308019834,0.10255979045427918,0.2516772959766144,-0.38049936690753683,0,2,1,2,2,2025,7,3,0,0,0,1,0,0,0,0,0,0,0,0,0,0,0,0,0,0,0,0,0,0,0,0,1,0,1,0,0,1,0,0,0,0,0,1,0,0
ORD-10859,2025-07-04,Ayumi White,Folding Table Portable,-0.5760348509067311,-0.2966217535679022,-1.180873133858159,-0.3729780180553196,-0.8391836815227388,-0.3497632789858957,0.4093726035742266,-0.23572166153403604,-0.4435454634739082,0,2,2,1,2,2025,7,3,0,1,0,0,0,1,0,0,0,0,0,0,0,0,0,0,0,0,0,0,0,0,0,0,0,1,1,0,0,0,1,0,0,0,0,0,0,0
ORD-10285,2025-07-06,Amir Yamamoto,Wireless Ergonomic Mouse,-0.9458806620828024,-0.39070535323849676,-0.4921165670117554,-0.5282508046270636,-1.1666516868269943,-0.5039011589268635,0.18490161894621376,-0.36769684561973515,-0.16693484084239404,0,2,3,1,1,2025,7,3,1,0,1,0,0,1,0,0,0,1,0,0,0,0,0,0,0,0,0,0,0,0,0,0,0,0,0,0,1,0,1,0,0,0,1,0,0,0
ORD-10995,2025-07-06,Olivia Schmidt,Sports Water Bottle 750ml,-0.9458806620828024,-0.8057578016512671,-1.180873133858159,-0.6087500317451643,-0.666832099783657,-0.6117249683383991,-2.4990839819408874,-0.791863434137342,2.568143463602387,0,2,0,1,1,2025,7,3,1,0,1,1,0,0,0,0,0,0,0,0,0,0,0,1,0,0,0,0,0,0,0,0,0,0,0,0,0,0,0,1,0,0,1,0,0,0
ORD-11291,2025-07-06,Mary Laurent,Tablet Stand Holder,0.16365677144541152,-0.7202501869372415,2.2629097003738594,-0.5062109058090841,0.713895571703876,-0.6040907808884927,-0.9850683615391868,-0.7543924006599828,0.402460533906248,0,1,0,3,1,2025,7,3,1,0,0,0,0,0,0,0,0,0,0,0,0,0,1,0,0,0,0,0,0,0,0,0,0,0,0,0,1,0,0,1,0,0,1,0,0,0
ORD-11983,2025-07-06,Clara Sharma,Floating Wall Shelves Set,0.9033483937975542,0.032796962705010604,-0.4921165670117554,0.498107804978418,0.8651819601192928,0.4550981978756674,0.45841969271942246,0.07176123082429399,-0.5930736401470299,1,1,2,1,0,2025,7,3,1,0,0,0,1,0,0,0,0,0,0,0,0,0,0,0,0,0,0,0,1,0,0,0,0,0,1,0,0,0,0,1,0,0,1,0,0,0
ORD-10553,2025-07-07,Hanna Fischer,Premium Notebook Set A5,0.5335025826214829,-0.7893625362931206,-0.4921165670117554,-0.5000407799240982,0.5702692535879749,-0.49779380896693837,0.05315469335911848,-0.7813935865480798,0.3017848299651837,0,1,0,1,1,2025,7,3,0,0,0,0,0,0,0,0,0,0,0,0,0,0,1,0,0,0,0,0,0,0,0,0,0,0,0,1,0,0,0,1,1,0,0,0,0,0
ORD-11640,2025-07-07,Christopher Chen,Silk Tie Collection,-0.2061890397306598,-0.7607338806292802,-1.180873133858159,-0.5313881567719718,0.3921726191242567,-0.5443259991377967,-0.29733508965655076,-0.7426827026983079,0.5384552552954888,0,2,0,1,1,2025,7,3,0,0,0,0,0,0,0,0,0,0,0,0,0,0,0,0,1,0,0,0,0,0,0,0,0,0,0,0,0,0,0,1,1,0,0,0,0,0
ORD-10101,2025-07-08,Elizabeth Taylor,Stapler Full-Size,3.1224232608539815,-0.7310962855587846,-0.4921165670117554,-0.17563856814059933,4.863738656465991,-0.1859554282750464,0.38467005502664636,-0.7209164406048418,-0.003873208885391588,1,0,0,1,2,2025,7,3,0,0,1,0,0,0,0,1,0,0,0,0,0,0,0,0,0,0,0,0,0,0,0,0,0,0,0,1,0,0,1,0,0,0,0,0,1,0
ORD-11004,2025-07-08,Marco Ferrari,Mechanical Gaming Keyboard,-0.9458806620828024,-0.17857584298924742,-1.180873133858159,-0.47873292993993066,-0.3489391823537949,-0.464494210375918,0.22428249344235643,-0.10677722280312342,-0.10751967130340528,0,2,2,1,2,2025,7,3,0,0,0,0,0,0,0,0,0,0,0,0,0,0,0,0,1,0,0,0,0,0,0,0,0,0,0,0,1,0,1,0,0,0,0,0,1,0
ORD-11114,2025-07-10,Sakura Kim,Leather Belt Classic,-0.5760348509067311,-0.40823567542913036,-1.180873133858159,-0.4192539621927143,-0.9253594723922796,-0.338421057631749,0.7208395200437182,-0.35764028148794386,-0.4006345076957497,0,2,3,1,2,2025,7,3,0,0,0,1,0,0,0,0,0,0,0,0,0,1,0,0,0,0,0,0,0,0,0,0,0,0,0,0,0,0,1,0,0,0,0,1,0,0
ORD-11388,2025-07-12,Chen Ali,Folding Table Portable,-0.9458806620828024,0.5565626321848752,0.19663999983464828,-0.3570559559199109,-0.23212311028619514,-0.40640167920948717,0.08072130550641829,0.5343631808866921,-0.3606943103945406,0,2,1,2,2,2025,7,3,1,1,0,0,0,0,1,0,0,0,0,1,0,0,0,0,0,0,0,0,0,0,0,0,0,0,1,0,0,0,0,1,0,1,0,0,0,0
ORD-10526,2025-07-13,Thomas Oliveira,Bookshelf 5-Tier,0.16365677144541152,0.29222050764122093,1.5741531335274555,0.17391475000457968,0.4783484099937978,-0.12822642984432545,-0.00018849118565646033,0.14160613513687176,-0.5610554654510194,1,1,1,0,0,2025,7,3,1,1,0,1,0,0,0,0,0,0,0,0,1,0,0,0,0,0,0,0,0,0,0,0,0,0,1,0,0,0,1,0,0,0,1,0,0,0
ORD-10740,2025-07-13,William Martinez,Sports Water Bottle 750ml,1.2731942049736253,-0.764517403404237,-1.180873133858159,-0.40082201834137915,-0.3163838835808573,-0.33594903502892215,0.6205972940535371,-0.7468155372730166,-0.30854099491031717,0,1,0,1,2,2025,7,3,1,0,0,1,0,0,0,0,0,0,0,0,1,0,0,0,0,0,0,0,0,0,0,0,0,0,0,0,0,1,0,0,0,0,1,0,0,0
ORD-11305,2025-07-13,Clara Martin,Wool Blend Scarf,0.5335025826214829,-0.4393866796096087,-1.180873133858159,-0.13027768504546952,0.847946801945384,-0.003970940778705616,0.7509121878407726,-0.39166728615304575,-0.42869167108916106,1,1,3,1,0,2025,7,3,1,0,0,0,0,1,0,0,0,0,0,0,0,0,0,0,0,0,0,0,0,0,0,0,0,1,0,0,0,1,0,0,0,0,1,0,0,0
ORD-11937,2025-07-13,Carlos Tanaka,Corner L-Shaped Desk,0.5335025826214829,4.52232508746885,-0.4921165670117554,4.730317414655841,-0.6036365198126603,4.847009884533263,0.5855125149569735,4.730567885740965,-0.7099234735737077,1,1,1,1,0,2025,7,3,1,1,0,1,0,0,0,0,0,0,0,0,1,0,0,0,0,0,0,0,0,0,0,0,0,0,1,0,0,0,0,0,0,0,1,0,0,0
ORD-10959,2025-07-14,Ethan Thomas,Leather Wallet Minimalist,-0.2061890397306598,-0.34378967082903145,-1.180873133858159,-0.2720860019953162,0.2447162658585979,-0.17817582773085605,0.7061611940951561,-0.287244332565405,-0.38710105241186893,1,2,3,1,2,2025,7,3,0,1,0,0,1,0,0,0,0,0,0,0,0,0,0,0,0,0,1,0,0,0,0,0,0,0,0,0,0,0,0,0,1,0,0,0,0,0
ORD-11527,2025-07-14,Elizabeth Santos,Leather Wallet Minimalist,-0.5760348509067311,-0.7265560582288363,0.19663999983464828,-0.5594413138676918,-0.7089624864309881,-0.5529780782476905,-0.28910090680735734,-0.7269779313144148,0.34733645994507506,0,2,0,2,1,2025,7,3,0,0,0,1,0,0,0,0,0,0,0,0,0,1,0,0,0,0,0,0,0,0,0,0,0,0,0,0,0,1,0,0,1,0,0,0,0,0
ORD-10192,2025-07-15,Wei Laurent,Monitor Riser Wood,0.16365677144541152,-0.5784942003021902,-1.180873133858159,-0.3462582356211855,-0.22254802241180158,-0.3434378093845446,0.333116910231696,-0.543617837349837,-0.372907428577555,0,1,3,1,2,2025,7,3,0,0,0,1,0,0,0,0,0,0,0,0,0,0,0,1,0,0,0,0,0,0,0,0,0,0,1,0,0,0,1,0,0,0,0,0,1,0
ORD-10465,2025-07-15,John Suzuki,Standing Desk Converter,-0.9458806620828024,2.097213106147319,0.8853965666810519,-0.10091729788937105,-0.6706621349334142,-0.210312121567605,0.17129731684754634,1.884009191834076,-0.5732685836340337,1,2,1,0,2,2025,7,3,0,1,0,1,0,0,0,0,0,0,0,0,0,0,0,0,0,0,0,0,0,0,0,0,1,0,1,0,0,0,1,0,0,0,0,0,1,0
ORD-10782,2025-07-15,Christopher Park,Desk Organizer Set,-0.5760348509067311,-0.1739094982334673,-0.4921165670117554,-0.3376566618238958,-0.659172029484142,-0.3432923962902607,0.3030442424346416,-0.14273288360308944,-0.44981706470302374,1,2,2,1,2,2025,7,3,0,0,0,1,0,0,0,0,0,0,0,0,1,0,0,0,0,0,0,0,0,0,0,0,0,0,1,0,0,0,1,0,0,0,0,0,1,0
ORD-11016,2025-07-15,Layla Jackson,Folding Table Portable,-0.9458806620828024,0.047426584101510516,-0.4921165670117554,-0.441947476040883,-0.6936423458319587,-0.4487895961932533,0.14910082394972046,0.08705271875071631,-0.3075507420846674,0,2,2,1,2,2025,7,3,0,0,0,1,0,0,0,0,0,0,0,0,0,0,0,0,0,0,0,0,0,0,1,0,0,0,1,0,0,0,0,1,0,0,0,0,1,0
ORD-11150,2025-07-16,Emma Sharma,Tablet Stand Holder,3.1224232608539815,-0.5562975333557765,1.5741531335274555,0.09995167318837085,3.7664335860605034,-0.17701252297658457,-0.013434785334359012,-0.599824387565876,-0.3425396752576274,1,0,3,0,2,2025,7,3,0,0,0,0,1,0,0,0,0,0,0,0,0,0,0,0,0,0,0,0,0,0,0,1,0,0,0,0,1,0,0,1,0,0,0,0,0,1
ORD-11213,2025-07-16,David Nilsson,Travel Backpack 30L,-0.5760348509067311,0.2681320793073288,0.19663999983464828,-0.18829255512506204,-0.117222055793474,-0.1167387953958948,0.6163011986539577,0.25085072906167266,-0.48744667207771664,1,2,1,2,0,2025,7,3,0,0,0,0,0,0,0,0,0,0,0,0,0,0,0,0,1,0,0,0,0,0,0,0,0,0,0,0,0,1,0,0,0,0,0,0,0,1
ORD-11630,2025-07-16,Giulia Russo,Tape Dispenser Heavy Duty,-0.5760348509067311,-0.6396611518306599,1.5741531335274555,-0.5388393681161285,-0.23595314543595242,-0.5473069675706171,-0.30485325660581436,-0.6727000372332399,0.33908435306465995,0,2,3,0,1,2025,7,3,0,1,0,0,0,0,0,0,0,0,0,0,0,0,0,0,1,0,0,0,0,0,0,0,0,0,0,1,0,0,0,1,0,0,0,0,0,1
ORD-10089,2025-07-17,Li Suzuki,Standing Desk Converter,-0.5760348509067311,1.321843172132821,-1.180873133858159,0.29804931653811056,-0.592146414363388,0.3872629893922131,0.6170172145538877,1.5321672083738715,-0.6349943430995386,1,2,1,1,0,2025,7,3,0,0,0,0,0,1,0,0,0,1,0,0,0,0,0,0,0,0,0,0,0,0,0,0,0,0,1,0,0,0,0,1,0,0,0,1,0,0
ORD-10598,2025-07-17,Ingrid Pereira,Mesh Back Task Chair,0.16365677144541152,2.540768092798098,-0.4921165670117554,2.0965887228091016,1.0720038582061906,2.0849608651571176,0.5389714814615324,2.674344923670877,-0.6673426020707658,1,1,1,1,0,2025,7,3,0,1,0,0,0,0,0,0,0,0,0,0,0,0,0,0,1,0,0,0,0,0,0,0,0,0,1,0,0,0,0,0,0,0,0,1,0,0
ORD-10094,2025-07-18,Patricia Garcia,Desk Organizer Set,-0.5760348509067311,-0.5588198818724145,2.2629097003738594,-0.5196230862285663,-0.8659939275710402,-0.5751535751259902,-0.6893537948681522,-0.622141694269303,-0.09035528899214189,0,2,3,3,1,2025,7,3,0,1,0,0,0,1,0,0,0,1,0,0,0,0,0,0,0,0,0,0,0,0,0,0,0,0,1,0,0,1,0,0,0,0,0,0,0,0
ORD-11072,2025-07-18,Oscar Chen,Mechanical Gaming Keyboard,1.2731942049736253,0.8800538294436892,2.2629097003738594,1.330891787243069,1.3018059671916329,0.7359635894850818,0.14444672060017638,0.5566804875901193,-0.6392854386773544,1,1,1,3,0,2025,7,3,0,1,0,0,0,1,0,0,0,0,0,0,0,0,0,0,0,1,0,0,0,0,0,0,0,0,0,0,1,0,0,1,0,0,0,0,0,0
ORD-10603,2025-07-19,Noah Russo,Business Casual Blazer,1.6430400161496967,0.26762760960400117,0.19663999983464828,1.1463893365212643,1.7594951675876391,1.4616476365090443,0.7584303547900363,0.2504374456042017,-0.618820213613925,1,0,1,2,0,2025,7,3,1,0,0,1,0,0,0,0,0,0,0,0,0,0,0,0,0,0,0,0,0,0,0,0,1,0,0,0,0,0,0,1,0,1,0,0,0,0
ORD-10875,2025-07-19,Patricia Pereira,Corner L-Shaped Desk,0.16365677144541152,3.709750512833944,0.19663999983464828,2.825317192267634,-0.5883163792136308,2.557189888844187,0.45018550987022915,3.6342646342232268,-0.701341282418076,1,1,1,2,0,2025,7,3,1,1,0,1,0,0,0,0,0,0,0,0,0,0,0,0,0,0,0,0,0,0,1,0,0,0,1,0,0,0,1,0,0,1,0,0,0,0
ORD-11516,2025-07-19,Michael Ahmed,Corner L-Shaped Desk,-0.5760348509067311,1.5472150120944195,-1.180873133858159,0.3914901212539572,-0.7300276797546537,0.496468223199446,0.6324115564023798,1.7783463878740224,-0.6491879669338526,1,2,1,1,0,2025,7,3,1,0,0,0,0,1,0,0,0,1,0,0,0,0,0,0,0,0,0,0,0,0,0,0,0,0,1,0,0,0,1,0,0,1,0,0,0,0
ORD-11854,2025-07-19,Richard Sharma,USB-C Hub Multiport Adapter,-0.9458806620828024,-0.36005881876134604,0.19663999983464828,-0.5280677924186107,-0.7759881015517421,-0.5279670260308543,-0.1108129477248207,-0.36673251755230313,-0.0009024504084421562,0,2,3,2,1,2025,7,3,1,0,0,1,0,0,0,0,0,0,0,0,0,0,0,1,0,0,0,0,0,0,0,0,0,0,0,0,1,1,0,0,0,1,0,0,0,0
ORD-10205,2025-07-20,Clara Dubois,Wool Blend Scarf,1.2731942049736253,-0.4053349746349968,1.5741531335274555,-0.030379163831353674,0.171945598013208,-0.04897629345958252,0.41187865922398115,-0.4679869646326671,-0.5283771222045754,1,1,3,0,0,2025,7,3,1,1,0,0,0,0,0,0,0,0,0,0,0,0,1,0,0,0,0,0,0,0,0,0,0,0,0,0,0,1,0,0,0,0,1,0,0,0
ORD-10334,2025-07-20,Ethan Santos,Travel Backpack 30L,-0.9458806620828024,-0.5417940293851083,-0.4921165670117554,-0.5580033608012757,-0.4370299907982147,-0.5553773943033754,-0.3381479959525531,-0.5244690371536865,0.48927269828821496,0,2,3,1,1,2025,7,3,1,0,0,0,0,0,0,0,0,0,1,0,0,0,0,0,0,0,0,0,0,0,0,0,0,0,0,0,0,0,0,1,0,0,1,0,0,0
ORD-10895,2025-07-20,Mary Anderson,Smart LED Desk Lamp,-0.9458806620828024,-0.34315908369987197,-0.4921165670117554,-0.5188910373947544,-0.3680893581025817,-0.5233138070137684,-0.10687486027520646,-0.3183783530282108,0.10142367490870503,0,2,3,1,1,2025,7,3,1,0,0,0,0,0,0,1,0,0,0,0,0,0,0,0,0,0,0,0,0,0,0,0,0,0,0,0,1,0,1,0,0,0,1,0,0,0
ORD-11012,2025-07-20,Diego Russo,Bookshelf 5-Tier,1.2731942049736253,0.6338726142198277,-1.180873133858159,1.6284173489851883,0.8843321358680792,1.8110753020733321,0.6427937869513628,0.780680121539333,-0.658760410915134,1,1,1,1,0,2025,7,3,1,0,0,0,0,0,1,0,0,0,0,1,0,0,0,0,0,0,0,0,0,0,0,0,0,0,1,0,0,0,0,0,0,0,1,0,0,0
ORD-11063,2025-07-21,Jamal Taylor,Travel Backpack 30L,-0.5760348509067311,0.15462639605862227,-1.180873133858159,-0.1858872518139658,-0.8908891560444633,-0.015240455585710317,0.9009175188760794,0.25718774207622613,-0.5666668981297015,1,2,2,1,0,2025,7,3,0,0,0,0,0,1,0,0,0,0,0,0,0,0,0,0,0,0,0,0,0,0,0,0,0,1,0,0,0,0,1,0,1,0,0,0,0,0
ORD-10036,2025-07-23,Xiao Brown,Wireless Ergonomic Mouse,3.1224232608539815,-0.2515978325459153,0.19663999983464828,0.8738057243311644,4.959489535209925,0.7703537862832317,0.4347911680217368,-0.26010538552481766,-0.5036208015633301,1,0,2,2,0,2025,7,3,0,1,0,0,0,0,1,0,1,0,0,0,0,0,0,0,0,0,0,0,0,0,0,0,0,0,0,0,1,1,0,0,0,0,0,0,0,1
ORD-10280,2025-07-23,Mia Santos,Smart LED Desk Lamp,-0.2061890397306598,-0.17441396793679487,-0.4921165670117554,-0.19009653260838422,-0.20722788181277205,-0.14443998985698384,0.541119529161322,-0.14328392821305058,-0.49569877895813175,1,2,2,1,2,2025,7,3,0,0,0,0,0,1,0,0,0,1,0,0,0,0,0,0,0,0,0,0,0,0,0,0,0,0,0,0,1,0,1,0,0,0,0,0,0,1
ORD-11214,2025-07-23,Hanna Park,Noise Cancelling Earbuds,-0.2061890397306598,0.17606635845004465,0.19663999983464828,-0.017254574025154706,0.36344735550107665,-0.018803076395666713,0.45090152577015885,0.16034165187555136,-0.5184745939480774,1,2,2,2,0,2025,7,3,0,1,0,0,1,0,0,0,0,0,0,0,0,0,0,0,0,0,0,0,1,0,0,0,0,0,0,0,1,1,0,0,0,0,0,0,0,1
ORD-10065,2025-07-24,Raj Sato,Binder Clips Assorted 48pc,-0.2061890397306598,-0.8352692792959309,0.19663999983464828,-0.583311334770201,-0.11147700306883772,-0.5974017785514317,-1.2263657198155515,-0.8338805856468807,1.3956841180330093,0,2,0,2,1,2025,7,3,0,0,1,0,0,0,1,0,1,0,0,0,0,0,0,0,0,0,0,0,0,0,0,0,0,0,0,1,0,0,1,0,0,0,0,1,0,0
ORD-10934,2025-07-24,Clara Brown,Premium Notebook Set A5,-0.9458806620828024,-0.6483632542130606,0.19663999983464828,-0.5818472371025772,-0.9368495778415518,-0.5640294734132694,-0.3789609022485555,-0.6501072082248321,0.6143746385953078,0,2,3,2,1,2025,7,3,0,0,1,1,0,0,0,0,0,0,0,0,0,1,0,0,0,0,0,0,0,0,0,0,0,0,0,1,0,0,0,0,0,0,0,1,0,0
ORD-11400,2025-07-24,Linda Hassan,Mesh Back Task Chair,-0.9458806620828024,2.602061161752399,0.19663999983464828,0.02457678790695347,-0.6017215022377816,-0.03857925721828145,0.33777101358124006,2.545262723787474,-0.5976948200000624,1,2,1,2,0,2025,7,3,0,1,0,0,0,0,0,1,0,0,0,0,0,0,0,0,0,0,0,0,0,0,0,0,0,0,1,0,0,0,1,0,0,0,0,1,0,0
ORD-10115,2025-07-25,Ali Harris,Wireless Ergonomic Mouse,-0.9458806620828024,-0.29624340129040655,-0.4921165670117554,-0.5096358485672755,-1.325598145541925,-0.4760545513714905,0.3388450374311349,-0.2696109050466477,-0.30887107918553375,0,2,2,1,2,2025,7,3,0,0,0,0,0,1,0,0,0,1,0,0,0,0,0,0,0,0,0,0,0,0,0,0,0,0,0,0,1,0,1,0,0,0,0,0,0,0
ORD-11977,2025-07-25,Li Smith,Standing Desk Converter,-0.9458806620828024,2.4936001755369688,0.19663999983464828,0.004367011173503659,-0.5078856410687259,-0.06082746064372304,0.3263147591823622,2.4387733529124787,-0.587132123193131,1,2,1,2,0,2025,7,3,0,0,0,0,0,0,0,0,0,0,0,0,0,0,0,0,1,0,0,0,0,0,0,0,0,0,1,0,0,0,1,0,0,0,0,0,0,0
ORD-10683,2025-07-26,Mia Wang,Webcam HD 1080p,-0.2061890397306598,0.05776821301972592,-0.4921165670117554,-0.05291581007227696,0.03214931504706378,0.007153160934015183,0.5801423957074996,0.09766032749246888,-0.5313478806815249,1,2,2,1,0,2025,7,3,1,1,0,0,0,0,0,1,0,0,0,0,0,0,0,0,0,0,0,0,0,0,0,0,0,0,0,0,1,1,0,0,0,1,0,0,0,0
ORD-10913,2025-07-26,Nadia Leroy,Filing Cabinet 3-Drawer,2.012885827325768,0.45983056657181104,2.2629097003738594,1.3040935710053123,0.46111325181988966,0.3887171203350525,-0.07465414477836256,0.21241536751688148,-0.6574400738142677,1,0,1,3,0,2025,7,3,1,1,0,0,0,1,0,0,0,0,0,0,0,0,0,0,0,0,0,0,0,0,0,0,0,1,1,0,0,0,1,0,0,1,0,0,0,0
ORD-11241,2025-07-26,William Robinson,Business Casual Blazer,-0.5760348509067311,0.5442031244533495,-0.4921165670117554,-0.054824365960429375,-0.4178798150494275,0.10668842397136655,0.8056874041854074,0.6025549513693863,-0.5660067295792683,1,2,1,1,0,2025,7,3,1,0,0,0,0,0,0,0,0,0,0,0,0,0,0,0,0,0,0,0,0,1,0,0,0,0,0,0,0,1,0,0,0,1,0,0,0,0
ORD-11525,2025-07-26,Omar Russo,Highlighters Neon Pack 6,1.6430400161496967,-0.8527996014865644,0.19663999983464828,-0.5259500797207978,2.5848677423603528,-0.620086221259725,-1.2260077118655868,-0.8511007297081672,1.3940336966569264,0,0,0,2,1,2025,7,3,1,1,0,0,0,0,1,0,0,0,0,1,0,0,0,0,0,0,0,0,0,0,0,0,0,0,0,1,0,0,0,1,0,1,0,0,0,0
ORD-11923,2025-07-26,Omar Park,Wool Blend Scarf,-0.9458806620828024,-0.21842894955212666,2.2629097003738594,-0.5235970656121166,-0.32021391873061456,-0.5574131776233504,-0.4806351600385964,-0.3431753604764633,0.15654774886987796,0,2,2,3,1,2025,7,3,1,0,0,0,0,0,0,0,0,0,0,0,0,0,1,0,0,0,0,0,0,0,0,0,0,0,0,0,0,0,1,0,0,1,0,0,0,0
ORD-10226,2025-07-27,Jennifer White,Cotton Formal Shirt,-0.2061890397306598,-0.3063327953569583,0.19663999983464828,-0.28724987069570546,-0.3891545514262475,-0.22870687799452238,0.5808584116074296,-0.3138322349960312,-0.4547683288312728,1,2,2,2,2,2025,7,3,1,0,1,1,0,0,0,0,0,0,0,0,1,0,0,0,0,0,0,0,0,0,0,0,0,0,0,0,0,0,0,1,0,0,1,0,0,0
ORD-10477,2025-07-27,Jessica Johnson,Leather Belt Classic,0.5335025826214829,-0.7334925166495906,2.2629097003738594,-0.484693899015256,-0.017641141899782033,-0.532765658142224,-0.32883978925346485,-0.7651377705542254,0.017582269003687628,0,1,0,3,1,2025,7,3,1,0,0,1,0,0,0,0,0,0,0,0,0,1,0,0,0,0,0,0,0,0,0,0,0,0,0,0,0,0,0,0,0,0,1,0,0,0
ORD-10746,2025-07-28,Ivan Laurent,Bookshelf 5-Tier,-0.9458806620828024,0.8079146618678442,-0.4921165670117554,-0.2921912003239357,-0.9253594723922796,-0.28658128951952727,0.38108997552699697,0.8761486002151049,-0.5217754367002434,1,2,1,1,2,2025,7,3,0,0,1,1,0,0,0,0,0,0,0,0,0,1,0,0,0,0,0,0,0,0,0,0,0,0,1,0,0,0,0,1,1,0,0,0,0,0
ORD-11095,2025-07-29,Mia Harris,Bookshelf 5-Tier,-0.9458806620828024,0.2816266438713416,-1.180873133858159,-0.3833312801335164,-0.5078856410687259,-0.37390185263702835,0.33168487843183625,0.39591322263394935,-0.37191717575190514,0,2,1,1,2,2025,7,3,0,0,0,0,0,0,0,0,0,0,0,0,0,0,0,0,0,0,0,0,0,1,0,0,0,0,1,0,0,0,0,1,0,0,0,0,1,0
ORD-11838,2025-07-29,Barbara Robinson,Canvas Messenger Bag,1.6430400161496967,-0.34959107241729864,1.5741531335274555,0.1297303739637903,-0.5174607289431195,0.14413229574947906,0.5006646308152846,-0.419219516651104,-0.6105681067335099,1,0,3,0,0,2025,7,3,0,0,0,0,0,1,0,0,0,0,0,0,0,0,0,0,0,1,0,0,0,0,0,0,0,0,0,0,0,1,0,0,0,0,0,0,1,0
ORD-11118,2025-07-31,Mia Johnson,Desk Organizer Set,-0.9458806620828024,-0.5739539729722419,-0.4921165670117554,-0.564330354293507,-0.9866400347883976,-0.5630842883004238,-0.44698241274189265,-0.5578072360563371,0.24203957615097843,0,2,3,1,1,2025,7,3,0,0,0,1,0,0,0,0,0,0,0,0,0,0,0,0,0,0,0,0,0,0,1,0,0,0,1,0,0,0,0,1,0,0,0,1,0,0
ORD-11439,2025-07-31,Maria Rodriguez,Travel Backpack 30L,-0.2061890397306598,0.4260310964488628,-0.4921165670117554,0.16465956117710068,-0.21680296968716564,0.3881354679579167,0.8411301912319356,0.4798097645005368,-0.5983549885504955,1,2,1,1,0,2025,7,3,0,0,0,1,0,0,0,0,0,0,0,0,0,0,0,0,0,0,0,0,0,0,0,0,1,0,0,0,0,0,1,0,0,0,0,1,0,0
ORD-10770,2025-08-01,Amir Thompson,Webcam HD 1080p,0.5335025826214829,0.10569283483584642,1.5741531335274555,0.22107961058303155,1.7729002906117899,0.003954072859768698,0.15948305449870348,-0.02136530825914279,-0.5019703801872472,1,1,2,0,0,2025,8,3,0,1,0,0,0,0,1,0,0,0,0,1,0,0,0,0,0,0,0,0,0,0,0,0,0,0,0,0,1,0,0,1,0,0,0,0,0,0
ORD-11176,2025-08-01,Carlos Thomas,Wireless Ergonomic Mouse,-0.9458806620828024,-0.5303173436344059,-1.180873133858159,-0.5516502227078367,-1.068985790508181,-0.528403265313706,0.057092780808732715,-0.4909930770985458,0.046629685222748754,0,2,3,1,1,2025,8,3,0,0,1,0,0,1,0,0,0,1,0,0,0,0,0,0,0,0,0,0,0,0,0,0,0,0,0,0,1,0,1,0,0,0,0,0,0,0
ORD-10310,2025-08-02,Michael Oliveira,Ballpoint Pen Pack 12,-0.9458806620828024,-0.8140815517561723,-1.180873133858159,-0.6104755754248637,-0.1823326533393493,-0.6293199527467548,-3.619648865331128,-0.8009556702017011,3.7666794669138763,0,2,0,1,1,2025,8,3,1,1,0,0,0,0,1,0,0,0,0,1,0,0,0,0,0,0,0,0,0,0,0,0,0,0,0,1,0,0,0,1,0,1,0,0,0,0
ORD-10397,2025-08-02,Yuki Robinson,Portable External SSD 1TB,-0.9458806620828024,0.527807859095203,-0.4921165670117554,-0.3473563088719034,-0.21488795211228698,-0.32824214103187377,0.4054345161246124,0.5854725684605903,-0.3702667543758221,0,2,1,1,2,2025,8,3,1,0,0,0,1,0,0,0,0,0,0,0,0,0,0,0,0,0,0,0,1,0,0,0,0,0,0,0,1,0,0,0,0,1,0,0,0,0
ORD-11289,2025-08-03,Sophie Martin,Standing Desk Converter,-0.9458806620828024,0.47546912737496605,-1.180873133858159,-0.343147028077485,-1.1168612298801484,-0.3060666441535741,0.48741833666658213,0.6076521140115271,-0.5155038354711279,0,2,1,1,2,2025,8,3,1,0,0,0,0,1,0,0,0,1,0,0,0,0,0,0,0,0,0,0,0,0,0,0,0,0,1,0,0,0,1,0,0,0,1,0,0,0
ORD-10627,2025-08-04,Oscar Müller,Wireless Ergonomic Mouse,0.5335025826214829,-0.4321979863371906,0.8853965666810519,-0.19943015523948582,-0.274253496933526,-0.2350323475958734,0.29946416293499223,-0.46454293582040984,-0.4976792846094313,1,1,3,0,2,2025,8,3,0,0,0,0,0,1,0,0,0,0,0,0,0,0,0,0,0,0,0,0,0,0,0,0,0,1,0,0,1,0,1,0,1,0,0,0,0,0
ORD-10410,2025-08-05,Karen Patel,Binder Clips Assorted 48pc,-0.9458806620828024,-0.732988046946263,-0.4921165670117554,-0.595651586540173,-0.05211145824759834,-0.6140515778469419,-1.960282017243664,-0.722845096739706,2.1591690466090148,0,2,0,1,1,2025,8,3,0,0,0,0,1,0,0,0,0,0,0,0,0,0,0,0,0,0,0,0,1,0,0,0,0,0,0,1,0,0,0,1,0,0,0,0,1,0
ORD-11465,2025-08-05,Kenji Santos,Ballpoint Pen Pack 12,-0.2061890397306598,-0.7254210013963492,0.19663999983464828,-0.5218192327300021,-0.274253496933526,-0.5057188226054127,0.11186799715336748,-0.7258758420944924,0.16116892872291044,0,2,0,2,1,2025,8,3,0,0,1,1,0,0,0,0,0,0,0,0,1,0,0,0,0,0,0,0,0,0,0,0,0,0,0,1,0,0,0,0,0,0,0,0,1,0
ORD-11264,2025-08-06,Sophie Sato,Floating Wall Shelves Set,-0.2061890397306598,-0.40079474730504855,-0.4921165670117554,-0.3238261677850925,-1.1264363177545418,-0.31137422209493765,0.3903981822260853,-0.37816669320899726,-0.5300275435806585,1,2,3,1,2,2025,8,3,0,0,0,0,0,1,0,0,0,0,0,0,0,0,0,0,0,1,0,0,0,0,0,0,0,0,1,0,0,0,0,1,0,0,0,0,0,1
ORD-11619,2025-08-06,Emma Sato,Desk Organizer Set,-0.9458806620828024,-0.5402806202751257,0.8853965666810519,-0.565663728955093,-0.4274549029238211,-0.5996556815128327,-1.1365057243743535,-0.5648330548333419,0.6331894422826543,0,2,3,0,1,2025,8,3,0,0,0,0,0,0,0,0,0,0,0,0,0,0,0,0,0,0,0,0,0,1,0,0,0,0,1,0,0,1,0,0,0,0,0,0,0,1
ORD-10670,2025-08-07,Carlos Sharma,Polarized Sunglasses,0.16365677144541152,-0.48264495666994905,0.19663999983464828,-0.30343337884318977,-0.18041763576447034,-0.2566261920970373,0.535391401961883,-0.4871357648288176,-0.41284762587876406,1,1,3,2,2,2025,8,3,0,1,0,0,0,0,0,0,0,0,0,0,0,0,0,0,1,0,0,0,0,0,0,0,0,0,0,0,0,0,1,0,0,0,0,1,0,0
ORD-10118,2025-08-09,Noah Rodriguez,Leather Wallet Minimalist,0.9033483937975542,-0.33723156468577276,-1.180873133858159,0.09741564687123687,1.227120281771364,0.2982701756904468,0.8260938573334086,-0.2800807526359098,-0.4976792846094313,1,1,2,1,0,2025,8,3,1,0,0,1,0,0,0,0,0,0,0,0,0,1,0,0,0,0,0,0,0,0,0,0,0,0,0,0,0,0,0,1,0,1,0,0,0,0
ORD-11621,2025-08-09,Carlos Sharma,Leather Wallet Minimalist,-0.9458806620828024,-0.467006395866794,-0.4921165670117554,-0.5432839503214151,-1.254742495271414,-0.5049917571339929,0.31951260813302856,-0.44690950830165266,-0.11775228383511997,0,2,3,1,1,2025,8,3,1,0,0,0,0,1,0,0,0,0,0,0,0,0,0,0,0,0,0,0,0,0,0,0,0,1,0,0,0,0,1,0,0,1,0,0,0,0
ORD-10985,2025-08-10,Ethan Wang,Wireless Bluetooth Headphones,-0.5760348509067311,0.8326336773308959,0.19663999983464828,0.022354496804310238,-0.3144688660059786,0.04983190410634923,0.5149849488138818,0.8058904124450562,-0.5775596792118496,1,2,1,2,0,2025,8,3,1,1,0,0,0,0,1,0,1,0,0,0,0,0,0,0,0,0,0,0,0,0,0,0,0,0,0,0,1,1,0,0,0,0,1,0,0,0
ORD-11180,2025-08-10,Robert Thomas,Travel Backpack 30L,0.16365677144541152,-0.43005399009804846,1.5741531335274555,-0.30521121172530435,-0.39489960415088343,-0.3140643643391904,0.31700655248327403,-0.48961546557364294,-0.44090478927217536,1,1,3,0,2,2025,8,3,1,0,0,1,0,0,0,0,0,0,0,0,0,0,0,0,0,0,0,0,0,0,1,0,0,0,0,0,0,0,0,0,0,0,1,0,0,0
ORD-10763,2025-08-11,Mary Khan,Whiteboard Markers Set 8,-0.2061890397306598,-0.6677853377911728,0.19663999983464828,-0.4895567948398636,0.23131114283444704,-0.4800534114642987,0.15590297499905423,-0.6692560084209827,0.12056856287126813,0,2,3,2,1,2025,8,3,0,1,0,0,0,0,0,0,0,0,1,0,0,0,0,0,0,0,0,0,0,0,0,0,0,0,0,1,0,0,0,1,1,0,0,0,0,0
ORD-11112,2025-08-13,Felix Leroy,Sports Water Bottle 750ml,0.16365677144541152,-0.725673236248013,0.8853965666810519,-0.4930601714016777,0.3998326894237716,-0.5257858296165953,-0.2418438574119862,-0.737034495446206,0.1958277776206539,0,1,0,0,1,2025,8,3,0,1,0,1,0,0,0,0,0,0,0,0,0,0,0,0,0,0,0,0,0,0,1,0,0,0,0,0,0,0,0,0,0,0,0,0,0,1
ORD-10369,2025-08-16,Wei Sharma,Business Casual Blazer,0.5335025826214829,0.08034323224363542,0.8853965666810519,0.252139396817622,1.6886395173171276,0.2785667014149741,0.5278732350126194,0.011284084881056106,-0.5141834983702616,1,1,2,0,0,2025,8,3,1,0,0,0,1,0,0,0,0,0,0,0,0,0,0,0,0,0,0,0,0,0,0,1,0,0,0,0,0,0,0,0,0,1,0,0,0,0
ORD-10800,2025-08-16,Kenji Williams,Leather Wallet Minimalist,2.7525774496779105,-0.5609638781115566,-0.4921165670117554,0.1547769019206402,3.5289714067755455,0.23297969635696145,0.6073509999048344,-0.5443066431122886,-0.38280995683405306,1,0,3,1,0,2025,8,3,1,0,1,1,0,0,0,0,0,0,0,0,0,1,0,0,0,0,0,0,0,0,0,0,0,0,0,0,0,0,0,1,0,1,0,0,0,0
ORD-11420,2025-08-16,Olga Yamamoto,Portable External SSD 1TB,0.16365677144541152,0.8659286777505167,-1.180873133858159,0.8514782348999018,0.4228129003223157,1.1708214479411803,0.7992432610860386,1.034160642121469,-0.637965101576488,1,1,1,1,0,2025,8,3,1,1,0,1,0,0,0,0,0,0,0,0,0,1,0,0,0,0,0,0,0,0,0,0,0,0,0,0,1,0,0,0,0,1,0,0,0,0
ORD-11366,2025-08-17,Ingrid Nilsson,Floating Wall Shelves Set,0.9033483937975542,-0.040477261703321096,0.19663999983464828,0.35653478943943934,0.12981521136587676,0.24141365582542948,0.34851125208018807,-0.052499328721948686,-0.6072672639813439,1,1,2,2,0,2025,8,3,1,1,0,0,0,0,0,0,0,0,0,0,0,0,0,0,0,0,0,0,0,1,0,0,0,0,1,0,0,0,1,0,0,0,1,0,0,0
ORD-10393,2025-08-18,William Chen,Whiteboard Markers Set 8,-0.5760348509067311,-0.812063672942862,0.19663999983464828,-0.5913638719421319,-1.1953769504501743,-0.5675193876760838,-0.40939157799557474,-0.8111499954859828,0.6404512963374195,0,2,0,2,1,2025,8,3,0,1,0,0,0,1,0,0,0,0,0,0,0,0,0,0,0,1,0,0,0,0,0,0,0,0,0,1,0,0,1,0,1,0,0,0,0,0
ORD-11899,2025-08-20,Ivan Nilsson,Polarized Sunglasses,-0.2061890397306598,-0.3548880043022383,0.8853965666810519,-0.3321662955703066,-0.6112965901121749,-0.3031583822678955,0.4559136370696679,-0.3927693753729682,-0.4475064747765075,1,2,3,0,2,2025,8,3,0,1,0,1,0,0,0,0,0,0,0,0,0,0,0,0,0,0,0,0,0,0,0,0,1,0,0,0,0,0,1,0,0,0,0,0,0,1
ORD-10028,2025-08-21,Ahmed Johansson,Wireless Ergonomic Mouse,0.9033483937975542,-0.45212453961863025,1.5741531335274555,-0.16308915956096684,-0.04253637037320511,-0.26098858492555527,0.14981683984965033,-0.5089020269222836,-0.49305810475639883,1,1,3,0,2,2025,8,3,0,1,0,1,0,0,0,0,0,0,0,0,0,0,0,0,0,0,0,0,0,0,0,0,1,0,0,0,1,0,0,1,0,0,0,1,0,0
ORD-11669,2025-08-22,Amina Sharma,Ballpoint Pen Pack 12,-0.9458806620828024,-0.7719583315283189,0.19663999983464828,-0.6049067753676519,-1.2566575128462925,-0.583951067330168,-1.005474814687188,-0.7716125447212692,1.1923522044995813,0,2,0,2,1,2025,8,3,0,0,0,0,0,1,0,0,0,1,0,0,0,0,0,0,0,0,0,0,0,0,0,0,0,0,0,1,0,1,0,0,0,0,0,0,0,0
ORD-10451,2025-08-23,Elizabeth Williams,Travel Backpack 30L,0.16365677144541152,-0.5003013962864146,-1.180873133858159,-0.2814196246264179,-0.48299041259530284,-0.1635618117553209,0.7974532213362139,-0.45820592280585654,-0.47127254259210294,1,1,3,1,2,2025,8,3,1,1,0,1,0,0,0,0,0,0,0,0,0,0,0,0,0,0,0,0,0,0,0,0,1,0,0,0,0,0,1,0,0,1,0,0,0,0
ORD-10221,2025-08-24,James Williams,Bookshelf 5-Tier,2.3827316385018396,0.1478160550636998,-1.180873133858159,1.5901677974185169,2.5197571448144775,1.7064505807360433,0.6059189681049747,0.24974863984175033,-0.6247617305678239,1,0,2,1,0,2025,8,3,1,0,1,0,0,1,0,0,0,0,0,0,0,0,0,0,0,0,0,0,0,0,0,0,0,1,1,0,0,0,0,0,0,0,1,0,0,0
ORD-11905,2025-08-24,Xiao Santos,Wireless Bluetooth Headphones,0.5335025826214829,1.2946018081531314,-1.180873133858159,1.6670329249687657,1.5794835155490423,2.147488495699209,0.8085514677851269,1.5024107994359688,-0.6465472927321197,1,1,1,1,0,2025,8,3,1,0,0,0,0,0,1,0,0,0,0,1,0,0,0,0,0,0,0,0,0,0,0,0,0,0,0,0,1,0,0,0,0,0,1,0,0,0
ORD-10781,2025-08-25,Ava Fischer,Wireless Bluetooth Headphones,3.492269072030053,1.109335309606076,1.5741531335274555,3.752117160474698,2.7304090780511334,3.0362533279626005,0.34421515668060887,0.8556221884940514,-0.6722938661990149,1,0,1,0,0,2025,8,3,0,1,0,1,0,0,0,0,0,0,0,0,0,1,0,0,0,0,0,0,0,0,0,0,0,0,0,0,1,0,1,0,1,0,0,0,0,0
ORD-11354,2025-08-25,Olga Leroy,Corner L-Shaped Desk,-0.9458806620828024,3.8414171054024426,-1.180873133858159,0.354626233551287,0.039809385346578366,0.4262336986603069,0.5912406421564126,4.284359512824912,-0.6112282752839432,1,2,1,1,0,2025,8,3,0,1,0,0,1,0,0,0,0,0,0,0,0,0,0,0,0,0,0,0,0,0,0,1,0,0,1,0,0,0,0,1,1,0,0,0,0,0
ORD-10287,2025-08-26,Hans Oliveira,Whiteboard Markers Set 8,-0.9458806620828024,-0.7047377435599183,0.8853965666810519,-0.5946580916942854,-0.5672511858899653,-0.5990740291356969,-1.431146267195493,-0.717610172945075,1.4867873779927923,0,2,0,0,1,2025,8,3,0,0,0,0,0,0,0,0,0,0,0,0,0,0,0,0,0,0,0,0,0,1,0,0,0,0,0,1,0,0,1,0,0,0,0,0,1,0
ORD-10164,2025-08-27,Hanna Sato,Mechanical Gaming Keyboard,0.16365677144541152,0.19889361252561769,0.8853965666810519,0.158594013696945,0.654530026882637,0.08116842592453646,0.354239379279627,0.12149300687328912,-0.547852094442355,1,1,2,0,0,2025,8,3,0,0,0,1,0,0,0,0,0,0,0,0,0,0,0,0,0,0,0,0,0,0,1,0,0,0,0,0,1,0,0,1,0,0,0,0,0,1
ORD-10739,2025-08-27,Amir Brown,Mechanical Gaming Keyboard,2.012885827325768,1.1288835106100201,0.19663999983464828,2.8150423639930597,0.6621900971821516,3.03290882679407,0.6313375325524849,1.097117488809532,-0.6848370686572459,1,0,1,2,0,2025,8,3,0,0,1,1,0,0,0,0,0,0,0,0,0,0,0,1,0,0,0,0,0,0,0,0,0,0,0,0,1,0,0,1,0,0,0,0,0,1
ORD-10307,2025-08-28,Ali Kim,Mechanical Gaming Keyboard,-0.5760348509067311,-0.07061932647714428,0.8853965666810519,-0.3324015969811747,-0.5212907640928768,-0.3560887485872467,0.23036862859176022,-0.12881900720157005,-0.43397301949262673,1,2,2,0,2,2025,8,3,0,0,1,1,0,0,0,0,0,0,0,0,0,0,0,0,0,0,0,0,0,0,0,0,1,0,0,0,1,1,0,0,0,0,0,1,0,0
ORD-10610,2025-08-28,Emma Wang,Smart LED Desk Lamp,0.5335025826214829,-0.20707838122725603,0.19663999983464828,0.0361065570394907,0.12790019379099812,0.04786882733351607,0.4859863048667224,-0.21629733903290502,-0.5508228529193046,1,1,2,2,0,2025,8,3,0,0,0,0,0,0,0,1,0,0,0,0,0,0,0,0,0,0,0,0,0,0,0,0,0,0,0,0,1,1,0,0,0,0,0,1,0,0
ORD-11971,2025-08-28,William Martin,Leather Wallet Minimalist,-0.9458806620828024,-0.6636234627387201,0.19663999983464828,-0.5846969986342021,-1.0843059311072105,-0.5699914102789105,-0.5167939629850546,-0.665123173846274,0.5562798061571856,0,2,3,2,1,2025,8,3,0,1,0,0,0,1,0,0,0,0,0,0,0,0,0,0,0,0,0,0,0,0,0,0,0,1,0,0,0,0,1,0,0,0,0,1,0,0
ORD-10458,2025-08-29,Wei Thompson,Bookshelf 5-Tier,-0.9458806620828024,1.0151255925096496,0.19663999983464828,-0.2714846761675422,-1.308362987368017,-0.28614505023667547,0.31987061608299344,0.9852554329874155,-0.5811906062392321,1,2,1,2,2,2025,8,3,0,0,0,0,0,1,0,0,0,0,0,0,0,0,0,0,0,0,0,0,0,0,0,0,0,1,1,0,0,0,0,1,0,0,0,0,0,0
ORD-11140,2025-08-29,Jennifer Robinson,Polarized Sunglasses,1.6430400161496967,0.028635087652557876,0.19663999983464828,0.789672397645212,0.3442971797522895,1.0744852729780754,0.7777627840881426,0.015416919455765002,-0.6366447644756217,1,0,2,2,0,2025,8,3,0,0,0,1,0,0,0,0,0,0,0,0,0,0,0,0,0,0,0,0,0,0,0,0,1,0,0,0,0,0,1,0,0,0,0,0,0,0
ORD-10037,2025-08-30,Ivan Costa,Filing Cabinet 3-Drawer,-0.5760348509067311,1.8848313610464058,0.8853965666810519,0.3567439462491,-0.5672511858899653,0.1600550295735696,0.24254089889056793,1.6867352214679787,-0.6392854386773544,1,2,1,0,0,2025,8,3,1,0,1,1,0,0,0,0,0,0,0,0,0,1,0,0,0,0,0,0,0,0,0,0,0,0,1,0,0,0,1,0,0,1,0,0,0,0
ORD-11894,2025-08-31,Elizabeth Miller,Floating Wall Shelves Set,1.2731942049736253,0.0851356944252474,0.19663999983464828,0.6855645956366777,0.6066545875106698,0.5282409843004852,0.36283157007878536,0.0709346639093522,-0.620470634990008,1,1,2,2,0,2025,8,3,1,0,1,0,0,1,0,0,0,0,0,0,0,0,0,0,0,0,0,0,0,0,0,0,0,1,1,0,0,0,1,0,0,0,1,0,0,0
ORD-10486,2025-09-01,Lucas Romano,Cotton Formal Shirt,0.5335025826214829,-0.4372426833704665,-1.180873133858159,-0.12805539394282622,-0.15360738971616894,0.037180964903647085,0.8493643740811292,-0.3893253465607109,-0.5191347624985105,1,1,3,1,0,2025,9,3,0,0,0,1,0,0,0,0,0,0,0,0,1,0,0,0,0,0,0,0,0,0,0,0,0,0,0,0,0,0,0,1,1,0,0,0,0,0
ORD-10351,2025-09-02,Fatima Johnson,Floating Wall Shelves Set,-0.2061890397306598,0.2788520605030399,-1.180873133858159,0.11514168648996763,0.24663128343347654,0.15198460284081136,0.5378974576116375,0.392882477279163,-0.562045718276669,1,2,1,1,0,2025,9,3,0,0,0,1,0,0,0,0,0,0,0,0,1,0,0,0,0,0,0,0,0,0,0,0,0,0,1,0,0,0,0,1,0,0,0,0,1,0
ORD-10798,2025-09-02,Pierre Anderson,Monitor Riser Wood,2.3827316385018396,-0.14654201682794582,0.19663999983464828,0.8186144711819893,2.766794411973829,0.5696110096242638,0.3005381867848871,-0.15678452115709918,-0.5633660553775356,1,0,2,2,0,2025,9,3,0,1,0,0,0,0,0,0,0,0,1,0,0,0,0,0,0,0,0,0,0,0,0,0,0,0,1,0,0,0,1,0,0,0,0,0,1,0
ORD-10965,2025-09-02,Clara Robinson,Bookshelf 5-Tier,-0.5760348509067311,1.1059301391086152,-1.180873133858159,0.2085302020033992,-0.3968146217257621,0.28031165854638124,0.5951787296060268,1.2963201153104933,-0.6148592023113257,1,2,1,1,0,2025,9,3,0,0,0,1,0,0,0,0,0,0,0,0,0,0,0,1,0,0,0,0,0,0,0,0,0,0,1,0,0,0,0,1,0,0,0,0,1,0
ORD-11990,2025-09-02,Jennifer Clark,Stapler Full-Size,-0.5760348509067311,-0.7780119679682499,0.19663999983464828,-0.578657595755254,0.0819397719939096,-0.5983469636642773,-1.2052432507676205,-0.7775362742783516,1.374558724419147,0,2,0,2,1,2025,9,3,0,1,0,0,1,0,0,0,0,0,0,0,0,0,0,0,0,0,0,1,0,0,0,0,0,0,0,1,0,0,1,0,0,0,0,0,1,0
ORD-10986,2025-09-03,Robert Leroy,Leather Belt Classic,-0.5760348509067311,-0.7034765693015993,1.5741531335274555,-0.5600164950942582,-0.3451091472040376,-0.5816971643687671,-0.7892380129083686,-0.728493303991808,0.5790556211471312,0,2,0,0,1,2025,9,3,0,0,0,0,0,0,0,0,0,0,0,0,0,0,1,0,0,0,0,0,0,0,0,0,0,0,0,0,0,0,1,0,0,0,0,0,0,1
ORD-11620,2025-09-03,Pierre Costa,Smart LED Desk Lamp,-0.9458806620828024,-0.13683097503888986,0.8853965666810519,-0.4945765582717166,-1.3485783564404694,-0.4838341519156809,0.15232289549940486,-0.19026048121223996,-0.36168456322019044,0,2,2,0,1,2025,9,3,0,1,0,0,0,1,0,0,0,0,0,0,0,0,0,0,0,0,0,0,0,0,0,0,0,1,0,0,1,0,0,0,0,0,0,0,0,1
ORD-10771,2025-09-05,Ayumi Singh,Paper Clips Box 500pc,0.5335025826214829,-0.8586010030748316,-1.180873133858159,-0.5648009571152431,-0.14594731941665404,-0.5608303853390229,-0.402947434896206,-0.849585357030774,0.8008722540926891,0,1,0,1,1,2025,9,3,0,0,0,1,0,0,0,0,0,0,0,0,0,0,0,0,0,0,0,0,0,0,1,0,0,0,0,1,0,0,1,0,0,0,0,0,0,0
ORD-11087,2025-09-05,Thomas Oliveira,Standing Desk Converter,-0.9458806620828024,2.1214276519070427,0.8853965666810519,-0.09665572789253755,0.053214508370729226,-0.23430528212445376,0.10649787790389341,1.9064642596899934,-0.5138534140950449,1,2,1,0,2,2025,9,3,0,1,0,0,1,0,0,0,0,0,0,0,0,0,0,0,0,0,0,0,0,0,0,1,0,0,1,0,0,0,1,0,0,0,0,0,0,0
ORD-11075,2025-09-06,Nadia Ahmed,Stapler Full-Size,-0.2061890397306598,-0.8297201125593273,-1.180873133858159,-0.5742914473535902,-0.47533034229578824,-0.5628661686589979,-0.3968612997468021,-0.8180380531104973,0.7949307371387903,0,2,0,1,1,2025,9,3,1,0,0,1,0,0,0,0,0,0,0,0,0,0,0,0,0,0,0,0,0,0,1,0,0,0,0,1,0,0,1,0,0,1,0,0,0,0
ORD-10053,2025-09-07,Diego Miller,Bookshelf 5-Tier,-0.5760348509067311,1.5366211483245402,0.8853965666810519,0.23402118818077763,-0.46767027199627337,0.05593925406627429,0.22356647754242656,1.3635475577257554,-0.6217909720908745,1,2,1,0,0,2025,9,3,1,0,1,0,0,0,0,1,0,0,0,0,0,0,0,0,0,0,0,0,0,0,0,0,0,0,1,0,0,0,1,0,0,0,1,0,0,0
ORD-11086,2025-09-07,Amina Nilsson,USB-C Hub Multiport Adapter,0.16365677144541152,-0.45250289189612586,-0.4921165670117554,-0.2613667155002135,0.867096977694171,-0.26862277237546167,0.35244933952980234,-0.4317557815277206,-0.32141428164376473,1,1,3,1,2,2025,9,3,1,0,0,0,0,0,0,1,0,0,0,0,0,0,0,0,0,0,0,0,0,0,0,0,0,0,0,0,1,0,1,0,0,0,1,0,0,0
ORD-10166,2025-09-08,Jennifer Pereira,Webcam HD 1080p,1.6430400161496967,-0.31705277655266945,-1.180873133858159,0.3744961304690383,0.9839130497617709,0.5525976775930437,0.7269256551931221,-0.2580389682374633,-0.5712880779827341,1,0,2,1,0,2025,9,3,0,0,0,0,1,0,0,0,0,0,0,0,0,0,0,0,0,0,0,1,0,0,0,0,0,0,0,0,1,0,0,0,1,0,0,0,0,0
ORD-10185,2025-09-08,Sarah Clark,Mesh Back Task Chair,-0.5760348509067311,2.775850974548752,0.19663999983464828,0.7474488666949901,0.011084121723398337,0.6082181861566477,0.38896615042622545,2.716086552875435,-0.6448968713560368,1,2,1,2,0,2025,9,3,0,0,0,0,0,0,1,0,1,0,0,0,0,0,0,0,0,0,0,0,0,0,0,0,0,0,1,0,0,0,0,1,1,0,0,0,0,0
ORD-10234,2025-09-08,Sophie Sharma,Portable External SSD 1TB,-0.5760348509067311,0.266618670197346,0.19663999983464828,-0.18884159175042092,-0.3278739890301295,-0.17810312118371407,0.44016128727121095,0.24933535638427945,-0.5085720656915792,1,2,1,2,2,2025,9,3,0,0,0,1,0,0,0,0,0,0,0,0,0,0,0,0,0,0,0,0,0,0,1,0,0,0,0,0,1,0,1,0,1,0,0,0,0,0
ORD-10145,2025-09-09,Ali Wang,Monitor Riser Wood,-0.2061890397306598,-0.40987520196494504,-0.4921165670117554,-0.3291858110326439,0.5683542360130959,-0.38117250735122493,0.11437405280312203,-0.38753445157833705,-0.2755325673886567,1,2,3,1,2,2025,9,3,0,0,0,0,0,0,0,0,0,0,0,0,0,0,1,0,0,0,0,0,0,0,0,0,0,0,1,0,0,0,1,0,0,0,0,0,1,0
ORD-10671,2025-09-09,Diego Sharma,Laptop Stand Adjustable,-0.9458806620828024,-0.05851205359728233,0.19663999983464828,-0.4718046106199252,-0.7874782070010143,-0.46667540679017694,0.16664321349800226,-0.07027051739319626,-0.2563876794260937,0,2,2,2,2,2025,9,3,0,1,0,1,0,0,0,0,0,0,0,0,0,0,0,0,0,0,0,0,0,0,0,0,1,0,0,0,1,0,0,1,0,0,0,0,1,0
ORD-11794,2025-09-09,Ali Miller,Ergonomic Office Chair,-0.5760348509067311,4.079905157650558,0.19663999983464828,1.2340521843702386,-0.02338619462441831,1.06059832247396,0.412594675123911,3.9980918379500854,-0.6666824335203326,1,2,1,2,0,2025,9,3,0,0,0,0,0,0,0,0,0,0,0,0,0,0,1,0,0,0,0,0,0,0,0,0,0,0,1,0,0,0,0,0,0,0,0,0,1,0
ORD-10111,2025-09-11,Sakura Nilsson,Sports Water Bottle 750ml,0.16365677144541152,-0.5647474008865135,0.19663999983464828,-0.3647163240737283,0.2102459495107816,-0.34721854983592687,0.3868181027264359,-0.5678638001881283,-0.27619273593909,0,1,3,2,2,2025,9,3,0,1,0,0,1,0,0,0,0,0,0,0,0,0,0,0,0,0,0,0,0,0,0,1,0,0,0,0,0,0,1,0,0,0,0,1,0,0
ORD-10643,2025-09-11,Marco Tanaka,USB-C Hub Multiport Adapter,-0.9458806620828024,-0.26685804107157474,1.5741531335274555,-0.5243029698447209,-1.032600456585486,-0.5372734640650259,-0.24148584946202126,-0.3468949115937011,-0.13194590766943406,0,2,2,0,1,2025,9,3,0,0,0,1,0,0,0,0,0,0,0,0,0,0,0,1,0,0,0,0,0,0,0,0,0,0,0,0,1,1,0,0,0,0,0,1,0,0
ORD-11831,2025-09-14,Raj Thompson,Sticky Notes Multicolor 6-Pack,-0.5760348509067311,-0.7415640319028319,0.8853965666810519,-0.5688533703024162,-0.14786233699153267,-0.5812609250859153,-0.7903120367582632,-0.7517749387626671,0.8952763568046378,0,2,0,0,1,2025,9,3,1,0,0,0,0,0,1,0,0,0,0,0,0,0,0,0,0,0,0,0,0,0,0,0,0,0,0,1,0,0,0,0,0,0,1,0,0,0
ORD-10555,2025-09-15,Ahmed Russo,Mechanical Gaming Keyboard,-0.2061890397306598,-0.037954913186683314,0.8853965666810519,-0.16460554643100578,0.623889745684578,-0.23488693450158946,0.22428249344235643,-0.09851155365370592,-0.4283615868139445,1,2,2,0,2,2025,9,3,0,0,0,0,0,0,0,0,0,0,0,0,0,0,0,0,1,0,0,0,0,0,0,0,0,0,0,0,1,0,0,1,1,0,0,0,0,0
ORD-11046,2025-09-15,Sophie White,Paper Clips Box 500pc,-0.2061890397306598,-0.8024787485796377,-0.4921165670117554,-0.5611668575473913,0.171945598013208,-0.5720999001460275,-0.6195422446249903,-0.7950319406446186,0.9223432673723994,0,2,0,1,1,2025,9,3,0,1,0,1,0,0,0,0,0,0,0,0,0,0,0,0,0,0,0,0,0,0,1,0,0,0,0,1,0,0,1,0,1,0,0,0,0,0
ORD-11931,2025-09-15,Kenji Miller,Sticky Notes Multicolor 6-Pack,2.012885827325768,-0.7950378204555559,-1.180873133858159,-0.39130538350182453,3.4140703522828244,-0.4306129594077618,0.06461094775799633,-0.7801537361756672,0.3694521063845876,0,0,0,1,2,2025,9,3,0,0,1,0,0,0,0,0,0,0,0,0,0,0,1,0,0,0,0,0,0,0,0,0,0,0,0,1,0,1,0,0,1,0,0,0,0,0
ORD-10133,2025-09-16,Patricia Weber,Smart LED Desk Lamp,-0.9458806620828024,-0.42198247484480705,-1.180873133858159,-0.5291920102705361,-0.8659939275710402,-0.5080454321139556,0.14194066495042185,-0.3726562471093856,-0.03193037227880298,0,2,3,1,1,2025,9,3,0,0,1,1,0,0,0,0,0,0,0,0,1,0,0,0,0,0,0,0,0,0,0,0,0,0,0,0,1,0,0,1,0,0,0,0,1,0
ORD-10282,2025-09-16,Patricia Pereira,Cotton Formal Shirt,-0.5760348509067311,-0.1128686641308296,-1.180873133858159,-0.2967926501364676,0.32897703915326004,-0.21576511260325246,0.6671383275489783,-0.03500366235568175,-0.3511218664132591,1,2,2,1,2,2025,9,3,0,1,0,0,1,0,0,0,0,0,0,0,0,0,0,0,0,0,0,1,0,0,0,0,0,0,0,0,0,0,1,0,0,0,0,0,1,0
ORD-10290,2025-09-16,Isabella Smith,Leather Belt Classic,-0.9458806620828024,-0.3866695956118761,1.5741531335274555,-0.5441728667624723,-1.3773036200636497,-0.5260039492580211,0.027020113011678365,-0.4515933874863225,-0.1735365263467261,0,2,3,0,1,2025,9,3,0,1,0,0,0,1,0,0,0,1,0,0,0,0,0,0,0,0,0,0,0,0,0,0,0,0,0,0,0,0,0,1,0,0,0,0,1,0
ORD-10862,2025-09-16,Isabella Khan,Standing Desk Converter,-0.5760348509067311,3.240972041016785,-1.180873133858159,1.0937341096892232,-1.2241022140733548,1.2963856548553554,0.6800266137477158,3.6284786658186343,-0.6930891755376609,1,2,1,1,0,2025,9,3,0,0,1,0,0,1,0,0,0,1,0,0,0,0,0,0,0,0,0,0,0,0,0,0,0,0,1,0,0,0,1,0,0,0,0,0,1,0
ORD-11715,2025-09-16,Olga Weber,Business Casual Blazer,-0.9458806620828024,0.4072395999999103,0.19663999983464828,-0.38489995620597045,-0.6074665549624175,-0.3411111998760017,0.5081827977645481,0.38764755348453195,-0.38776122096230214,0,2,1,2,2,2025,9,3,0,0,0,0,0,0,0,0,0,0,0,0,0,0,0,0,0,0,0,0,0,1,0,0,0,0,0,0,0,0,0,1,0,0,0,0,1,0
ORD-11753,2025-09-16,Christopher Rodriguez,Noise Cancelling Earbuds,-0.5760348509067311,1.5420441976353119,-0.4921165670117554,0.33820742399293446,-0.9004642439188568,0.5005397898393961,0.7118893212945948,1.6379677734864153,-0.6528188939612352,1,2,1,1,0,2025,9,3,0,0,0,1,0,0,0,0,0,0,0,0,0,0,0,0,0,0,0,0,0,0,1,0,0,0,0,0,1,0,0,1,0,0,0,0,1,0
ORD-10047,2025-09-17,Karen Suzuki,Folding Table Portable,0.9033483937975542,-0.11564324749913131,0.8853965666810519,0.22207310542891925,-0.35659925265330983,0.041906890467874915,0.21569030264319797,-0.1705606364061283,-0.6145291180361091,1,1,2,0,0,2025,9,3,0,0,0,1,0,0,0,0,0,0,0,0,1,0,0,0,0,0,0,0,0,0,0,0,0,0,1,0,0,1,0,0,0,0,0,0,0,1
ORD-10235,2025-09-19,Robert Tanaka,Folding Table Portable,-0.5760348509067311,0.14996005130284204,-0.4921165670117554,-0.21009715253217345,-0.6936423458319587,-0.21125730668045054,0.3972003332754189,0.19340432847322114,-0.5366292290849906,1,2,2,1,2,2025,9,3,0,1,0,1,0,0,0,0,0,0,0,0,0,0,0,0,0,0,0,0,0,0,1,0,0,0,1,0,0,0,1,0,0,0,0,0,0,0
ORD-10386,2025-09-19,Amir Dubois,Sports Water Bottle 750ml,-0.9458806620828024,-0.7994519303596723,1.5741531335274555,-0.612645577325092,-1.2030370207496892,-0.6040180743413506,-2.3558808019549144,-0.8123898458583952,2.0228442409445573,0,2,0,0,1,2025,9,3,0,0,1,0,0,1,0,0,0,1,0,0,0,0,0,0,0,0,0,0,0,0,0,0,0,0,0,0,0,0,0,0,0,0,0,0,0,0
ORD-10501,2025-09-19,Clara Hassan,Bookshelf 5-Tier,-0.9458806620828024,1.1879064658993477,-1.180873133858159,-0.19545617585593553,-0.46192521927163743,-0.16661548673528342,0.49135642411619634,1.3858648644291827,-0.5191347624985105,1,2,1,1,2,2025,9,3,0,0,0,0,0,0,0,1,0,0,0,0,0,0,0,0,0,0,0,0,0,0,0,0,0,0,1,0,0,0,0,1,0,0,0,0,0,0
ORD-10628,2025-09-19,Joseph Wang,Standing Desk Converter,-0.9458806620828024,2.065557632263513,1.5741531335274555,-0.13749359497875815,-0.9808949820637615,-0.289344138310922,0.03167421636122245,1.6912813395001582,-0.5904329659452972,1,2,1,0,2,2025,9,3,0,0,1,1,0,0,0,0,0,0,0,0,0,0,0,1,0,0,0,0,0,0,0,0,0,0,1,0,0,0,0,0,0,0,0,0,0,0
ORD-11748,2025-09-19,Susan Laurent,Tape Dispenser Heavy Duty,0.9033483937975542,-0.6720733302694571,0.19663999983464828,-0.3504936610168115,0.19684082648663073,-0.2854179847652558,0.6127211191543086,-0.6733888429956915,-0.30094905658033533,0,1,3,2,2,2025,9,3,0,0,1,0,0,0,1,0,0,0,0,1,0,0,0,0,0,0,0,0,0,0,0,0,0,0,0,1,0,0,0,1,0,0,0,0,0,0
ORD-10536,2025-09-20,Joseph Weber,Standing Desk Converter,1.2731942049736253,3.0032406933236606,-1.180873133858159,5.066667709191197,-0.2091428993876507,5.677245946347372,0.6961369714961378,3.368798893374435,-0.7079429679224081,1,1,1,1,0,2025,9,3,1,0,0,1,0,0,0,0,0,0,0,0,0,0,0,0,0,0,0,0,0,0,1,0,0,0,1,0,0,1,0,0,0,1,0,0,0,0
ORD-10653,2025-09-22,Amir Ferrari,Desk Organizer Set,-0.5760348509067311,-0.3925971146259752,0.8853965666810519,-0.44586916622201817,-0.1019019151944445,-0.5140800755267387,-0.28086672395816387,-0.42776070810550215,-0.15670222831067937,0,2,3,0,1,2025,9,3,0,1,0,0,0,0,1,0,0,0,0,0,0,0,0,0,0,0,0,0,0,0,0,0,0,0,1,0,0,0,1,0,1,0,0,0,0,0
ORD-11721,2025-09-22,Elizabeth Zhang,Leather Wallet Minimalist,1.6430400161496967,-0.7318529901137759,0.19663999983464828,-0.3454216083825434,-0.599806484662903,-0.2926159329323105,0.5572298869097438,-0.7322128551090459,-0.43298276666697694,0,0,0,2,2,2025,9,3,0,1,0,0,0,1,0,0,0,1,0,0,0,0,0,0,0,0,0,0,0,0,0,0,0,0,0,0,0,1,0,0,1,0,0,0,0,0
ORD-10548,2025-09-23,Chen Chen,Folding Table Portable,0.16365677144541152,-0.010839666632825566,0.19663999983464828,0.048655965619123186,0.2408862307088406,-0.048249227988162904,0.2822797813366755,-0.02343172554649724,-0.5465317573414887,1,1,2,2,0,2025,9,3,0,0,0,0,0,0,0,0,0,0,0,0,0,0,0,0,0,0,0,0,0,1,0,0,0,0,1,0,0,0,1,0,0,0,0,0,1,0
ORD-10940,2025-09-23,Robert Rodriguez,Tape Dispenser Heavy Duty,3.1224232608539815,-0.8110547335362067,-0.4921165670117554,-0.3645856010676904,2.6193380587081694,-0.3773190603527008,0.24218289094060305,-0.8038486544039972,0.12750033265081684,0,0,0,1,2,2025,9,3,0,0,0,1,0,0,0,0,0,0,0,0,0,0,0,1,0,0,0,0,0,0,0,0,0,0,0,1,0,1,0,0,0,0,0,0,1,0
ORD-11541,2025-09-23,Sarah Weber,Mesh Back Task Chair,0.9033483937975542,0.5660214391222674,0.8853965666810519,0.9427490377155203,-0.3336190417547654,0.6304663895820893,0.27010751103786773,0.4623140981342699,-0.6647019278690329,1,1,1,0,0,2025,9,3,0,0,1,0,0,1,0,0,0,0,0,0,0,0,0,0,0,0,0,0,0,0,0,0,0,1,1,0,0,0,1,0,0,0,0,0,1,0
ORD-10313,2025-09-24,Noah Fischer,Desk Calendar 2025,-0.9458806620828024,-0.7351320431854053,-1.180873133858159,-0.5941090550689265,-0.7185375743053815,-0.583951067330168,-0.9259970497949729,-0.7147171887427788,1.2824652116337145,0,2,0,1,1,2025,9,3,0,0,0,1,0,0,0,0,0,0,0,0,1,0,0,0,0,0,0,0,0,0,0,0,0,0,0,1,0,1,0,0,0,0,0,0,0,1
ORD-10319,2025-09-24,Hans Laurent,Stapler Full-Size,1.2731942049736253,-0.8353953967217627,-0.4921165670117554,-0.5101587405914269,0.9226324873656528,-0.5259312427108792,-0.17740242641829826,-0.8290589453097206,0.5146891874798933,0,1,0,1,1,2025,9,3,0,0,0,0,1,0,0,0,0,0,0,0,0,0,0,0,0,0,0,0,1,0,0,0,0,0,0,1,0,0,0,1,0,0,0,0,0,1
ORD-10269,2025-09-25,Chen Martinez,Bookshelf 5-Tier,-0.9458806620828024,0.3852951679051602,-0.4921165670117554,-0.3754094659676234,-0.5710812210397226,-0.385316780538317,0.24254089889056793,0.4376548518385076,-0.3940328221914176,0,2,1,1,2,2025,9,3,0,0,0,0,0,0,0,0,0,0,0,0,0,0,0,0,1,0,0,0,0,0,0,0,0,0,1,0,0,0,0,0,0,0,0,1,0,0
ORD-10505,2025-09-25,Fatima Weber,Stapler Full-Size,0.16365677144541152,-0.7257993536738448,0.19663999983464828,-0.48490305582491655,0.12981521136587676,-0.4697290817701395,0.21783835034298762,-0.7262891255519632,0.06313389898357896,0,1,0,2,2,2025,9,3,0,0,0,1,0,0,0,0,0,0,0,0,0,0,0,1,0,0,0,0,0,0,0,0,0,0,0,1,0,0,0,1,0,0,0,1,0,0
ORD-10960,2025-09-25,Olivia Ali,Highlighters Neon Pack 6,0.16365677144541152,-0.7907498279772714,-0.4921165670117554,-0.5278324910077425,-0.33553405932964403,-0.5040465720211474,0.17953149969673982,-0.7827711980729827,0.18559516508893908,0,1,0,1,1,2025,9,3,0,0,1,0,0,1,0,0,0,1,0,0,0,0,0,0,0,0,0,0,0,0,0,0,0,0,0,1,0,0,1,0,0,0,0,1,0,0
ORD-11040,2025-09-25,Diego Ferrari,Business Casual Blazer,-0.9458806620828024,0.06987548589958804,2.2629097003738594,-0.47878521914234573,-0.7644979961024699,-0.4990298202683518,-0.06283988242951971,-0.10705274510810404,-0.22866060030789898,0,2,2,3,1,2025,9,3,0,1,0,1,0,0,0,0,0,0,0,0,0,1,0,0,0,0,0,0,0,0,0,0,0,0,0,0,0,0,0,1,0,0,0,1,0,0
ORD-10552,2025-09-26,Zara Williams,Wireless Bluetooth Headphones,-0.5760348509067311,1.0085674863663914,-0.4921165670117554,0.12808326408771356,-0.8908891560444633,0.25413730157527353,0.6893348204468043,1.084443462780425,-0.6323536688978058,1,2,1,1,0,2025,9,3,0,0,0,1,0,0,0,0,0,0,0,0,0,0,0,0,0,0,0,0,0,0,1,0,0,0,0,0,1,1,0,0,0,0,0,0,0,0
ORD-10689,2025-09-26,Layla Sharma,Wireless Bluetooth Headphones,-0.5760348509067311,1.2340654437538217,0.19663999983464828,0.17213691712246504,-0.16892753031519847,0.20622368700871793,0.5361074178618129,1.2004383531772505,-0.5970346514496292,1,2,1,2,0,2025,9,3,0,1,0,0,1,0,0,0,0,0,0,0,0,0,0,0,0,0,1,0,0,0,0,0,0,0,0,0,1,1,0,0,0,0,0,0,0,0
ORD-10972,2025-09-26,Isabella White,Stapler Full-Size,-0.2061890397306598,-0.7748590323224525,2.2629097003738594,-0.5634937270548648,-0.01955615947466068,-0.5928212660814878,-0.9975986397879595,-0.7990270140668371,0.8536857381273458,0,2,0,3,1,2025,9,3,0,1,0,0,0,0,0,0,0,0,0,0,0,0,0,0,1,0,0,0,0,0,0,0,0,0,0,1,0,0,0,1,0,0,0,0,0,0
ORD-10170,2025-09-27,Fatima Li,Noise Cancelling Earbuds,2.3827316385018396,1.5779876639974022,0.19663999983464828,4.036125963392505,2.6576384102057435,4.27771762041167,0.6220293258533968,1.538504221388425,-0.6762548775016141,1,0,1,2,0,2025,9,3,1,1,0,0,0,1,0,0,0,0,0,0,0,0,0,0,0,1,0,0,0,0,0,0,0,0,0,0,1,0,1,0,0,1,0,0,0,0
ORD-11044,2025-09-27,Ingrid Wang,Premium Notebook Set A5,1.2731942049736253,-0.7566981230026595,0.19663999983464828,-0.4138681743439554,-0.44469006109772924,-0.34918162660875995,0.6223873338033616,-0.7565965790998274,-0.3098613320111836,0,1,0,2,2,2025,9,3,1,1,0,0,0,1,0,0,0,0,0,0,0,0,0,0,0,0,0,0,0,0,0,0,0,1,0,1,0,0,1,0,0,1,0,0,0,0
ORD-10850,2025-09-28,Ethan Chen,Sticky Notes Multicolor 6-Pack,-0.5760348509067311,-0.870329923677198,-1.180873133858159,-0.6108415998417697,-0.6706621349334142,-0.6113614356026892,-2.6433611857767554,-0.862397144212371,2.8655493955725473,0,2,0,1,1,2025,9,3,1,0,0,0,0,1,0,0,0,1,0,0,0,0,0,0,0,0,0,0,0,0,0,0,0,0,0,1,0,0,0,1,0,0,1,0,0,0
ORD-11071,2025-09-28,Fatima Zhang,Webcam HD 1080p,-0.5760348509067311,-0.13140792572811832,0.19663999983464828,-0.3373690712106126,-0.2551033211847392,-0.3414747326117116,0.3098463934839754,-0.14190631668814774,-0.38842138951273536,1,2,2,2,2,2025,9,3,1,0,0,0,0,0,0,0,0,0,0,0,0,0,1,0,0,0,0,0,0,0,0,0,0,0,0,0,1,0,0,1,0,0,1,0,0,0
ORD-10195,2025-09-29,Maria Ahmed,Desk Organizer Set,0.16365677144541152,-0.3968851071042597,0.19663999983464828,-0.2394313950870643,-0.21488795211228698,-0.29792351087367397,0.19707388924502148,-0.4029637006572496,-0.46764161556472034,1,1,3,2,2,2025,9,3,0,0,0,1,0,0,0,0,0,0,0,0,1,0,0,0,0,0,0,0,0,0,0,0,0,0,1,0,0,0,0,0,1,0,0,0,0,0
ORD-10204,2025-09-29,Sophie Martinez,Portable External SSD 1TB,-0.5760348509067311,0.5444553593050132,-1.180873133858159,-0.024261327148782843,0.4362180233464666,0.07440671704033369,0.6610521923995744,0.6830074644237164,-0.5105525713428789,1,2,1,1,0,2025,9,3,0,1,0,0,1,0,0,0,0,0,0,0,0,0,0,0,0,0,1,0,0,0,0,0,0,0,0,0,1,0,0,0,1,0,0,0,0,0
ORD-10542,2025-09-29,Thomas Hassan,Mesh Back Task Chair,-0.2061890397306598,1.4720490262986097,0.19663999983464828,0.7081535310800161,0.7924112922739022,0.5422006413517425,0.3578194587792764,1.4344945512582554,-0.6161795394121922,1,2,1,2,0,2025,9,3,0,1,0,0,1,0,0,0,0,0,0,0,0,0,0,0,0,0,0,1,0,0,0,0,0,0,1,0,0,0,0,0,1,0,0,0,0,0
ORD-10368,2025-09-30,Yuki Miller,Folding Table Portable,-0.5760348509067311,-0.12989451661813553,0.19663999983464828,-0.33682003458525356,-0.50214058834409,-0.3773917668998427,0.15232289549940486,-0.1405287051632448,-0.4267111654378614,1,2,2,2,2,2025,9,3,0,0,0,0,0,0,0,1,0,0,0,0,0,0,0,0,0,0,0,0,0,0,0,0,0,0,1,0,0,1,0,0,0,0,0,0,1,0
ORD-11945,2025-09-30,Sakura Rossi,Travel Backpack 30L,0.16365677144541152,-0.22889669589617404,1.5741531335274555,-0.17176916716187926,0.2753565470566569,-0.20035132460915564,0.33526495793148553,-0.3138322349960312,-0.4577390873082222,1,1,2,0,2,2025,9,3,0,0,0,1,0,0,0,0,0,0,0,0,0,1,0,0,0,0,0,0,0,0,0,0,0,0,0,0,0,1,0,0,0,0,0,0,1,0
ORD-10179,2025-10-01,Emma Johnson,Noise Cancelling Earbuds,-0.5760348509067311,1.4787332498677002,0.8853965666810519,0.21362839923887486,-0.050196440672719694,0.16194539979926065,0.40722455587443707,1.3098207082545417,-0.5970346514496292,1,2,1,0,0,2025,10,4,0,1,0,0,0,0,0,1,0,0,0,0,0,0,0,0,0,0,0,0,0,0,0,0,0,0,0,0,1,0,1,0,0,0,0,0,0,1
ORD-10299,2025-10-01,Michael Park,Tape Dispenser Heavy Duty,0.5335025826214829,-0.7471131986394354,-0.4921165670117554,-0.45844471940285814,0.15279542226442086,-0.4210156951850223,0.4351491759717019,-0.7374477789036769,-0.050085007415716226,0,1,0,1,2,2025,10,4,0,0,1,0,0,0,0,0,0,0,0,0,0,0,1,0,0,0,0,0,0,0,0,0,0,0,0,1,0,0,1,0,0,0,0,0,0,1
ORD-11130,2025-10-01,James Santos,Tablet Stand Holder,0.9033483937975542,-0.588583594368742,-1.180873133858159,-0.21522149436885665,1.2347803520708793,-0.1948983335735082,0.46128375631914187,-0.5546387295490605,-0.3263655457720138,1,1,3,1,2,2025,10,4,0,0,1,0,0,0,0,1,0,0,0,0,0,0,0,0,0,0,0,0,0,0,0,0,0,0,0,0,1,0,1,0,0,0,0,0,0,1
ORD-11984,2025-10-01,Linda Khan,Portable External SSD 1TB,-0.5760348509067311,0.4520112861702334,-0.4921165670117554,-0.09113921703774082,0.14705036953978493,-0.041996464933953835,0.5547238312599894,0.5068109503886338,-0.5082419814163627,1,2,1,1,0,2025,10,4,0,0,0,0,1,0,0,0,0,0,0,0,0,0,0,0,0,0,0,0,0,0,0,1,0,0,0,0,1,0,0,1,0,0,0,0,0,1
ORD-11703,2025-10-02,Zara Oliveira,USB-C Hub Multiport Adapter,2.3827316385018396,-0.49210376360734126,0.19663999983464828,0.17388860540337212,1.6733193767180983,0.1381703588838378,0.42476694542271876,-0.4965035231981575,-0.49437844185726526,1,0,3,2,0,2025,10,4,0,0,1,1,0,0,0,0,0,0,0,0,1,0,0,0,0,0,0,0,0,0,0,0,0,0,0,0,1,0,0,1,0,0,0,1,0,0
ORD-10918,2025-10-03,Richard Ali,Paper Clips Box 500pc,0.16365677144541152,-0.8567092416873531,-0.4921165670117554,-0.5797818136071794,-0.44086002594797197,-0.5760987602388357,-0.6818356279188887,-0.8512384908606574,0.9794478469848718,0,1,0,1,1,2025,10,4,0,1,0,0,0,1,0,0,0,0,0,0,0,0,0,0,0,1,0,0,0,0,0,0,0,0,0,1,0,0,1,0,0,0,0,0,0,0
ORD-11055,2025-10-03,David Williams,Laptop Stand Adjustable,-0.5760348509067311,-0.2060694418206008,0.8853965666810519,-0.38014163878619317,-1.1953769504501743,-0.3773917668998427,0.3008961947348521,-0.254594939425206,-0.4989996217102977,0,2,2,0,2,2025,10,4,0,0,0,0,0,1,0,0,0,0,0,0,0,0,0,0,0,0,0,0,0,0,0,0,0,1,0,0,1,0,1,0,0,0,0,0,0,0
ORD-11567,2025-10-03,Mary Anderson,Desk Calendar 2025,-0.5760348509067311,-0.6961617586033494,-0.4921165670117554,-0.5433623841250377,-0.6495969416097488,-0.5148798475453004,0.17917349174677483,-0.684547496347405,0.18559516508893908,0,2,0,1,1,2025,10,4,0,0,0,0,0,1,0,0,0,0,0,0,0,0,0,0,0,1,0,0,0,0,0,0,0,0,0,1,0,0,0,0,0,0,0,0,0,0
ORD-10649,2025-10-04,Wei Zhang,Laptop Stand Adjustable,-0.5760348509067311,-0.07276332271628654,-0.4921165670117554,-0.2978384341847703,-0.7185375743053815,-0.25117320106138985,0.535391401961883,-0.03775888540548742,-0.4904174305546661,1,2,2,1,2,2025,10,4,1,0,0,1,0,0,0,0,0,0,0,0,0,1,0,0,0,0,0,0,0,0,0,0,0,0,0,0,1,0,0,1,0,1,0,0,0,0
ORD-10238,2025-10-05,Ava Rossi,Bookshelf 5-Tier,-0.9458806620828024,0.697814149116599,-0.4921165670117554,-0.31386507472500924,-0.5672511858899653,-0.32242561726051644,0.3112784252838351,0.7619446048006534,-0.4574090030330056,1,2,1,1,2,2025,10,4,1,1,0,0,0,0,0,0,0,0,1,0,0,0,0,0,0,0,0,0,0,0,0,0,0,0,1,0,0,0,0,1,0,0,1,0,0,0
ORD-10719,2025-10-05,Sophie Tanaka,Filing Cabinet 3-Drawer,-0.2061890397306598,0.9088086025333612,-0.4921165670117554,0.4498971603516634,-0.17850261818959168,0.4453555205586439,0.49887459106545995,0.9808470761077263,-0.6303731632465062,1,2,1,1,0,2025,10,4,1,0,0,1,0,0,0,0,0,0,0,0,0,0,0,0,0,0,0,0,0,0,1,0,0,0,1,0,0,0,0,1,0,0,1,0,0,0
ORD-10890,2025-10-05,Olga Garcia,Corner L-Shaped Desk,-0.5760348509067311,2.876871032640101,-0.4921165670117554,0.8639753542771191,-0.9598297887400961,0.8992624943659374,0.5529337915101648,3.0231561617762943,-0.6802158888042134,1,2,1,1,0,2025,10,4,1,1,0,0,0,1,0,0,0,0,0,0,0,0,0,0,0,1,0,0,0,0,0,0,0,0,1,0,0,0,1,0,0,0,1,0,0,0
ORD-11052,2025-10-05,Lucas Hassan,Ergonomic Office Chair,0.16365677144541152,3.2829691438188067,-0.4921165670117554,2.6812604396139363,-0.5098006586436046,2.74404571499904,0.5733402446581659,3.444567527244095,-0.6990306924915598,1,1,1,1,0,2025,10,4,1,0,0,1,0,0,0,0,0,0,0,0,0,0,0,0,0,0,0,0,0,0,0,0,1,0,1,0,0,0,0,0,0,0,1,0,0,0
ORD-11200,2025-10-05,Sakura Harris,Smart LED Desk Lamp,4.231960694382195,-0.20342097587813096,-1.180873133858159,1.6097762483241926,3.025321784582451,2.0209791036721882,0.774898720488423,-0.13391616984371077,-0.615519370861759,1,0,2,1,0,2025,10,4,1,1,0,0,0,0,0,0,0,0,1,0,0,0,0,0,0,0,0,0,0,0,0,0,0,0,0,0,1,0,1,0,0,0,1,0,0,0
ORD-11081,2025-10-07,Amir Williams,Wireless Ergonomic Mouse,2.012885827325768,-0.16281116476026042,-1.180873133858159,0.7882605891800032,-0.084666757020536,1.1109839596433424,0.8124895552347411,-0.089557078741837,-0.6501782197595024,1,0,2,1,0,2025,10,4,0,0,0,0,0,1,0,0,0,0,0,0,0,0,0,0,0,1,0,0,0,0,0,0,0,0,0,0,1,0,1,0,0,0,0,0,1,0
ORD-11832,2025-10-07,Giulia Garcia,Premium Notebook Set A5,-0.9458806620828024,-0.8080279153162412,0.19663999983464828,-0.6116520824792043,-0.41979483262430617,-0.6251756795596627,-3.531578909639754,-0.8071549220637643,3.5181260076757734,0,2,0,2,1,2025,10,4,0,1,0,0,0,0,1,0,0,0,0,0,0,0,0,0,0,0,0,0,0,0,0,0,0,0,0,1,0,0,1,0,0,0,0,0,1,0
ORD-10836,2025-10-09,Jessica Garcia,Sticky Notes Multicolor 6-Pack,1.2731942049736253,-0.7495094297302414,-1.180873133858159,-0.37904356553547536,-0.1363722315422608,-0.27705673184392976,0.8042553723855475,-0.730421960126672,-0.3121719219376998,0,1,0,1,2,2025,10,4,0,0,0,1,0,0,0,0,0,0,0,0,0,1,0,0,0,0,0,0,0,0,0,0,0,0,0,1,0,0,1,0,0,0,0,1,0,0
ORD-10981,2025-10-09,Sophie Leroy,Mechanical Gaming Keyboard,-0.9458806620828024,0.1080890659266526,0.19663999983464828,-0.44071867978412727,-0.3776644459769753,-0.44864418309896936,0.14444672060017638,0.09352749291775998,-0.23625253863788087,0,2,2,2,2,2025,10,4,0,0,0,0,0,0,1,0,1,0,0,0,0,0,0,0,0,0,0,0,0,0,0,0,0,0,0,0,1,0,1,0,0,0,0,1,0,0
ORD-11230,2025-10-09,Liam Rodriguez,Floating Wall Shelves Set,-0.5760348509067311,-0.2845144806880402,-1.180873133858159,-0.36795825462346665,-0.20339784666301478,-0.368303448507097,0.29803213113513255,-0.22249659089496807,-0.3408892538815444,0,2,2,1,2,2025,10,4,0,0,0,1,0,0,0,0,0,0,0,0,1,0,0,0,0,0,0,0,0,0,0,0,0,0,1,0,0,1,0,0,0,0,0,1,0,0
ORD-11975,2025-10-09,Kenji Moreau,Laptop Stand Adjustable,0.9033483937975542,-0.4738167368617164,-0.4921165670117554,-0.10052512887125753,0.7790061692497513,-0.07696831410923947,0.4927884559160561,-0.45393532707865747,-0.45080731752867353,1,1,3,1,0,2025,10,4,0,0,0,0,0,1,0,0,0,1,0,0,0,0,0,0,0,0,0,0,0,0,0,0,0,0,0,0,1,0,0,0,0,0,0,1,0,0
ORD-10214,2025-10-10,Felix Robinson,Filing Cabinet 3-Drawer,-0.2061890397306598,1.1552420526088865,0.19663999983464828,0.5308147010890851,0.6641051147570305,0.38268247692226925,0.34528918053050367,1.1230165854777068,-0.6042965055043944,1,2,1,2,0,2025,10,4,0,1,0,0,0,0,0,0,0,0,1,0,0,0,0,0,0,0,0,0,0,0,0,0,0,0,1,0,0,1,0,0,0,0,0,0,0,0
ORD-11024,2025-10-10,Zara Wang,Tablet Stand Holder,-0.9458806620828024,-0.5248942943236343,1.5741531335274555,-0.5671016820215091,-0.5787412913392372,-0.5917306678743584,-0.9918705125885205,-0.5724099182203078,0.5595806489093514,0,2,3,0,1,2025,10,4,0,1,0,0,0,0,0,0,0,0,0,0,0,0,1,0,0,0,0,0,0,0,0,0,0,0,0,0,1,0,1,0,0,0,0,0,0,0
ORD-11096,2025-10-10,Felix Smith,Floating Wall Shelves Set,-0.5760348509067311,-0.0312706896175928,0.19663999983464828,-0.30000843608499844,-0.01955615947466068,-0.36154173962289415,0.11759612435280642,-0.043544853810079776,-0.39436290646663424,1,2,2,2,2,2025,10,4,0,0,0,0,1,0,0,0,0,0,0,0,0,0,0,0,0,0,0,0,1,0,0,0,0,0,1,0,0,0,1,0,0,0,0,0,0,0
ORD-11285,2025-10-10,Ivan Davis,USB-C Hub Multiport Adapter,-0.9458806620828024,-0.33256521992999266,0.19663999983464828,-0.5229434505819275,-1.0479205971845156,-0.5121169987539056,0.045994534359819844,-0.339731331664206,-0.14547936295331482,0,2,2,2,1,2025,10,4,0,0,0,0,0,1,0,0,0,0,0,0,0,0,0,0,0,0,0,0,0,0,0,0,0,1,0,0,1,0,0,1,0,0,0,0,0,0
ORD-10068,2025-10-11,Amir Tanaka,Leather Belt Classic,-0.2061890397306598,-0.4822666043924534,0.8853965666810519,-0.3994886436797932,0.5453740251145518,-0.4242147832592688,0.1272623390018596,-0.510968444209638,-0.14481919440288152,0,2,3,0,2,2025,10,4,1,0,1,0,0,0,0,0,0,0,1,0,0,0,0,0,0,0,0,0,0,0,0,0,0,0,0,0,0,0,0,1,0,1,0,0,0,0
ORD-10099,2025-10-11,Robert Khan,Tablet Stand Holder,-0.9458806620828024,-0.5335963967060352,0.8853965666810519,-0.5644872219007524,-0.1746725830398344,-0.597038245815722,-1.0802984762298589,-0.5586338029712787,0.7751256806257939,0,2,3,0,1,2025,10,4,1,0,0,0,0,0,1,0,0,0,0,0,0,0,0,0,0,0,0,0,0,0,0,0,0,0,0,0,1,0,1,0,0,1,0,0,0,0
ORD-10284,2025-10-12,Michael Smith,Cotton Formal Shirt,-0.5760348509067311,-0.19875463112235084,-0.4921165670117554,-0.34746088727673363,-1.1092011595806335,-0.2525546254570872,0.7466160924411933,-0.16849421911877396,-0.5112127398933121,0,2,2,1,2,2025,10,4,1,1,0,0,0,1,0,0,0,1,0,0,0,0,0,0,0,0,0,0,0,0,0,0,0,0,0,0,0,0,0,1,0,0,1,0,0,0
ORD-10930,2025-10-12,Maria Weber,Laptop Stand Adjustable,0.16365677144541152,-0.08209601222784697,-1.180873133858159,0.06536236579075885,1.3401063186892066,0.15227542902937918,0.6281154610028007,-0.0013899411480507136,-0.4798547337477347,1,1,2,1,0,2025,10,4,1,0,0,0,1,0,0,0,0,0,0,0,0,0,0,0,0,0,1,0,0,0,0,0,0,0,0,0,1,0,1,0,0,0,1,0,0,0
ORD-11283,2025-10-13,Li Wang,Cotton Formal Shirt,-0.2061890397306598,-0.5282994648210956,-1.180873133858159,-0.38683465669533046,-0.24169819816058838,-0.3192992357334119,0.6316955405024498,-0.4887888986587012,-0.3184435231668153,0,2,3,1,2,2025,10,4,0,1,0,0,0,0,0,0,0,0,1,0,0,0,0,0,0,0,0,0,0,0,0,0,0,0,0,0,0,1,0,0,1,0,0,0,0,0
ORD-11051,2025-10-14,Jennifer Dubois,Laptop Stand Adjustable,-0.9458806620828024,-0.5124086691662766,-1.180873133858159,-0.547937689336362,-0.3776644459769753,-0.5499971098148698,-0.30163118505612996,-0.4714309934449244,0.3777042132650027,0,2,3,1,1,2025,10,4,0,0,0,0,0,0,0,0,0,0,1,0,0,0,0,0,0,0,0,0,0,0,0,0,0,0,0,0,1,0,1,0,0,0,0,0,1,0
ORD-11201,2025-10-14,Elizabeth Garcia,Whiteboard Markers Set 8,-0.9458806620828024,-0.6491199587680521,1.5741531335274555,-0.5877036277730724,-0.3221289363054932,-0.6035091285113569,-1.447256624943915,-0.6809657063826575,1.3917231067304106,0,2,3,0,1,2025,10,4,0,0,1,0,0,0,0,0,0,0,0,0,0,0,0,0,0,0,0,0,0,1,0,0,0,0,0,1,0,0,0,0,0,0,0,0,1,0
ORD-11266,2025-10-14,Chen Tanaka,Ballpoint Pen Pack 12,-0.9458806620828024,-0.755941418447668,-0.4921165670117554,-0.6001746025490822,-0.5691662034648439,-0.601109812455672,-1.628408647626171,-0.7466777761205264,1.8512004178319228,0,2,0,1,1,2025,10,4,0,0,1,0,0,0,0,0,0,0,0,0,0,0,0,0,1,0,0,0,0,0,0,0,0,0,0,1,0,0,0,1,0,0,0,0,1,0
ORD-11360,2025-10-14,Thomas Smith,Travel Backpack 30L,0.5335025826214829,-0.5282994648210956,-1.180873133858159,-0.22243740430214537,-0.27042346178376875,-0.08961925331194151,0.8117735393348111,-0.4887888986587012,-0.4844759136007672,1,1,3,1,0,2025,10,4,0,0,1,0,0,1,0,0,0,1,0,0,0,0,0,0,0,0,0,0,0,0,0,0,0,0,0,0,0,1,0,0,0,0,0,0,1,0
ORD-11842,2025-10-14,Olivia Anderson,Ballpoint Pen Pack 12,0.16365677144541152,-0.8613755864431333,-0.4921165670117554,-0.5834682023774465,-0.025301212199296957,-0.5972563654571478,-1.2242176721157618,-0.8560601311978177,1.4798556082132432,0,1,0,1,1,2025,10,4,0,0,1,0,0,1,0,0,0,0,0,0,0,0,0,0,0,1,0,0,0,0,0,0,0,0,0,1,0,0,1,0,0,0,0,0,1,0
ORD-10097,2025-10-15,Sarah Kim,Desk Calendar 2025,-0.2061890397306598,-0.8263149420618662,-1.180873133858159,-0.5721737346557773,-0.2014828290881361,-0.5699914102789105,-0.557606869281057,-0.8143185019932594,0.9437987452614786,0,2,0,1,1,2025,10,4,0,0,0,1,0,0,0,0,0,0,0,0,0,0,0,0,0,0,0,0,0,0,0,0,1,0,0,1,0,0,0,1,0,0,0,0,0,1
ORD-11482,2025-10-16,James Williams,Floating Wall Shelves Set,0.9033483937975542,-0.12232747106822173,0.19663999983464828,0.26489796220691497,0.8441167667956266,0.12930016013251797,0.2962420913853078,-0.13295184177627875,-0.5594050440749363,1,1,2,2,0,2025,10,4,0,1,0,0,0,1,0,0,0,0,0,0,0,0,0,0,0,1,0,0,0,0,0,0,0,0,1,0,0,1,0,0,0,0,0,1,0,0
ORD-11752,2025-10-16,Ahmed Rodriguez,Bookshelf 5-Tier,0.16365677144541152,0.43397649427627216,0.19663999983464828,0.3806139671516092,1.0854089812303416,0.22738129222703,0.30519229013443117,0.4138221724576872,-0.5676571509553514,1,1,1,2,0,2025,10,4,0,0,1,0,1,0,0,0,0,0,0,0,0,0,0,0,0,0,0,0,1,0,0,0,0,0,1,0,0,0,1,0,0,0,0,1,0,0
ORD-10502,2025-10-17,Sarah Johnson,Desk Calendar 2025,0.16365677144541152,-0.781543255891543,-1.180873133858159,-0.5146294673979209,-0.17658760061471304,-0.48296167334997725,0.30841436168411557,-0.765413292859206,0.14433463068686359,0,1,0,1,1,2025,10,4,0,0,0,0,0,1,0,0,0,0,0,0,0,0,0,0,0,0,0,0,0,0,0,0,0,1,0,1,0,0,1,0,0,0,0,0,0,0
ORD-11192,2025-10-17,Giulia Oliveira,Silk Tie Collection,-0.5760348509067311,-0.5262815860077852,0.8853965666810519,-0.49298173759805497,-0.5346958871170276,-0.4902323280641739,0.08394337705610268,-0.5518835064992546,-0.10454891282645586,0,2,3,0,1,2025,10,4,0,1,0,1,0,0,0,0,0,0,0,0,0,0,0,1,0,0,0,0,0,0,0,0,0,0,0,0,0,0,1,0,0,0,0,0,0,0
ORD-11691,2025-10-17,Christopher Davis,Webcam HD 1080p,0.16365677144541152,-0.33723156468577276,-0.4921165670117554,-0.1705665155063312,1.1658397193752459,-0.17366802180805416,0.4068665479244721,-0.3121791011661478,-0.37158709147668856,1,1,2,1,2,2025,10,4,0,0,0,0,0,0,0,1,0,0,0,0,0,0,0,0,0,0,0,0,0,0,0,0,0,0,0,0,1,1,0,0,0,0,0,0,0,0
ORD-10733,2025-10-18,Mary Martinez,Webcam HD 1080p,-0.5760348509067311,-0.4180728346440183,-1.180873133858159,-0.4233325199810949,-0.4963955356194537,-0.389606466819693,0.4351491759717019,-0.3683856513821866,-0.3022693936812017,0,2,3,1,2,2025,10,4,1,1,0,1,0,0,0,0,0,0,0,0,0,0,0,0,0,0,0,0,0,0,0,0,1,0,0,0,1,0,1,0,0,1,0,0,0,0
ORD-10809,2025-10-18,William Rodriguez,Tablet Stand Holder,-0.9458806620828024,-0.4629706382401733,1.5741531335274555,-0.5568268537469351,-1.3064479697931384,-0.5551592746619495,-0.34029604365234273,-0.5182697852916235,-0.04084264770965128,0,2,3,0,1,2025,10,4,1,1,0,0,0,1,0,0,0,0,0,0,0,0,0,0,0,0,0,0,0,0,0,0,0,1,0,0,1,0,0,0,0,1,0,0,0,0
ORD-10125,2025-10-19,Priya Harris,Floating Wall Shelves Set,0.5335025826214829,-0.4425396152554061,0.19663999983464828,-0.18353423770528468,-0.6227866955614471,-0.23066995476735544,0.27619364618727166,-0.4477360752165943,-0.5405902403875898,1,1,3,2,2,2025,10,4,1,0,1,0,0,1,0,0,0,0,0,0,0,0,0,0,0,0,0,0,0,0,0,0,0,1,1,0,0,0,0,1,0,0,1,0,0,0
ORD-10743,2025-10-19,Liam Smith,Cotton Formal Shirt,0.16365677144541152,-0.17315279367847589,-1.180873133858159,-0.01014324249669632,0.35961732035131905,0.18164887407473346,0.8515124217809186,-0.1008534932460409,-0.5211152681498102,1,1,2,1,0,2025,10,4,1,0,0,1,0,0,0,0,0,0,0,0,0,1,0,0,0,0,0,0,0,0,0,0,0,0,0,0,0,1,0,0,0,0,1,0,0,0
ORD-10175,2025-10-20,Jamal Brown,Wool Blend Scarf,0.9033483937975542,-0.4145415467207252,-1.180873133858159,0.0012558036298031192,1.0413635770081315,0.1716153705691422,0.8031813485356529,-0.3645283391124584,-0.4765538909955686,1,1,3,1,0,2025,10,4,0,1,0,0,0,0,0,0,0,0,0,0,0,0,0,0,1,0,0,0,0,0,0,0,0,0,0,0,0,0,1,0,1,0,0,0,0,0
ORD-11232,2025-10-20,Felix Fischer,Desk Calendar 2025,-0.9458806620828024,-0.6875857736467803,1.5741531335274555,-0.5940829104677189,-0.21488795211228698,-0.6152875891483554,-1.9513318184945405,-0.7145794275902886,1.857802103336255,0,2,3,0,1,2025,10,4,0,1,0,0,0,0,1,0,0,0,0,0,0,0,0,0,0,0,0,0,0,0,0,0,0,0,0,1,0,1,0,0,1,0,0,0,0,0
ORD-10431,2025-10-21,Pierre Wang,Whiteboard Markers Set 8,-0.2061890397306598,-0.8263149420618662,0.8853965666810519,-0.5813504896796335,-0.6802372228078079,-0.5773347715402491,-0.7111922798160132,-0.8304365568346235,0.8236480690826347,0,2,0,0,1,2025,10,4,0,1,0,1,0,0,0,0,0,0,0,0,0,0,0,0,0,0,0,0,0,0,1,0,0,0,0,1,0,0,0,0,0,0,0,0,1,0
ORD-10729,2025-10-21,Layla Smith,Smart LED Desk Lamp,2.7525774496779105,-0.15196506613871735,0.19663999983464828,0.9526839861743959,0.715810589278755,1.0168289810944964,0.577636340057745,-0.16215720610422055,-0.6353244273747553,1,0,2,2,0,2025,10,4,0,0,1,0,0,0,0,1,0,0,0,0,0,0,0,0,0,0,0,0,0,0,0,0,0,0,0,0,1,0,0,1,0,0,0,0,1,0
ORD-11215,2025-10-21,Sophie Martinez,Travel Backpack 30L,2.7525774496779105,0.07782088372699746,-1.180873133858159,1.6529148403166793,0.27727156463153557,2.4972069874520653,1.0147640469649282,0.1732912002096387,-0.6716336976485816,1,0,2,1,0,2025,10,4,0,0,0,0,0,1,0,0,0,0,0,0,0,0,0,0,0,0,0,0,0,0,0,0,0,1,0,0,0,0,1,0,0,0,0,0,1,0
ORD-11197,2025-10-22,Robert Park,Monitor Riser Wood,2.7525774496779105,-0.379480902339458,-0.4921165670117554,0.5479394148800419,3.0444719603312382,0.42347084986891226,0.3742878244776632,-0.3559871476580604,-0.5155038354711279,1,0,3,1,0,2025,10,4,0,0,0,0,0,1,0,0,0,0,0,0,0,0,0,0,0,0,0,0,0,0,0,0,0,1,1,0,0,0,1,0,0,0,0,0,0,1
ORD-10216,2025-10-23,Jennifer Brown,Binder Clips Assorted 48pc,-0.9458806620828024,-0.7643912859784051,0.19663999983464828,-0.6034949669024433,-0.7989683124502862,-0.5993648553242648,-1.6545432279736112,-0.7641734424867933,1.7907949954672844,0,2,0,2,1,2025,10,4,0,0,1,1,0,0,0,0,0,0,0,0,1,0,0,0,0,0,0,0,0,0,0,0,0,0,0,1,0,0,1,0,0,0,0,1,0,0
ORD-10731,2025-10-24,Ingrid Jackson,Folding Table Portable,1.6430400161496967,0.3190835193434148,-0.4921165670117554,1.3263426266329523,2.425921283645422,1.2444731801959916,0.48025817766728335,0.3689120367458524,-0.6132087809352428,1,0,1,1,0,2025,10,4,0,0,1,0,0,0,0,0,0,0,1,0,0,0,0,0,0,0,0,0,0,0,0,0,0,0,1,0,0,0,1,0,0,0,0,0,0,0
ORD-10251,2025-10-25,Pierre Fischer,Tape Dispenser Heavy Duty,0.16365677144541152,-0.6522728944138495,0.19663999983464828,-0.4300255378902322,-0.5634211507402077,-0.36714014375282555,0.6152271748040632,-0.6539645204945603,-0.3032596465068515,0,1,3,2,2,2025,10,4,1,0,0,1,0,0,0,0,0,0,0,0,0,0,0,0,0,0,0,0,0,0,0,0,1,0,0,1,0,0,0,0,0,1,0,0,0,0
ORD-11679,2025-10-25,Elizabeth Schmidt,Business Casual Blazer,-0.5760348509067311,0.1156561114765663,0.8853965666810519,-0.26675250334897244,-0.8142884530493157,-0.22056374471462217,0.5368234337617427,0.044071239173745565,-0.52210552097546,1,2,2,0,2,2025,10,4,1,1,0,0,0,1,0,0,0,1,0,0,0,0,0,0,0,0,0,0,0,0,0,0,0,0,0,0,0,0,0,1,0,1,0,0,0,0
ORD-10019,2025-10-26,Linda Zhang,Sports Water Bottle 750ml,2.3827316385018396,-0.780282081633224,-1.180873133858159,-0.3338134054463834,0.1566254574141785,-0.2606977587369874,0.6449418346511525,-0.7640356813343031,-0.33065664134982964,1,0,0,1,2,2025,10,4,1,0,0,0,0,1,0,0,0,1,0,0,0,0,0,0,0,0,0,0,0,0,0,0,0,0,0,0,0,0,0,1,0,0,1,0,0,0
ORD-11773,2025-10-26,Christopher White,Business Casual Blazer,1.2731942049736253,0.9402118415655034,-0.4921165670117554,1.9376295474670904,0.9781679970371353,2.678318996382702,0.913805805074817,1.0134964692479254,-0.6653620964194661,1,1,1,1,0,2025,10,4,1,1,0,0,0,1,0,0,0,0,0,0,0,0,0,0,0,1,0,0,0,0,0,0,0,0,0,0,0,0,0,1,0,0,1,0,0,0
ORD-11593,2025-10-27,Pierre Weber,Wireless Bluetooth Headphones,-0.9458806620828024,2.226861819902508,0.19663999983464828,-0.04541230952570505,-0.44086002594797197,-0.018730369848524712,0.5067507659646885,2.176476118570964,-0.5702978251570842,1,2,1,2,0,2025,10,4,0,0,0,0,0,0,0,0,0,0,0,0,0,0,0,0,0,0,0,0,0,1,0,0,0,0,0,0,1,0,0,1,1,0,0,0,0,0
ORD-11605,2025-10-27,Hans Rossi,Wireless Bluetooth Headphones,1.6430400161496967,-0.330925693394178,0.19663999983464828,0.25300216865747166,1.4760725665055934,0.23123473922555418,0.45806168476945763,-0.33807819783432247,-0.5250762794524094,1,0,2,2,0,2025,10,4,0,0,0,1,0,0,0,0,0,0,0,0,1,0,0,0,0,0,0,0,0,0,0,0,0,0,0,0,1,0,0,0,1,0,0,0,0,0
ORD-11010,2025-10-28,Robert Russo,Premium Notebook Set A5,-0.2061890397306598,-0.7421946190319914,1.5741531335274555,-0.5425780460888107,0.4228129003223157,-0.5768985322573973,-0.7072541923663989,-0.7623825475044196,0.7094389098576896,0,2,0,0,1,2025,10,4,0,1,0,0,0,0,0,0,0,0,0,0,0,0,1,0,0,0,0,0,0,0,0,0,0,0,0,1,0,0,1,0,0,0,0,0,1,0
ORD-11334,2025-10-28,Layla Rodriguez,Monitor Riser Wood,0.5335025826214829,-0.3584192922255314,1.5741531335274555,-0.16376891919236364,-0.17850261818959168,-0.3380575248960392,-0.059975818829800305,-0.42693414119056033,-0.5059313914898464,1,1,3,0,2,2025,10,4,0,0,0,0,0,0,0,0,0,0,1,0,0,0,0,0,0,0,0,0,0,0,0,0,0,0,1,0,0,0,0,1,0,0,0,0,1,0
ORD-11646,2025-10-28,Zara Suzuki,Whiteboard Markers Set 8,-0.2061890397306598,-0.7008281033591294,0.8853965666810519,-0.5150216364160345,0.5453740251145518,-0.5371280509707419,-0.27692863650854965,-0.713890621827837,0.4222655904192443,0,2,0,0,1,2025,10,4,0,0,0,0,1,0,0,0,0,0,0,0,0,0,0,0,0,0,0,0,1,0,0,0,0,0,0,1,0,1,0,0,0,0,0,0,1,0
ORD-11500,2025-10-29,Ali Yamamoto,Cotton Formal Shirt,-0.9458806620828024,-0.41340648988823814,0.8853965666810519,-0.5433100949226226,-0.2608483739093755,-0.558212949641912,-0.440180261692559,-0.4470472694541429,0.3793546346410856,0,2,3,0,1,2025,10,4,0,0,0,0,0,0,1,0,1,0,0,0,0,0,0,0,0,0,0,0,0,0,0,0,0,0,0,0,0,0,0,1,0,0,0,0,0,1
ORD-11531,2025-10-30,Wei White,Ergonomic Office Chair,-0.2061890397306598,4.29758383463641,0.19663999983464828,2.2896404581257808,0.039809385346578366,2.0367564244019944,0.4347911680217368,4.212172668919998,-0.6871476585837621,1,2,1,2,0,2025,10,4,0,0,1,1,0,0,0,0,0,0,0,0,1,0,0,0,0,0,0,0,0,0,0,0,0,0,1,0,0,0,0,1,0,0,0,1,0,0
ORD-11972,2025-10-30,Emma Miller,Travel Backpack 30L,0.16365677144541152,0.21377546877378154,0.8853965666810519,0.1690779987811796,-0.28191356723304095,0.2582815747623655,0.6241773735531865,0.13526912212231826,-0.6029761684035281,1,1,1,0,0,2025,10,4,0,0,0,1,0,0,0,0,0,0,0,0,0,0,0,0,0,0,0,0,0,0,1,0,0,0,0,0,0,0,1,0,0,0,0,1,0,0
ORD-10566,2025-10-31,Giulia Harris,Wireless Bluetooth Headphones,-0.5760348509067311,1.8184935950588283,0.19663999983464828,0.3902351803959941,-0.8430137166724961,0.4677491370783695,0.5980427932057463,1.7750401202142552,-0.6541392310621017,1,2,1,2,0,2025,10,4,0,0,1,1,0,0,0,0,0,0,0,0,0,0,0,1,0,0,0,0,0,0,0,0,0,0,0,0,1,0,0,0,0,0,0,0,0,0
ORD-11915,2025-10-31,Jamal Rossi,Polarized Sunglasses,0.16365677144541152,-0.03076621991426514,-1.180873133858159,0.107925776556679,-0.8908891560444633,0.39329763280499636,0.9692970373193818,0.05467884791549794,-0.6297129946960729,1,1,2,1,0,2025,10,4,0,0,0,0,0,1,0,0,0,0,0,0,0,0,0,0,0,0,0,0,0,0,0,0,0,1,0,0,0,1,0,0,0,0,0,0,0,0
ORD-11125,2025-11-01,Sophie Schmidt,Mesh Back Task Chair,-0.5760348509067311,1.3207081153003344,-1.180873133858159,0.2975787137163745,-0.23978318058570972,0.3733760388880976,0.598400801155711,1.5309273580014593,-0.6178299607882752,1,2,1,1,0,2025,11,4,1,0,1,0,0,0,1,0,0,0,0,1,0,0,0,0,0,0,0,0,0,0,0,0,0,0,1,0,0,0,0,1,0,1,0,0,0,0
ORD-11490,2025-11-01,Wei Jackson,Standing Desk Converter,2.3827316385018396,3.1212866039023157,1.5741531335274555,6.076738232244364,2.6997687968530744,3.8912823223521205,0.140866641100527,2.6138677777276396,-0.6911086698863612,1,0,1,0,0,2025,11,4,1,0,1,1,0,0,0,0,0,0,0,0,0,0,0,0,0,0,0,0,0,0,0,0,1,0,1,0,0,0,0,0,0,1,0,0,0,0
ORD-11608,2025-11-01,Isabella Sato,Travel Backpack 30L,0.9033483937975542,0.24782717374839353,-1.180873133858159,0.8251244768826735,1.1045591569791287,1.3147804112822727,0.9535446875209246,0.3589932337665514,-0.6151892865865423,1,1,1,1,0,2025,11,4,1,0,0,0,0,0,1,0,0,0,0,0,0,0,0,0,0,0,0,0,0,0,0,0,0,0,0,0,0,0,0,1,0,1,0,0,0,0
ORD-11119,2025-11-02,Diego Suzuki,USB-C Hub Multiport Adapter,-0.5760348509067311,-0.14313684633048468,0.8853965666810519,-0.3579448723609682,-0.984725017213519,-0.3635775229428692,0.2833538051865703,-0.1961842107693225,-0.4828254922246841,0,2,2,0,2,2025,11,4,1,1,0,0,0,1,0,0,0,0,0,0,0,0,0,0,0,1,0,0,0,0,0,0,0,0,0,0,1,0,0,0,0,0,1,0,0,0
ORD-11743,2025-11-02,Xiao Jackson,Premium Notebook Set A5,-0.5760348509067311,-0.6192301288458926,-1.180873133858159,-0.5067337978332355,-0.9559997535903386,-0.44130082183763086,0.6678543434489083,-0.5881146896042011,-0.18706998163060687,0,2,3,1,2,2025,11,4,1,0,0,0,0,1,0,0,0,0,0,0,0,0,0,0,0,1,0,0,0,0,0,0,0,0,0,1,0,1,0,0,0,0,1,0,0,0
ORD-10858,2025-11-03,Hans Sato,Wireless Bluetooth Headphones,0.5335025826214829,2.2104665545443614,2.2629097003738594,1.8038999122903823,0.8096464504478104,1.105385555513411,0.17237134069744106,1.6466467260933038,-0.6650320121442496,1,1,1,3,0,2025,11,4,0,1,0,1,0,0,0,0,0,0,0,0,0,0,0,0,0,0,0,0,0,0,1,0,0,0,0,0,1,0,0,0,1,0,0,0,0,0
ORD-11256,2025-11-03,Ivan Sato,Corner L-Shaped Desk,-0.5760348509067311,2.831468759340618,0.8853965666810519,0.6903490576576626,-0.8334386287981025,0.44302891105010106,0.27583563823730667,2.5656513743560367,-0.6699832762724985,1,2,1,0,0,2025,11,4,0,0,0,1,0,0,0,0,0,0,0,0,0,0,0,0,0,0,0,0,0,0,1,0,0,0,1,0,0,0,0,0,1,0,0,0,0,0
ORD-11940,2025-11-03,Hanna Hassan,Portable External SSD 1TB,0.9033483937975542,0.46928937350920324,0.19663999983464828,0.9271929999970174,1.5737384628244067,0.9567006666080906,0.5489957040605505,0.4486757440377309,-0.6089176853574269,1,1,1,2,0,2025,11,4,0,0,1,1,0,0,0,0,0,0,0,0,1,0,0,0,0,0,0,0,0,0,0,0,0,0,0,0,1,0,0,1,1,0,0,0,0,0
ORD-11987,2025-11-04,Hanna Ferrari,Tablet Stand Holder,-0.9458806620828024,-0.3122603143710574,0.8853965666810519,-0.525505621500269,-0.7625829785275913,-0.5364736920464642,-0.2264495155634941,-0.35323192460825453,-0.012455400041023346,0,2,2,0,1,2025,11,4,0,0,0,1,0,0,0,0,0,0,0,0,0,0,0,1,0,0,0,0,0,0,0,0,0,0,0,0,1,0,0,1,0,0,0,0,1,0
ORD-11474,2025-11-05,Fatima Smith,Ballpoint Pen Pack 12,1.2731942049736253,-0.7613644677584396,-1.180873133858159,-0.3962467131300548,1.7518350972881245,-0.3750651573912998,0.38252200732685665,-0.7433715084607594,0.07666735426745973,0,1,0,1,2,2025,11,4,0,0,1,0,0,0,0,1,0,0,0,0,0,0,0,0,0,0,0,0,0,0,0,0,0,0,0,1,0,0,0,1,0,0,0,0,0,1
ORD-10971,2025-11-06,Priya Costa,Monitor Riser Wood,-0.9458806620828024,0.07239783441622583,-1.180873133858159,-0.4267051735368711,-1.1092011595806335,-0.39927643758957454,0.39362025377576965,0.16736747065255608,-0.42902175536437764,0,2,2,1,2,2025,11,4,0,1,0,0,0,1,0,0,0,1,0,0,0,0,0,0,0,0,0,0,0,0,0,0,0,0,1,0,0,0,1,0,0,0,0,1,0,0
ORD-11413,2025-11-06,Mary Rossi,Webcam HD 1080p,-0.5760348509067311,-0.4062177966158201,-1.180873133858159,-0.4184173349540722,0.43047297062183065,-0.4186163791293374,0.2350227319413043,-0.3554361030480992,-0.11775228383511997,0,2,3,1,2,2025,11,4,0,0,0,0,1,0,0,0,0,0,0,0,0,0,0,0,0,0,0,0,1,0,0,0,0,0,0,0,1,0,1,0,0,0,0,1,0,0
ORD-11492,2025-11-06,Hans Wang,Sticky Notes Multicolor 6-Pack,-0.9458806620828024,-0.8259365897843705,0.8853965666810519,-0.6160182308808682,-1.1379264232038138,-0.6053994987370479,-2.7754661193138155,-0.830161034529643,2.7236131572294076,0,2,0,0,1,2025,11,4,0,1,0,0,0,1,0,0,0,0,0,0,0,0,0,0,0,1,0,0,0,0,0,0,0,0,0,1,0,0,1,0,0,0,0,1,0,0
ORD-11741,2025-11-07,William Ali,Folding Table Portable,0.16365677144541152,0.36259403125541895,-1.180873133858159,0.43410582122229247,1.106474174554007,0.4741473132268625,0.5518597676602699,0.4843558825327164,-0.5749190050101166,1,1,1,1,0,2025,11,4,0,0,1,0,0,0,0,0,0,0,1,0,0,0,0,0,0,0,0,0,0,0,0,0,0,0,1,0,0,0,1,0,0,0,0,0,0,0
ORD-10139,2025-11-08,Olivia Leroy,Ergonomic Office Chair,-0.9458806620828024,1.166970973211253,-0.4921165670117554,-0.22147005405746534,-0.4695852895711523,-0.23146972678591707,0.364979617778575,1.2487925177013426,-0.5069216443154962,1,2,1,1,2,2025,11,4,1,0,1,0,0,0,0,0,0,0,1,0,0,0,0,0,0,0,0,0,0,0,0,0,0,0,1,0,0,0,0,1,0,1,0,0,0,0
ORD-11028,2025-11-08,Ayumi Singh,Business Casual Blazer,0.9033483937975542,0.7043722552598577,-1.180873133858159,1.3929852151110422,-0.002321001300752526,2.146397897492079,1.0140480310649984,0.8576886057814058,-0.6709735290981484,1,1,1,1,0,2025,11,4,1,0,0,0,0,0,0,0,0,0,0,0,0,0,1,0,0,0,0,0,0,0,0,0,0,0,0,0,0,0,1,0,0,1,0,0,0,0
ORD-11543,2025-11-08,James Rossi,Monitor Riser Wood,0.5335025826214829,-0.005290499896222164,-0.4921165670117554,0.2720092937353733,0.9877430849115282,0.21880191966427806,0.4158167466735954,0.03222378005958052,-0.5537936113962539,1,1,2,1,0,2025,11,4,1,0,0,1,0,0,0,0,0,0,0,0,1,0,0,0,0,0,0,0,0,0,0,0,0,0,1,0,0,0,1,0,0,1,0,0,0,0
ORD-11674,2025-11-08,Mary Fischer,Cotton Formal Shirt,-0.2061890397306598,-0.24819266204845414,-0.4921165670117554,-0.2336795828213994,0.10683500046733267,-0.1488023826855018,0.6642742639492588,-0.2197413678451623,-0.4352933565934931,1,2,2,1,2,2025,11,4,1,0,0,0,1,0,0,0,0,0,0,0,0,0,0,0,0,0,0,1,0,0,0,0,0,0,0,0,0,0,1,0,0,1,0,0,0,0
ORD-11926,2025-11-08,Susan Yamamoto,Mesh Back Task Chair,-0.9458806620828024,2.51365284624424,0.19663999983464828,0.008105689146185846,-0.7242826270300177,-0.049121706553866426,0.343857148730644,2.4584731977185905,-0.6029761684035281,1,2,1,2,0,2025,11,4,1,0,1,1,0,0,0,0,0,0,0,0,0,0,0,0,0,0,0,0,0,0,0,0,1,0,1,0,0,0,1,0,0,1,0,0,0,0
ORD-10839,2025-11-09,Olga Robinson,Wireless Bluetooth Headphones,-0.5760348509067311,1.1773126021294682,0.8853965666810519,0.10740288453252768,-0.2646784090591328,0.06582734447758165,0.40149642867499813,1.02989004639427,-0.5914232187709468,1,2,1,0,0,2025,11,4,1,1,0,0,0,0,0,0,0,0,1,0,0,0,0,0,0,0,0,0,0,0,0,0,0,0,0,0,1,0,0,1,0,0,1,0,0,0
ORD-11556,2025-11-09,Susan Jackson,Standing Desk Converter,-0.2061890397306598,2.401786689531348,-0.4921165670117554,1.3319637158925792,-0.8142884530493157,1.3731637686372715,0.5611679743593581,2.5301089970135417,-0.6878078271341953,1,2,1,1,0,2025,11,4,1,1,0,1,0,0,0,0,0,0,0,0,0,0,0,0,0,0,0,0,0,0,0,0,1,0,1,0,0,0,0,0,0,0,1,0,0,0
ORD-11145,2025-11-10,Marco Sato,Floating Wall Shelves Set,0.16365677144541152,0.06407408431132072,-1.180873133858159,0.18656873698904233,-0.5098006586436046,0.2601719449880567,0.5987588091056762,0.15827523458819692,-0.6181600450634918,1,1,2,1,0,2025,11,4,0,0,0,1,0,0,0,0,0,0,0,0,0,1,0,0,0,0,0,0,0,0,0,0,0,0,1,0,0,0,1,0,1,0,0,0,0,0
ORD-11348,2025-11-11,Liam Sharma,Highlighters Neon Pack 6,0.5335025826214829,-0.8395572717742151,0.8853965666810519,-0.5583170960157664,0.9762529794622563,-0.6101254243012758,-1.2746967930608175,-0.8426972994062594,1.3422104654479199,0,1,0,0,1,2025,11,4,0,0,0,0,0,0,1,0,0,0,0,1,0,0,0,0,0,0,0,0,0,0,0,0,0,0,0,1,0,0,1,0,0,0,0,0,1,0
ORD-11970,2025-11-11,Sophie Zhang,Paper Clips Box 500pc,-0.5760348509067311,-0.8297201125593273,-1.180873133858159,-0.5940044766640962,-1.28921281161923,-0.5621391031875782,-0.21320322141479153,-0.8180380531104973,0.6249373354022392,0,2,0,1,1,2025,11,4,0,0,0,0,0,1,0,0,0,0,0,0,0,0,0,0,0,1,0,0,0,0,0,0,0,0,0,1,0,0,1,0,0,0,0,0,1,0
ORD-10831,2025-11-12,Karen Romano,Tape Dispenser Heavy Duty,0.16365677144541152,-0.6559302997629745,1.5741531335274555,-0.45507206584708193,0.21599100223541753,-0.4626038401502268,0.11330002895322719,-0.68688943593974,-0.04678416466355014,0,1,3,0,2,2025,11,4,0,0,0,0,0,0,0,0,0,0,0,0,0,0,1,0,0,0,0,0,0,0,0,0,0,0,0,1,0,0,0,1,0,0,0,0,0,1
ORD-10565,2025-11-13,Thomas Laurent,Tape Dispenser Heavy Duty,0.16365677144541152,-0.7508967214143922,-1.180873133858159,-0.4892169150241652,0.23322616040932567,-0.45962287171740623,0.3363389817813804,-0.7319373328040653,0.11924822577040174,0,1,0,1,2,2025,11,4,0,0,1,0,0,1,0,0,0,0,0,0,0,0,0,0,0,0,0,0,0,0,0,0,0,1,0,1,0,0,0,1,0,0,0,1,0,0
ORD-10678,2025-11-13,Raj Patel,Binder Clips Assorted 48pc,-0.5760348509067311,-0.7477437857685949,0.8853965666810519,-0.5710233722026442,-1.0306854390106075,-0.5505787621920056,-0.16021804481998153,-0.7574231460147691,0.3139979481481981,0,2,0,0,1,2025,11,4,0,1,0,0,0,1,0,0,0,1,0,0,0,0,0,0,0,0,0,0,0,0,0,0,0,0,0,1,0,1,0,0,0,0,0,1,0,0
ORD-10758,2025-11-14,Jessica Thomas,Sticky Notes Multicolor 6-Pack,-0.9458806620828024,-0.7540496570601897,-0.4921165670117554,-0.5998085781321763,-0.9081243142183715,-0.5876591012344082,-1.1035689929775796,-0.7447491199856623,1.368617207465248,0,2,0,1,1,2025,11,4,0,1,0,1,0,0,0,0,0,0,0,0,0,0,0,0,0,0,0,0,0,0,1,0,0,0,0,1,0,0,1,0,0,0,0,0,0,0
ORD-11787,2025-11-15,Omar Nilsson,Smart LED Desk Lamp,-0.2061890397306598,0.006186185854480344,-0.4921165670117554,-0.08337427047909325,-0.1746725830398344,-0.020620740074215865,0.5869445467568333,0.04420900032623573,-0.5376194819106405,1,2,2,1,0,2025,11,4,1,1,0,0,0,1,0,0,0,1,0,0,0,0,0,0,0,0,0,0,0,0,0,0,0,0,0,0,1,1,0,0,0,1,0,0,0,0
ORD-10086,2025-11-17,Joseph Zhang,Highlighters Neon Pack 6,2.012885827325768,-0.810802498684543,-1.180873133858159,-0.4207180598603381,2.4316663363700584,-0.4383198534048102,0.12618831515196474,-0.7973738802369535,0.31300769532254824,0,0,0,1,2,2025,11,4,0,0,0,1,0,0,0,0,0,0,0,0,1,0,0,0,0,0,0,0,0,0,0,0,0,0,0,1,0,1,0,0,1,0,0,0,0,0
ORD-10682,2025-11-17,Clara Fischer,Desk Calendar 2025,-0.2061890397306598,-0.8239187109710602,-0.4921165670117554,-0.573820844531854,-0.1708425478900771,-0.577625597728817,-0.7179944308653469,-0.8172114861955555,1.0131164430569655,0,2,0,1,1,2025,11,4,0,1,0,0,0,1,0,0,0,0,0,0,0,0,0,0,0,1,0,0,0,0,0,0,0,0,0,1,0,0,0,1,1,0,0,0,0,0
ORD-11102,2025-11-17,William Sato,Wireless Ergonomic Mouse,1.2731942049736253,-0.39726345938175545,-0.4921165670117554,0.09383383650580009,-0.404474692025277,0.19553582457884894,0.6517439857004862,-0.37444714209175933,-0.5976948200000624,1,1,3,1,0,2025,11,4,0,1,0,1,0,0,0,0,0,0,0,0,0,0,0,1,0,0,0,0,0,0,0,0,0,0,0,0,1,0,0,1,1,0,0,0,0,0
ORD-11407,2025-11-17,Emma Thompson,Premium Notebook Set A5,-0.2061890397306598,-0.7095302057415303,2.951666267220263,-0.5397021399559783,-0.13445721396738217,-0.5731177918060151,-0.6557010475714485,-0.7572853848622788,0.39750926977799894,0,2,0,3,1,2025,11,4,0,1,0,0,0,1,0,0,0,0,0,0,0,0,0,0,0,1,0,0,0,0,0,0,0,0,0,1,0,0,0,1,1,0,0,0,0,0
ORD-10303,2025-11-18,Diego Williams,Laptop Stand Adjustable,2.012885827325768,-0.49336493786566027,-0.4921165670117554,0.13129905003624442,0.13939029924027033,0.21880191966427806,0.6241773735531865,-0.47418621649473025,-0.5719482465331672,1,0,3,1,0,2025,11,4,0,0,0,0,0,0,0,0,0,0,0,0,0,0,1,0,0,0,0,0,0,0,0,0,0,0,0,0,1,0,1,0,0,0,0,0,1,0
ORD-10773,2025-11-18,Susan Ali,Canvas Messenger Bag,0.16365677144541152,-0.028748341100954842,0.8853965666810519,-0.0018554039138974205,-0.2014828290881361,0.05950187487623069,0.5819324354573244,-0.0899703621993079,-0.5636961396527521,1,1,2,0,0,2025,11,4,0,0,0,0,0,0,0,0,0,0,0,0,0,0,0,0,0,0,0,0,0,1,0,0,0,0,0,0,0,0,1,0,0,0,0,0,1,0
ORD-10902,2025-11-18,Olga Davis,Filing Cabinet 3-Drawer,-0.9458806620828024,1.572564614686631,0.19663999983464828,-0.1674814525638382,-0.5691662034648439,-0.2178008959232275,0.2772676700371665,1.533269297593794,-0.5419105774884563,1,2,1,2,2,2025,11,4,0,1,0,0,0,0,0,0,0,0,0,0,0,0,1,0,0,0,0,0,0,0,0,0,0,0,1,0,0,1,0,0,0,0,0,0,1,0
ORD-11222,2025-11-18,Fatima Fischer,Mesh Back Task Chair,-0.5760348509067311,2.6132856126514383,2.951666267220263,0.3934248217433173,-1.2317622843728695,-0.21663759116895603,-0.264040350309812,1.7834435505161632,-0.6713036133733651,1,2,1,3,2,2025,11,4,0,1,0,0,0,1,0,0,0,0,0,0,0,0,0,0,0,1,0,0,0,0,0,0,0,0,1,0,0,1,0,0,0,0,0,0,1,0
ORD-10062,2025-11-19,Liam Martin,Business Casual Blazer,-0.2061890397306598,0.4919905101589445,-0.4921165670117554,0.20364116157758405,-0.05211145824759834,0.4332862337330776,0.8379081196822513,0.5482770572882115,-0.5957143143487627,1,2,1,1,0,2025,11,4,0,0,0,0,0,0,1,0,0,0,0,0,0,0,0,0,0,0,0,0,0,0,0,0,0,0,0,0,0,0,1,0,0,0,0,0,0,1
ORD-11274,2025-11-19,Kenji Hassan,Filing Cabinet 3-Drawer,-0.5760348509067311,1.4507351813330194,-1.180873133858159,0.3514888814063789,0.08576980714366689,0.4209988272660854,0.588734586506658,1.6729591062189497,-0.6089176853574269,1,2,1,1,0,2025,11,4,0,1,0,0,0,0,0,0,0,0,0,0,0,0,1,0,0,0,0,0,0,0,0,0,0,0,1,0,0,0,0,0,0,0,0,0,0,1
ORD-11131,2025-11-20,Xiao Ferrari,Tablet Stand Holder,-0.5760348509067311,-0.6227614167691857,-0.4921165670117554,-0.5144725997906755,-1.063240737783545,-0.4917591655541552,0.21175221519358373,-0.6085033401727642,-0.1926814143092892,0,2,3,1,1,2025,11,4,0,0,1,0,0,1,0,0,0,0,0,0,0,0,0,0,0,1,0,0,0,0,0,0,0,0,0,0,1,0,1,0,0,0,0,1,0,0
ORD-11367,2025-11-20,Jamal Park,Leather Wallet Minimalist,-0.5760348509067311,-0.6081317953726858,-0.4921165670117554,-0.5086946429238031,-0.00998107160026745,-0.5066640077182581,0.015205850662835642,-0.5932118522463419,0.16314943437421003,0,2,3,1,1,2025,11,4,0,0,0,0,1,0,0,0,0,0,0,0,0,0,0,0,0,0,0,0,0,0,0,1,0,0,0,0,0,0,0,0,0,0,0,1,0,0
ORD-11896,2025-11-20,Noah Thomas,Highlighters Neon Pack 6,-0.5760348509067311,-0.8352692792959309,0.19663999983464828,-0.6000177349418367,-0.404474692025277,-0.6095437719241401,-1.949183770794751,-0.8338805856468807,2.0611340168696834,0,2,0,2,1,2025,11,4,0,1,0,0,0,0,0,0,0,0,0,0,0,0,1,0,0,0,0,0,0,0,0,0,0,0,0,1,0,0,0,1,0,0,0,1,0,0
ORD-10749,2025-11-21,Jessica Hassan,Tape Dispenser Heavy Duty,1.2731942049736253,-0.7631301117200862,-0.4921165670117554,-0.41054780999059426,2.362725703674425,-0.43482993914199586,0.10792990970375324,-0.7541168783550021,0.2516120201322599,0,1,0,1,2,2025,11,4,0,0,1,0,0,0,1,0,0,0,0,0,0,0,0,0,0,0,0,0,0,0,0,0,0,0,0,1,0,0,0,0,0,0,0,0,0,0
ORD-10414,2025-11-23,Layla Park,Desk Calendar 2025,-0.9458806620828024,-0.8129464949236851,-0.4921165670117554,-0.6113906364671287,-0.32021391873061456,-0.6269206366910699,-3.600316436033021,-0.8057773105388614,3.671285111376278,0,2,0,1,1,2025,11,4,1,0,0,0,0,0,0,0,0,0,0,0,0,0,0,0,1,0,0,0,0,0,0,0,0,0,0,1,0,0,1,0,0,0,1,0,0,0
ORD-10921,2025-11-24,Christopher Romano,Folding Table Portable,2.7525774496779105,0.6012082009293666,0.19663999983464828,2.498431243369416,2.397196020022242,2.140799493362148,0.4007804127750683,0.5783089885310951,-0.6557896524381847,1,0,1,2,0,2025,11,4,0,0,0,1,0,0,0,0,0,0,0,0,0,0,0,0,0,0,0,0,0,0,1,0,0,0,1,0,0,0,0,1,1,0,0,0,0,0
ORD-11805,2025-11-24,Joseph Martin,Desk Organizer Set,-0.9458806620828024,-0.6144376666642806,0.8853965666810519,-0.5787360295588767,-0.5404409398416636,-0.6061265642084677,-1.389259337049596,-0.6337136310784875,0.8645785192094937,0,2,3,0,1,2025,11,4,0,1,0,0,0,0,0,0,0,0,0,0,0,0,0,0,0,0,0,0,0,1,0,0,0,0,1,0,0,0,0,1,1,0,0,0,0,0
ORD-10013,2025-11-25,Layla Yamamoto,Filing Cabinet 3-Drawer,-0.5760348509067311,0.5658953216964356,0.19663999983464828,-0.0771779999928997,-0.37957946355185396,-0.1413136083298793,0.2930200198356235,0.5435931781035416,-0.5564342855979869,1,2,1,2,2,2025,11,4,0,0,1,0,0,0,0,1,0,0,0,0,0,0,0,0,0,0,0,0,0,0,0,0,0,0,1,0,0,0,1,0,0,0,0,0,1,0
ORD-10333,2025-11-26,Clara Hassan,Laptop Stand Adjustable,-0.2061890397306598,0.02800450052339843,0.8853965666810519,-0.12975479302131812,-0.2014828290881361,-0.16937833552667816,0.3266727671323272,-0.037207840795526366,-0.5227656895258932,1,2,2,0,2,2025,11,4,0,1,0,1,0,0,0,0,0,0,0,0,0,1,0,0,0,0,0,0,0,0,0,0,0,0,0,0,1,0,0,1,0,0,0,0,0,1
ORD-11183,2025-11-26,Sarah Nilsson,Wireless Ergonomic Mouse,0.16365677144541152,-0.6275538789507978,0.19663999983464828,-0.411593594038897,0.7656010462256004,-0.46049535028310984,-0.03742131798200957,-0.629718557656269,-0.06823964255262936,0,1,3,2,2,2025,11,4,0,1,0,0,0,0,0,0,0,0,0,0,0,0,0,0,1,0,0,0,0,0,0,0,0,0,0,0,1,0,1,0,0,0,0,0,0,1
ORD-11710,2025-11-26,Felix Singh,Business Casual Blazer,-0.9458806620828024,-0.3502216595464581,-1.180873133858159,-0.5143157321834301,-0.3336190417547654,-0.4930678834027105,0.1963578733450916,-0.29427015134240986,0.08293895549657525,0,2,3,1,1,2025,11,4,0,0,0,0,0,0,0,0,0,0,0,0,0,0,0,0,1,0,0,0,0,0,0,0,0,0,0,0,0,0,1,0,0,0,0,0,0,1
ORD-10130,2025-11-27,Thomas Suzuki,USB-C Hub Multiport Adapter,1.6430400161496967,-0.5806381965413324,-0.4921165670117554,-0.09119150624015591,3.304914350514739,-0.16196226771819766,0.27010751103786773,-0.5648330548333419,-0.24582498261916244,1,0,3,1,2,2025,11,4,0,1,0,0,1,0,0,0,0,0,0,0,0,0,0,0,0,0,0,0,0,0,0,1,0,0,0,0,1,0,0,1,0,0,0,1,0,0
ORD-10593,2025-11-27,Emma Suzuki,Desk Organizer Set,-0.9458806620828024,-0.4420351455520785,0.19663999983464828,-0.5433623841250377,-1.0172803159864565,-0.5492700443434503,-0.31237142355507796,-0.44732279175912343,0.0014081395180740816,0,2,3,2,1,2025,11,4,0,0,1,1,0,0,0,0,0,0,0,0,0,0,0,0,0,0,0,0,0,0,0,0,1,0,1,0,0,1,0,0,0,0,0,1,0,0
ORD-10060,2025-11-28,Raj Rossi,Paper Clips Box 500pc,-0.2061890397306598,-0.8709605108063574,0.19663999983464828,-0.6032858100927827,0.10491998289245369,-0.6333915193867049,-3.101253353781905,-0.869009679531905,3.1246655516175816,0,2,0,2,1,2025,11,4,0,0,0,0,0,0,0,1,0,0,0,0,0,0,0,0,0,0,0,0,0,0,0,0,0,0,0,1,0,0,1,0,0,0,0,0,0,0
ORD-10190,2025-11-28,Olga Miller,Stapler Full-Size,-0.5760348509067311,-0.8003347523404956,-0.4921165670117554,-0.5844094080209189,-0.8008833300251649,-0.5691916382603489,-0.49710352573698335,-0.7926900010522836,0.8094544452483208,0,2,0,1,1,2025,11,4,0,0,0,0,0,1,0,0,0,0,0,0,0,0,0,0,0,1,0,0,0,0,0,0,0,0,0,1,0,0,0,1,0,0,0,0,0,0
ORD-11163,2025-11-28,Jessica Pereira,Highlighters Neon Pack 6,0.9033483937975542,-0.7907498279772714,-1.180873133858159,-0.4666802687832419,0.91305739949126,-0.4509707926075123,0.26079930433877957,-0.7754698569909972,0.18856592356588853,0,1,0,1,2,2025,11,4,0,0,0,0,0,0,1,0,0,0,0,0,0,0,0,0,0,0,0,0,0,0,0,0,0,0,0,1,0,0,1,0,0,0,0,0,0,0
ORD-10933,2025-11-29,Raj White,Whiteboard Markers Set 8,-0.5760348509067311,-0.758337649538474,-0.4921165670117554,-0.5678598754565286,-0.6189566604116897,-0.551887480040561,-0.21284521346482663,-0.7491574768653516,0.5470374464511206,0,2,0,1,1,2025,11,4,1,0,1,1,0,0,0,0,0,0,0,0,1,0,0,0,0,0,0,0,0,0,0,0,0,0,0,1,0,0,0,0,0,1,0,0,0,0
ORD-11172,2025-11-29,Kenji Wang,Tablet Stand Holder,3.492269072030053,-0.5291822868019187,0.19663999983464828,0.3261547628362458,4.9269342364369875,0.1793222645661905,0.2987481470350624,-0.5330102286080846,-0.37818877698102066,1,0,3,2,0,2025,11,4,1,0,0,0,0,0,0,0,0,0,1,0,0,0,0,0,0,0,0,0,0,0,0,0,0,0,0,0,1,1,0,0,0,1,0,0,0,0
ORD-10957,2025-11-30,Omar Ali,Monitor Riser Wood,-0.9458806620828024,-0.0824743645053425,0.19663999983464828,-0.4762753374264193,-0.7817331542763781,-0.49597614528838924,-0.048161556480957456,-0.09382767446903607,-0.24153388704134654,0,2,2,2,1,2025,11,4,1,1,0,1,0,0,0,0,0,0,0,0,0,0,0,0,0,0,0,0,0,0,1,0,0,0,1,0,0,0,0,1,0,0,1,0,0,0
ORD-11123,2025-12-01,Emma Laurent,Stapler Full-Size,-0.9458806620828024,-0.7088996186123707,0.8853965666810519,-0.5953901405280972,-0.48490543017018184,-0.603145595775647,-1.5825836300306597,-0.7214674852148031,1.6267431106846322,0,2,0,0,1,2025,12,4,0,0,0,0,0,0,0,0,0,0,0,0,0,0,0,0,0,0,0,0,0,1,0,0,0,0,0,1,0,0,1,0,1,0,0,0,0,0
ORD-11889,2025-12-01,Mary Yamamoto,Ergonomic Office Chair,3.1224232608539815,1.4649864504520236,0.8853965666810519,4.41979798611356,4.195397522833329,3.30250470359648,0.2718975507876924,1.2970089210729445,-0.666352349245116,1,0,1,0,0,2025,12,4,0,0,0,0,0,0,0,0,0,0,1,0,0,0,0,0,0,0,0,0,0,0,0,0,0,0,1,0,0,0,1,0,1,0,0,0,0,0
ORD-10472,2025-12-02,Joseph Chen,Business Casual Blazer,2.3827316385018396,-0.013614250001127268,-0.4921165670117554,1.1610826023999175,-0.050196440672719694,1.694454000457619,0.9134477971248521,0.023682588605182398,-0.6650320121442496,1,0,2,1,0,2025,12,4,0,0,0,0,0,1,0,0,0,0,0,0,0,0,0,0,0,0,0,0,0,0,0,0,0,1,0,0,0,0,1,0,0,0,0,0,1,0
ORD-11151,2025-12-02,James Khan,Ballpoint Pen Pack 12,-0.2061890397306598,-0.764517403404237,0.19663999983464828,-0.5437022639407362,-0.592146414363388,-0.52411357903233,0.050290629759399075,-0.7643112036392837,0.21761333978494965,0,2,0,2,1,2025,12,4,0,0,1,0,0,1,0,0,0,0,0,0,0,0,0,0,0,0,0,0,0,0,0,0,0,1,0,1,0,0,0,0,0,0,0,0,1,0
ORD-11843,2025-12-02,Xiao Romano,Desk Organizer Set,0.16365677144541152,-0.49386940756898784,0.19663999983464828,-0.311825795830819,1.1409444909018231,-0.4165805958093624,-0.07214808912860801,-0.4982944181805312,-0.21974832487705068,1,1,3,2,2,2025,12,4,0,1,0,0,0,0,0,0,0,0,0,0,0,0,1,0,0,0,0,0,0,0,0,0,0,0,1,0,0,0,0,1,0,0,0,0,1,0
ORD-11927,2025-12-02,Pierre Suzuki,Desk Calendar 2025,-0.5760348509067311,-0.7679225739016983,0.19663999983464828,-0.5748927731813642,-0.22254802241180158,-0.5815517512744831,-0.8046323547568607,-0.7676174712990507,1.0048643361765504,0,2,0,2,1,2025,12,4,0,1,0,0,0,0,1,0,0,0,0,1,0,0,0,0,0,0,0,0,0,0,0,0,0,0,0,1,0,0,0,1,0,0,0,0,1,0
ORD-11648,2025-12-03,Lucas Clark,Floating Wall Shelves Set,-0.9458806620828024,-0.4060916791899881,-0.4921165670117554,-0.5312835783671415,0.020659209597791564,-0.5675193876760838,-0.5901855927278659,-0.3836771393086089,0.3734131176871867,0,2,3,1,1,2025,12,4,0,0,1,0,1,0,0,0,0,0,0,0,0,0,0,0,0,0,0,0,1,0,0,0,0,0,1,0,0,0,0,1,0,0,0,0,0,1
ORD-10518,2025-12-04,Sarah Harris,Stapler Full-Size,1.6430400161496967,-0.6807754326518579,-1.180873133858159,-0.22871210859196153,2.728494060476254,-0.15592762430541443,0.6245353815031514,-0.6553421320194632,-0.14679970005418122,1,0,3,1,2,2025,12,4,0,0,0,0,0,0,0,0,0,0,0,0,0,0,0,0,1,0,0,0,0,0,0,0,0,0,0,1,0,0,1,0,0,0,0,1,0,0
ORD-11251,2025-12-04,Joseph Fischer,Wool Blend Scarf,-0.5760348509067311,-0.4053349746349968,-1.180873133858159,-0.4180513105371662,-0.6802372228078079,-0.3460552450816554,0.6671383275489783,-0.3544717749806672,-0.3511218664132591,0,2,3,1,2,2025,12,4,0,1,0,0,0,1,0,0,0,0,0,0,0,0,0,0,0,0,0,0,0,0,0,0,0,1,0,0,0,0,1,0,0,0,0,1,0,0
ORD-10327,2025-12-06,Oscar Martin,Wireless Bluetooth Headphones,-0.9458806620828024,0.6123065344025733,0.8853965666810519,-0.3625724667747077,-0.49448051804457505,-0.38669820493401436,0.19062974614565267,0.5052955777112406,-0.39700358066836705,0,2,1,0,2,2025,12,4,1,0,0,0,0,0,0,0,0,0,0,0,0,0,0,0,1,0,0,0,0,0,0,0,0,0,0,0,1,0,1,0,0,1,0,0,0,0
ORD-10572,2025-12-06,Oscar Davis,Webcam HD 1080p,-0.5760348509067311,-0.31566548486851864,-1.180873133858159,-0.38087368762000506,-0.5346958871170276,-0.3350038499160766,0.519639052163426,-0.2565235955600701,-0.38016928263232025,0,2,2,1,2,2025,12,4,1,0,0,0,0,0,0,0,0,0,0,0,0,0,0,0,1,0,0,0,0,0,0,0,0,0,0,0,1,0,1,0,0,1,0,0,0,0
ORD-10864,2025-12-06,Olga Robinson,Desk Organizer Set,-0.9458806620828024,-0.4156766035532123,-0.4921165670117554,-0.5331659896540863,-0.006151036450510157,-0.5683918662417873,-0.5987777835270243,-0.39359594228790984,0.3819953088428186,0,2,3,1,1,2025,12,4,1,1,0,0,1,0,0,0,0,0,0,0,0,0,0,0,0,0,0,0,1,0,0,0,0,0,1,0,0,0,0,0,0,1,0,0,0,0
ORD-11604,2025-12-06,Mary Jackson,Desk Calendar 2025,-0.9458806620828024,-0.7993258129338403,0.19663999983464828,-0.6100049726031276,-1.3734735849138922,-0.5866412095744208,-1.2159834892665686,-0.7984759694568759,1.3851214212260783,0,2,0,2,1,2025,12,4,1,0,0,0,0,1,0,0,0,0,0,0,0,0,0,0,0,1,0,0,0,0,0,0,0,0,0,1,0,0,0,1,0,1,0,0,0,0
ORD-11933,2025-12-06,Maria Martin,Sports Water Bottle 750ml,-0.2061890397306598,-0.592114882292035,0.19663999983464828,-0.4472025408836041,0.6794252553560597,-0.46696623297874473,0.04778457410964453,-0.5948649860762255,0.03639707269103407,0,2,3,2,2,2025,12,4,1,0,0,0,0,0,0,0,0,0,1,0,0,0,0,0,0,0,0,0,0,0,0,0,0,0,0,0,0,0,0,1,0,1,0,0,0,0
ORD-10276,2025-12-07,Susan Weber,Wool Blend Scarf,-0.5760348509067311,-0.3364748601307815,-1.180873133858159,-0.3895014060185024,-0.9406796129913091,-0.29646937993083466,0.7670225455891945,-0.2792541857209681,-0.44321537919869164,0,2,2,1,2,2025,12,4,1,0,0,0,0,1,0,0,0,1,0,0,0,0,0,0,0,0,0,0,0,0,0,0,0,0,0,0,0,0,1,0,0,0,1,0,0,0
ORD-10353,2025-12-07,Lucas Sato,Leather Belt Classic,-0.2061890397306598,-0.5620989349440436,-1.180873133858159,-0.4078549160662148,0.21599100223541753,-0.3659041324514121,0.49135642411619634,-0.5257088875260991,-0.18905048728190646,0,2,3,1,2,2025,12,4,1,0,0,1,0,0,0,0,0,0,0,0,0,0,0,0,0,0,0,0,0,0,0,0,1,0,0,0,0,1,0,0,0,0,1,0,0,0
ORD-11374,2025-12-07,Robert Martinez,Wireless Bluetooth Headphones,0.16365677144541152,0.6927694520833231,1.5741531335274555,0.4396223320770893,-0.6476819240348701,0.28576464958202863,0.3191546001830636,0.4916572236147018,-0.6491879669338526,1,1,1,0,0,2025,12,4,1,0,0,0,0,1,0,0,0,1,0,0,0,0,0,0,0,0,0,0,0,0,0,0,0,0,0,0,1,1,0,0,0,0,1,0,0,0
ORD-11779,2025-12-07,Richard Martinez,Ballpoint Pen Pack 12,-0.9458806620828024,-0.7780119679682499,0.8853965666810519,-0.6075735246908237,-0.40255967445039803,-0.6222674176739841,-2.9426558319474396,-0.7856641822752788,2.878752766581212,0,2,0,0,1,2025,12,4,1,0,1,0,0,0,0,0,0,0,0,0,0,0,0,0,0,0,0,0,0,1,0,0,0,0,0,1,0,0,0,1,0,0,1,0,0,0
ORD-10352,2025-12-08,Chen Patel,Tape Dispenser Heavy Duty,-0.5760348509067311,-0.7575809449834827,0.19663999983464828,-0.5710233722026442,0.4438780936459815,-0.6014006386442399,-1.208465322317305,-0.7574231460147691,1.3788498199969628,0,2,0,2,1,2025,12,4,0,1,0,0,1,0,0,0,0,0,0,0,0,0,0,0,0,0,1,0,0,0,0,0,0,0,0,1,0,0,0,1,1,0,0,0,0,0
ORD-11596,2025-12-08,Richard Romano,Desk Organizer Set,0.16365677144541152,-0.2127536653896913,-1.180873133858159,-0.04298086161340124,1.487562671954866,-0.0710063772435982,0.38789212657633076,-0.14411049512799237,-0.423740406960912,1,1,2,1,0,2025,12,4,0,1,0,0,1,0,0,0,0,0,0,0,0,0,0,0,0,0,1,0,0,0,0,0,0,0,1,0,0,0,1,0,1,0,0,0,0,0
ORD-10173,2025-12-09,Olga Nilsson,Mechanical Gaming Keyboard,-0.5760348509067311,0.721902577450491,-0.4921165670117554,0.015164731472229144,-0.7127925215807455,0.11512238343983458,0.6581881287998549,0.7868793734013961,-0.6036363369539612,1,2,1,1,0,2025,12,4,0,0,1,0,0,1,0,0,0,0,0,0,0,0,0,0,0,0,0,0,0,0,0,0,0,1,0,0,1,0,1,0,0,0,0,0,1,0
ORD-10272,2025-12-09,Jennifer Clark,Bookshelf 5-Tier,1.2731942049736253,0.4370033124962378,-0.4921165670117554,1.2439348436266993,0.04555443807121464,1.250362410514491,0.5368234337617427,0.49124394015723094,-0.6653620964194661,1,1,1,1,0,2025,12,4,0,0,1,1,0,0,0,0,0,0,0,0,0,0,0,0,0,0,0,0,0,0,1,0,0,0,1,0,0,1,0,0,0,0,0,0,1,0
ORD-10888,2025-12-09,Ahmed Dubois,Tablet Stand Holder,-0.9458806620828024,-0.35640141341222104,-0.4921165670117554,-0.5214793529143037,-0.666832099783657,-0.5149525540924423,0.003391588313992792,-0.3320167071247497,0.0004178866924242319,0,2,3,1,1,2025,12,4,0,0,0,1,0,0,0,0,0,0,0,0,0,0,0,0,0,0,0,0,0,0,1,0,0,0,0,0,1,1,0,0,0,0,0,0,1,0
ORD-11404,2025-12-10,Karen Garcia,Portable External SSD 1TB,-0.9458806620828024,0.17303954023007903,2.2629097003738594,-0.46273243400089925,-0.11913707336835265,-0.5402544324978465,-0.43516815039304996,-0.022467397479065097,-0.1048789971016725,0,2,2,3,1,2025,12,4,0,1,0,0,1,0,0,0,0,0,0,0,0,0,0,0,0,0,0,0,1,0,0,0,0,0,0,0,1,0,1,0,0,0,0,0,0,1
ORD-11693,2025-12-10,Carlos Rodriguez,Bookshelf 5-Tier,-0.2061890397306598,1.5290541027746265,-1.180873133858159,0.8926559818018208,0.171945598013208,1.019664536433033,0.6309795246025202,1.7585087819154204,-0.6478676298329862,1,2,1,1,0,2025,12,4,0,1,0,0,0,0,1,0,1,0,0,0,0,0,0,0,0,0,0,0,0,0,0,0,0,0,1,0,0,0,1,0,0,0,0,0,0,1
ORD-10922,2025-12-11,Mia Tanaka,Corner L-Shaped Desk,-0.9458806620828024,4.3223028500994625,1.5741531335274555,0.2367663713075721,-0.9042942790686141,-0.032035667975504466,0.09038752015547147,3.6633322373986776,-0.64456678708082,1,2,1,0,0,2025,12,4,0,0,1,1,0,0,0,0,0,0,0,0,0,1,0,0,0,0,0,0,0,0,0,0,0,0,1,0,0,0,1,0,0,0,0,1,0,0
ORD-10963,2025-12-11,Ava Laurent,Noise Cancelling Earbuds,-0.9458806620828024,0.3113903563676691,2.2629097003738594,-0.4412154272070711,-1.2145271261989614,-0.48267084716140946,-0.08109828787773134,0.09091003102044448,-0.43133234529089387,0,2,1,3,1,2025,12,4,0,1,0,0,0,1,0,0,0,0,0,0,0,0,0,0,0,1,0,0,0,0,0,0,0,0,0,0,1,0,1,0,0,0,0,1,0,0
ORD-10155,2025-12-12,Li Kim,Desk Organizer Set,-0.2061890397306598,-0.6913692964217372,-1.180873133858159,-0.4882495647794852,0.170030580438329,-0.5163339784881397,-0.17382234691864895,-0.6669140688286477,0.09383173657872312,0,2,0,1,1,2025,12,4,0,0,0,0,0,0,0,0,0,0,0,0,0,0,0,0,1,0,0,0,0,0,0,0,0,0,1,0,0,0,0,1,0,0,0,0,0,0
ORD-11255,2025-12-14,Amina Smith,Whiteboard Markers Set 8,1.2731942049736253,-0.7679225739016983,1.5741531335274555,-0.4513072432731922,0.6506999917328796,-0.4745277138815092,0.011625771163186263,-0.784837615360337,0.046629685222748754,0,1,0,0,2,2025,12,4,1,0,0,0,0,1,0,0,0,0,0,0,0,0,0,0,0,1,0,0,0,0,0,0,0,0,0,1,0,1,0,0,0,0,1,0,0,0
ORD-10096,2025-12-15,Olga Davis,Premium Notebook Set A5,3.1224232608539815,-0.776624676284099,-1.180873133858159,-0.26479165825840484,1.3420213362640854,-0.15847235345538327,0.7469741003911584,-0.7600406079120846,-0.2596885221782598,1,0,0,1,2,2025,12,4,0,0,0,0,0,0,0,1,0,0,0,0,0,0,0,0,0,0,0,0,0,0,0,0,0,0,0,1,0,1,0,0,1,0,0,0,0,0
ORD-10760,2025-12-15,Marco Taylor,Filing Cabinet 3-Drawer,-0.2061890397306598,2.1289946974569567,0.8853965666810519,0.9808940108773615,0.40940777729816485,0.6335200645620518,0.2493430499399017,1.9134900784669981,-0.6452269556312533,1,2,1,0,0,2025,12,4,0,0,0,0,1,0,0,0,0,0,0,0,0,0,0,0,0,0,0,0,1,0,0,0,0,0,1,0,0,0,0,0,1,0,0,0,0,0
ORD-11898,2025-12-15,Xiao Johansson,Sticky Notes Multicolor 6-Pack,-0.9458806620828024,-0.80727121076125,-1.180873133858159,-0.6090637669596551,-1.2777227061699579,-0.5855506113672913,-1.139011780024108,-0.7935165679672255,1.4808458610388933,0,2,0,1,1,2025,12,4,0,0,1,0,0,1,0,0,0,0,0,0,0,0,0,0,0,1,0,0,0,0,0,0,0,0,0,1,0,1,0,0,1,0,0,0,0,0
ORD-10723,2025-12-16,Hanna Martinez,Paper Clips Box 500pc,0.16365677144541152,-0.8454847907883143,0.19663999983464828,-0.574239158151175,0.2408862307088406,-0.5982015505699934,-1.165504368321513,-0.8439371497786721,1.3385795384205372,0,1,0,2,1,2025,12,4,0,1,0,1,0,0,0,0,0,0,0,0,0,1,0,0,0,0,0,0,0,0,0,0,0,0,0,1,0,0,1,0,0,0,0,0,1,0
ORD-10943,2025-12-16,Noah Jones,Binder Clips Assorted 48pc,-0.5760348509067311,-0.7384110962570345,-1.180873133858159,-0.5561470941155383,-0.07892170429590006,-0.5501425229091539,-0.2601022628601978,-0.7182989787075263,0.6688385440060475,0,2,0,1,1,2025,12,4,0,0,0,0,0,0,0,1,0,0,0,0,0,0,0,0,0,0,0,0,0,0,0,0,0,0,0,1,0,0,1,0,0,0,0,0,1,0
ORD-11342,2025-12-16,Nadia Nilsson,Bookshelf 5-Tier,0.5335025826214829,1.3941084571344977,0.19663999983464828,1.5298260578314509,0.3174869337039881,1.3219056529021855,0.41366869897380587,1.357761589321163,-0.6676726863459823,1,1,1,2,0,2025,12,4,0,1,0,0,0,0,0,0,0,0,0,0,0,0,0,0,0,0,0,0,0,1,0,0,0,0,1,0,0,1,0,0,0,0,0,0,1,0
ORD-10142,2025-12-17,Ingrid Li,Tablet Stand Holder,-0.9458806620828024,-0.2572731167083507,-1.180873133858159,-0.49504716109345276,-0.9138693669430074,-0.4634763187159304,0.34457316463057386,-0.1927401819570652,-0.21875807205140088,0,2,2,1,2,2025,12,4,0,0,0,1,0,0,0,0,0,0,0,0,0,0,0,0,0,0,0,0,0,0,1,0,0,0,0,0,1,0,1,0,0,0,0,0,0,1
ORD-10186,2025-12-17,Sophie Khan,Noise Cancelling Earbuds,0.5335025826214829,-0.057250879338963265,-1.180873133858159,0.26581302324917977,1.5067128477036524,0.3967875470678106,0.6782365739978913,0.02574900589253685,-0.5263966165532759,1,1,2,1,0,2025,12,4,0,0,0,0,1,0,0,0,0,0,0,0,0,0,0,0,0,0,1,0,0,0,0,0,0,0,0,0,1,1,0,0,0,0,0,0,0,1
ORD-11009,2025-12-18,Kenji Johnson,USB-C Hub Multiport Adapter,2.3827316385018396,-0.5912320603112117,-1.180873133858159,0.058094166655055124,2.0678129971431076,0.11548591617554439,0.5736982526081308,-0.5575317137513565,-0.43001200819002744,1,0,3,1,0,2025,12,4,0,0,1,0,0,1,0,0,0,0,0,0,0,0,0,0,0,0,0,0,0,0,0,0,0,1,0,0,1,0,0,1,0,0,0,1,0,0
ORD-11254,2025-12-19,Barbara Williams,Cotton Formal Shirt,-0.2061890397306598,-0.23368915807778612,0.19663999983464828,-0.24659501581793777,-0.53086585196727,-0.1730863694309184,0.6295474928026604,-0.24247195800606033,-0.49965979026073093,1,2,2,2,2,2025,12,4,0,1,0,0,0,1,0,0,0,1,0,0,0,0,0,0,0,0,0,0,0,0,0,0,0,0,0,0,0,0,0,0,0,0,0,0,0,0
ORD-11692,2025-12-19,Ingrid Suzuki,Folding Table Portable,-0.5760348509067311,-0.3367270949824452,-0.4921165670117554,-0.4017893685860591,-0.31255384843109996,-0.42217899993929375,0.14695277624993092,-0.3116280565561866,-0.3059003207085843,0,2,2,1,2,2025,12,4,0,0,0,1,0,0,0,0,0,0,0,0,0,0,0,1,0,0,0,0,0,0,0,0,0,0,1,0,0,1,0,0,0,0,0,0,0,0
ORD-10268,2025-12-21,Elizabeth Fischer,Wireless Bluetooth Headphones,-0.9458806620828024,1.8941640505579662,1.5741531335274555,-0.16591277649138417,-0.9023792614937355,-0.2308153678616394,0.2382448034909888,1.5415349667432114,-0.5745889207349,1,2,1,0,2,2025,12,4,1,0,1,1,0,0,0,0,0,0,0,0,0,0,0,1,0,0,0,0,0,0,0,0,0,0,0,0,1,1,0,0,0,0,1,0,0,0
ORD-11168,2025-12-21,Pierre Robinson,Leather Wallet Minimalist,-0.9458806620828024,-0.11930065284825629,1.5741531335274555,-0.4998316231144377,-1.2930428467689874,-0.4828889668028354,0.19564185744516177,-0.21795047286278849,-0.32834605142331347,0,2,2,0,1,2025,12,4,1,0,0,0,0,1,0,0,0,0,0,0,0,0,0,0,0,1,0,0,0,0,0,0,0,0,0,0,0,0,0,1,0,0,1,0,0,0
ORD-10378,2025-12-22,Ingrid Zhang,Noise Cancelling Earbuds,-0.5760348509067311,0.7196324637855168,0.8853965666810519,-0.05390930491816452,-0.4389450083730933,-0.08591121940770122,0.375719856277523,0.6048968909617213,-0.5676571509553514,1,2,1,0,0,2025,12,4,0,1,0,0,0,0,0,0,0,0,0,0,0,0,0,0,1,0,0,0,0,0,0,0,0,0,0,0,1,0,0,1,1,0,0,0,0,0
ORD-11034,2025-12-22,Ali Jackson,Portable External SSD 1TB,-0.9458806620828024,0.1513473429869929,-1.180873133858159,-0.4103386531809337,-0.07892170429590006,-0.3891702275368413,0.37034973702804896,0.2536059521114785,-0.24252413986699634,0,2,2,1,2,2025,12,4,0,0,0,0,1,0,0,0,0,0,0,0,0,0,0,0,0,0,0,1,0,0,0,0,0,0,0,0,1,1,0,0,1,0,0,0,0,0
ORD-10077,2025-12-23,Carlos Thomas,Monitor Riser Wood,-0.5760348509067311,-0.03341468585673488,0.8853965666810519,-0.31927700717497576,-0.5691662034648439,-0.39280555489393953,0.04062441511034578,-0.09424095792650695,-0.45311790745518976,1,2,2,0,2,2025,12,4,0,0,0,1,0,0,0,0,0,0,0,0,1,0,0,0,0,0,0,0,0,0,0,0,0,0,1,0,0,0,0,0,0,0,0,0,1,0
ORD-10938,2025-12-23,Kenji Harris,Business Casual Blazer,0.5335025826214829,-0.22549152539871278,0.8853965666810519,-0.017306863227569868,0.6870853256555743,0.008098346046860707,0.5071087739146534,-0.2726416504014341,-0.4947085261324819,1,1,2,0,0,2025,12,4,0,0,0,1,0,0,0,0,0,0,0,0,1,0,0,0,0,0,0,0,0,0,0,0,0,0,0,0,0,0,0,0,0,0,0,0,1,0
ORD-11286,2025-12-23,Robert Sato,Ballpoint Pen Pack 12,-0.5760348509067311,-0.8056316842254352,0.8853965666810519,-0.5914423057457545,-0.6878972931073224,-0.590349243478661,-1.1089391122270535,-0.811287756638473,1.187731024646549,0,2,0,0,1,2025,12,4,0,0,0,0,0,1,0,0,0,1,0,0,0,0,0,0,0,0,0,0,0,0,0,0,0,0,0,1,0,0,0,1,0,0,0,0,1,0
ORD-11409,2025-12-24,Chen Taylor,Mechanical Gaming Keyboard,-0.9458806620828024,0.13331255109303183,0.8853965666810519,-0.4469933840739435,-0.34127911205428035,-0.47547289899435485,-0.011644745584534322,0.060464816320090195,-0.21116613372141899,0,2,2,0,2,2025,12,4,0,0,1,0,0,0,0,0,0,0,0,0,0,0,1,0,0,0,0,0,0,0,0,0,0,0,0,0,1,0,1,0,0,0,0,0,0,1
ORD-11612,2025-12-24,Xiao Davis,Silk Tie Collection,0.16365677144541152,-0.5429290862175955,-1.180873133858159,-0.3167671254590492,0.7636860286507222,-0.2600433998127097,0.5744142685080608,-0.5047691923475749,-0.26563003913215866,1,1,3,1,2,2025,12,4,0,0,0,0,1,0,0,0,0,0,0,0,0,0,0,0,0,0,1,0,0,0,0,0,0,0,0,0,0,0,1,0,0,0,0,0,0,1
ORD-10577,2025-12-25,Yuki Kim,Wireless Bluetooth Headphones,-0.9458806620828024,0.3536396940213544,0.8853965666810519,-0.4081686512807056,0.053214508370729226,-0.4522795104560676,-0.0005464991356214492,0.26504012776817265,-0.22073857770270047,0,2,1,0,2,2025,12,4,0,0,0,0,1,0,0,0,0,0,0,0,0,0,0,0,0,0,0,0,0,0,0,1,0,0,0,0,1,0,0,1,0,0,0,1,0,0
ORD-11570,2025-12-25,Isabella Thomas,Travel Backpack 30L,0.5335025826214829,0.18678633964575575,0.19663999983464828,0.40354278241064595,0.4745183748440405,0.5922954523325572,0.7358758539422454,0.17094926061730373,-0.5976948200000624,1,1,2,2,0,2025,12,4,0,0,1,0,0,0,0,0,0,0,0,0,0,0,0,0,0,0,0,0,0,1,0,0,0,0,0,0,0,0,0,1,0,0,0,1,0,0
ORD-10592,2025-12-27,Priya Thomas,Tape Dispenser Heavy Duty,-0.9458806620828024,-0.6346164547973839,-0.4921165670117554,-0.5762784370453654,-1.1589916165274794,-0.5436716402135189,0.0467105502597497,-0.6207640827444002,0.3087165997447324,0,2,3,1,1,2025,12,4,1,0,1,0,0,1,0,0,0,0,0,0,0,0,0,0,0,1,0,0,0,0,0,0,0,0,0,1,0,0,0,1,0,1,0,0,0,0
ORD-10419,2025-12-28,Ayumi Russo,Wireless Ergonomic Mouse,-0.9458806620828024,-0.3145304280360315,0.8853965666810519,-0.5258977905183826,-0.7664130136773486,-0.5366918116878902,-0.22752353941338888,-0.3552983418956089,-0.011465147215373495,0,2,2,0,1,2025,12,4,1,0,0,1,0,0,0,0,0,0,0,0,0,1,0,0,0,0,0,0,0,0,0,0,0,0,0,0,1,0,1,0,0,0,1,0,0,0
ORD-10766,2025-12-28,Xiao Robinson,Business Casual Blazer,-0.9458806620828024,0.04767881895317426,-0.4921165670117554,-0.44192133143967544,-0.14211728426689674,-0.41367233392368374,0.3850280629766112,0.08719047990320666,-0.1778276219245419,0,2,2,1,2,2025,12,4,1,0,0,0,0,0,1,0,1,0,0,0,0,0,0,0,0,0,0,0,0,0,0,0,0,0,0,0,0,0,0,1,0,0,1,0,0,0
ORD-10372,2025-12-29,Maria Leroy,Leather Wallet Minimalist,1.2731942049736253,-0.1469203691054415,0.19663999983464828,0.382496378438554,2.2133543328338883,0.5002489636508283,0.6492379300507316,-0.15719780461457009,-0.5181445096728607,1,1,2,2,0,2025,12,4,0,0,0,1,0,0,0,0,0,0,0,0,0,1,0,0,0,0,0,0,0,0,0,0,0,0,0,0,0,0,0,0,1,0,0,0,0,0
ORD-10675,2025-12-29,Sophie Clark,Folding Table Portable,-0.5760348509067311,0.13633936931299728,1.5741531335274555,-0.28147191382883296,0.3998326894237716,-0.44188247421476656,-0.22036338041409023,0.005360355323973684,-0.3580536361928078,1,2,2,0,2,2025,12,4,0,0,0,0,0,0,1,0,0,0,0,0,0,0,0,0,0,0,0,0,0,0,0,0,0,0,1,0,0,0,0,1,1,0,0,0,0,0
ORD-10188,2025-12-30,Elizabeth Müller,Mesh Back Task Chair,0.5335025826214829,1.6501268315732467,-0.4921165670117554,1.902099034426006,1.064343787906676,1.8860357521766988,0.5343173781119881,1.7501053516135128,-0.66305150649295,1,1,1,1,0,2025,12,4,0,0,1,1,0,0,0,0,0,0,0,0,0,0,0,1,0,0,0,0,0,0,0,0,0,0,1,0,0,0,0,1,0,0,0,0,1,0
ORD-11353,2025-12-30,Hanna Leroy,Stapler Full-Size,-0.9458806620828024,-0.7346275734820776,0.19663999983464828,-0.5979523114464389,-0.35085419992867356,-0.6087439999055785,-1.8482255289046399,-0.7349680781588517,1.967059998432951,0,2,0,2,1,2025,12,4,0,0,0,0,0,0,0,1,0,0,0,0,0,0,0,0,0,0,0,0,0,0,0,0,0,0,0,1,0,0,0,1,0,0,0,0,1,0
ORD-11814,2025-12-30,Jennifer Oliveira,Filing Cabinet 3-Drawer,-0.9458806620828024,1.3188163539128557,0.19663999983464828,-0.21482932535074312,-0.5117156762184832,-0.2638968468112339,0.247911018140042,1.2837838504338768,-0.5148436669206947,1,2,1,2,2,2025,12,4,0,0,0,0,0,0,0,0,0,0,0,0,0,0,1,0,0,0,0,0,0,0,0,0,0,0,1,0,0,0,0,1,0,0,0,0,1,0
ORD-10823,2025-12-31,Linda Nilsson,Folding Table Portable,0.5335025826214829,0.39601514910087154,-1.180873133858159,0.7356315069491696,1.1869049126989122,0.8064889402127889,0.5847964990570438,0.5208625879426436,-0.6052867583300443,1,1,1,1,0,2025,12,4,0,0,0,1,0,0,0,0,0,0,0,0,1,0,0,0,0,0,0,0,0,0,0,0,0,0,1,0,0,0,0,1,0,0,0,0,0,1
ORD-10896,2025-12-31,Ayumi Dubois,Cotton Formal Shirt,2.7525774496779105,-0.17731466873092844,-0.4921165670117554,0.9858876297080068,1.5392681464765905,1.4032642791540453,0.8583145728302525,-0.14617691241534672,-0.6141990337608926,1,0,2,1,0,2025,12,4,0,0,0,1,0,0,0,0,0,0,0,0,1,0,0,0,0,0,0,0,0,0,0,0,0,0,0,0,0,0,0,1,0,0,0,0,0,1
ORD-11148,2025-12-31,Barbara Jones,Webcam HD 1080p,0.9033483937975542,-0.5238853549169792,0.8853965666810519,-0.20954811590681452,0.4381330409213452,-0.2719672735439921,0.21139420724361885,-0.5496793280594099,-0.4164785529061467,1,1,3,0,2,2025,12,4,0,0,0,1,0,0,0,0,0,0,0,0,0,0,0,0,0,0,0,0,0,0,1,0,0,0,0,0,1,0,0,0,0,0,0,0,0,1
ORD-11519,2025-12-31,Maria Suzuki,Sports Water Bottle 750ml,0.5335025826214829,-0.8050010970962757,-0.4921165670117554,-0.5154660946365631,0.25812138888274877,-0.5257858296165953,-0.15162585402082313,-0.7976494025419342,0.3166386223499309,0,1,0,1,1,2025,12,4,0,0,1,1,0,0,0,0,0,0,0,0,0,0,0,0,0,0,0,0,0,0,1,0,0,0,0,0,0,0,1,0,0,0,0,0,0,1
ORD-11701,2025-12-31,Susan Russo,Sports Water Bottle 750ml,2.7525774496779105,-0.5682786888098067,-1.180873133858159,0.1795881284666219,4.467330018466102,0.28954539003341095,0.6563980890500304,-0.5324591839981235,-0.341219338156761,1,0,3,1,0,2025,12,4,0,0,1,0,0,0,0,0,0,0,0,0,0,0,0,0,0,0,0,0,0,1,0,0,0,0,0,0,0,0,1,0,0,0,0,0,0,1
